ano,mes,mes_nome,micro_id,micro_nome,uf,mesorregiao,lat,lon,semiarido,pct_caatinga,focos,precip,umidade,temp,indice,nivel
2022,1,Jan,22002,Litoral Piauiense,PI,Norte Piauiense,-3.495,-41.6218,True,57.0,38,204.4,79.6,26.8,0.07,BAIXO
2022,2,Fev,22002,Litoral Piauiense,PI,Norte Piauiense,-3.495,-41.6218,True,57.0,29,152.1,79.2,26.9,0.072,BAIXO
2022,3,Mar,22002,Litoral Piauiense,PI,Norte Piauiense,-3.495,-41.6218,True,57.0,3,425.7,79.6,26.8,0.07,BAIXO
2022,4,Abr,22002,Litoral Piauiense,PI,Norte Piauiense,-3.495,-41.6218,True,57.0,4,244.3,79.6,26.7,0.067,BAIXO
2022,5,Mai,22002,Litoral Piauiense,PI,Norte Piauiense,-3.495,-41.6218,True,57.0,1,186.4,81.4,26.4,0.06,BAIXO
2022,6,Jun,22002,Litoral Piauiense,PI,Norte Piauiense,-3.495,-41.6218,True,57.0,8,67.1,79.9,26.7,0.245,BAIXO
2022,7,Jul,22002,Litoral Piauiense,PI,Norte Piauiense,-3.495,-41.6218,True,57.0,24,33.4,82.0,26.3,0.307,MEDIO
2022,8,Ago,22002,Litoral Piauiense,PI,Norte Piauiense,-3.495,-41.6218,True,57.0,75,6.8,78.8,26.9,0.372,MEDIO
2022,9,Set,22002,Litoral Piauiense,PI,Norte Piauiense,-3.495,-41.6218,True,57.0,177,7.5,80.3,26.7,0.367,MEDIO
2022,10,Out,22002,Litoral Piauiense,PI,Norte Piauiense,-3.495,-41.6218,True,57.0,1102,8.1,80.0,26.7,0.367,MEDIO
2022,11,Nov,22002,Litoral Piauiense,PI,Norte Piauiense,-3.495,-41.6218,True,57.0,863,34.8,81.2,26.5,0.309,MEDIO
2022,12,Dez,22002,Litoral Piauiense,PI,Norte Piauiense,-3.495,-41.6218,True,57.0,1014,62.7,79.9,26.8,0.257,BAIXO
2023,1,Jan,22002,Litoral Piauiense,PI,Norte Piauiense,-3.495,-41.6218,True,57.0,198,201.4,79.8,27.0,0.194,BAIXO
2023,2,Fev,22002,Litoral Piauiense,PI,Norte Piauiense,-3.495,-41.6218,True,57.0,28,195.0,80.1,27.0,0.092,BAIXO
2023,3,Mar,22002,Litoral Piauiense,PI,Norte Piauiense,-3.495,-41.6218,True,57.0,10,296.3,80.1,27.0,0.081,BAIXO
2023,4,Abr,22002,Litoral Piauiense,PI,Norte Piauiense,-3.495,-41.6218,True,57.0,4,288.1,78.4,27.2,0.082,BAIXO
2023,5,Mai,22002,Litoral Piauiense,PI,Norte Piauiense,-3.495,-41.6218,True,57.0,13,78.8,77.6,27.3,0.243,BAIXO
2023,6,Jun,22002,Litoral Piauiense,PI,Norte Piauiense,-3.495,-41.6218,True,57.0,42,55.7,77.9,27.2,0.307,MEDIO
2023,7,Jul,22002,Litoral Piauiense,PI,Norte Piauiense,-3.495,-41.6218,True,57.0,240,11.4,77.8,27.4,0.526,ALTO
2023,8,Ago,22002,Litoral Piauiense,PI,Norte Piauiense,-3.495,-41.6218,True,57.0,252,2.7,78.6,27.4,0.536,ALTO
2023,9,Set,22002,Litoral Piauiense,PI,Norte Piauiense,-3.495,-41.6218,True,57.0,651,2.7,78.9,27.3,0.682,ALTO
2023,10,Out,22002,Litoral Piauiense,PI,Norte Piauiense,-3.495,-41.6218,True,57.0,2009,3.1,78.3,27.2,0.68,ALTO
2023,11,Nov,22002,Litoral Piauiense,PI,Norte Piauiense,-3.495,-41.6218,True,57.0,2597,7.0,77.0,27.3,0.682,ALTO
2023,12,Dez,22002,Litoral Piauiense,PI,Norte Piauiense,-3.495,-41.6218,True,57.0,1811,72.1,78.0,27.3,0.549,ALTO
2024,1,Jan,22002,Litoral Piauiense,PI,Norte Piauiense,-3.495,-41.6218,True,57.0,446,81.2,75.8,27.1,0.493,MEDIO
2024,2,Fev,22002,Litoral Piauiense,PI,Norte Piauiense,-3.495,-41.6218,True,57.0,72,295.8,75.1,27.3,0.126,BAIXO
2024,3,Mar,22002,Litoral Piauiense,PI,Norte Piauiense,-3.495,-41.6218,True,57.0,0,284.7,74.0,27.4,0.091,BAIXO
2024,4,Abr,22002,Litoral Piauiense,PI,Norte Piauiense,-3.495,-41.6218,True,57.0,1,287.4,75.1,27.4,0.086,BAIXO
2024,5,Mai,22002,Litoral Piauiense,PI,Norte Piauiense,-3.495,-41.6218,True,57.0,6,158.9,74.5,27.3,0.089,BAIXO
2024,6,Jun,22002,Litoral Piauiense,PI,Norte Piauiense,-3.495,-41.6218,True,57.0,108,27.0,76.4,27.2,0.408,MEDIO
2024,7,Jul,22002,Litoral Piauiense,PI,Norte Piauiense,-3.495,-41.6218,True,57.0,168,13.7,75.3,27.2,0.473,MEDIO
2024,8,Ago,22002,Litoral Piauiense,PI,Norte Piauiense,-3.495,-41.6218,True,57.0,1064,3.4,74.9,27.2,0.681,ALTO
2024,9,Set,22002,Litoral Piauiense,PI,Norte Piauiense,-3.495,-41.6218,True,57.0,888,3.1,75.4,27.3,0.682,ALTO
2024,10,Out,22002,Litoral Piauiense,PI,Norte Piauiense,-3.495,-41.6218,True,57.0,2239,8.5,75.0,27.2,0.68,ALTO
2024,11,Nov,22002,Litoral Piauiense,PI,Norte Piauiense,-3.495,-41.6218,True,57.0,2945,8.6,74.5,27.2,0.683,ALTO
2024,12,Dez,22002,Litoral Piauiense,PI,Norte Piauiense,-3.495,-41.6218,True,57.0,2485,35.5,74.4,27.2,0.629,ALTO
2022,1,Jan,22004,Campo Maior,PI,Centro-Norte Piauiense,-5.1959,-41.5952,True,32.0,9,218.7,53.5,28.1,0.237,BAIXO
2022,2,Fev,22004,Campo Maior,PI,Centro-Norte Piauiense,-5.1959,-41.5952,True,32.0,1,125.4,53.9,28.2,0.29,BAIXO
2022,3,Mar,22004,Campo Maior,PI,Centro-Norte Piauiense,-5.1959,-41.5952,True,32.0,0,308.5,53.4,27.7,0.227,BAIXO
2022,4,Abr,22004,Campo Maior,PI,Centro-Norte Piauiense,-5.1959,-41.5952,True,32.0,0,167.5,56.6,27.2,0.195,BAIXO
2022,5,Mai,22004,Campo Maior,PI,Centro-Norte Piauiense,-5.1959,-41.5952,True,32.0,3,75.6,54.8,27.9,0.383,MEDIO
2022,6,Jun,22004,Campo Maior,PI,Centro-Norte Piauiense,-5.1959,-41.5952,True,32.0,17,31.5,51.8,28.0,0.499,MEDIO
2022,7,Jul,22004,Campo Maior,PI,Centro-Norte Piauiense,-5.1959,-41.5952,True,32.0,6,16.4,48.8,28.5,0.563,ALTO
2022,8,Ago,22004,Campo Maior,PI,Centro-Norte Piauiense,-5.1959,-41.5952,True,32.0,152,4.2,50.9,27.9,0.548,ALTO
2022,9,Set,22004,Campo Maior,PI,Centro-Norte Piauiense,-5.1959,-41.5952,True,32.0,260,3.5,52.8,27.9,0.536,ALTO
2022,10,Out,22004,Campo Maior,PI,Centro-Norte Piauiense,-5.1959,-41.5952,True,32.0,1514,19.6,49.3,28.4,0.55,ALTO
2022,11,Nov,22004,Campo Maior,PI,Centro-Norte Piauiense,-5.1959,-41.5952,True,32.0,819,84.8,48.7,28.5,0.417,MEDIO
2022,12,Dez,22004,Campo Maior,PI,Centro-Norte Piauiense,-5.1959,-41.5952,True,32.0,254,115.1,47.3,28.7,0.365,MEDIO
2023,1,Jan,22004,Campo Maior,PI,Centro-Norte Piauiense,-5.1959,-41.5952,True,32.0,100,158.2,62.2,27.7,0.232,BAIXO
2023,2,Fev,22004,Campo Maior,PI,Centro-Norte Piauiense,-5.1959,-41.5952,True,32.0,5,184.4,62.2,27.6,0.173,BAIXO
2023,3,Mar,22004,Campo Maior,PI,Centro-Norte Piauiense,-5.1959,-41.5952,True,32.0,3,274.4,64.3,27.3,0.151,BAIXO
2023,4,Abr,22004,Campo Maior,PI,Centro-Norte Piauiense,-5.1959,-41.5952,True,32.0,4,203.4,61.6,27.6,0.176,BAIXO
2023,5,Mai,22004,Campo Maior,PI,Centro-Norte Piauiense,-5.1959,-41.5952,True,32.0,15,79.3,61.3,27.5,0.334,MEDIO
2023,6,Jun,22004,Campo Maior,PI,Centro-Norte Piauiense,-5.1959,-41.5952,True,32.0,20,9.3,61.8,27.5,0.482,MEDIO
2023,7,Jul,22004,Campo Maior,PI,Centro-Norte Piauiense,-5.1959,-41.5952,True,32.0,171,5.0,61.4,27.3,0.57,ALTO
2023,8,Ago,22004,Campo Maior,PI,Centro-Norte Piauiense,-5.1959,-41.5952,True,32.0,395,3.1,62.2,27.4,0.702,CRITICO
2023,9,Set,22004,Campo Maior,PI,Centro-Norte Piauiense,-5.1959,-41.5952,True,32.0,1404,2.8,61.1,27.9,0.784,CRITICO
2023,10,Out,22004,Campo Maior,PI,Centro-Norte Piauiense,-5.1959,-41.5952,True,32.0,5860,4.2,61.3,27.8,0.781,CRITICO
2023,11,Nov,22004,Campo Maior,PI,Centro-Norte Piauiense,-5.1959,-41.5952,True,32.0,2883,18.8,60.9,27.7,0.762,CRITICO
2023,12,Dez,22004,Campo Maior,PI,Centro-Norte Piauiense,-5.1959,-41.5952,True,32.0,1025,66.4,60.2,27.8,0.667,ALTO
2024,1,Jan,22004,Campo Maior,PI,Centro-Norte Piauiense,-5.1959,-41.5952,True,32.0,301,94.0,62.0,27.4,0.467,MEDIO
2024,2,Fev,22004,Campo Maior,PI,Centro-Norte Piauiense,-5.1959,-41.5952,True,32.0,29,308.4,60.2,28.0,0.21,BAIXO
2024,3,Mar,22004,Campo Maior,PI,Centro-Norte Piauiense,-5.1959,-41.5952,True,32.0,6,260.4,63.8,27.6,0.164,BAIXO
2024,4,Abr,22004,Campo Maior,PI,Centro-Norte Piauiense,-5.1959,-41.5952,True,32.0,4,286.3,61.7,27.8,0.181,BAIXO
2024,5,Mai,22004,Campo Maior,PI,Centro-Norte Piauiense,-5.1959,-41.5952,True,32.0,11,46.5,60.0,27.9,0.42,MEDIO
2024,6,Jun,22004,Campo Maior,PI,Centro-Norte Piauiense,-5.1959,-41.5952,True,32.0,34,5.0,60.4,27.9,0.509,ALTO
2024,7,Jul,22004,Campo Maior,PI,Centro-Norte Piauiense,-5.1959,-41.5952,True,32.0,217,5.2,61.9,27.7,0.605,ALTO
2024,8,Ago,22004,Campo Maior,PI,Centro-Norte Piauiense,-5.1959,-41.5952,True,32.0,502,3.2,60.5,28.1,0.793,CRITICO
2024,9,Set,22004,Campo Maior,PI,Centro-Norte Piauiense,-5.1959,-41.5952,True,32.0,1399,3.3,60.7,28.0,0.789,CRITICO
2024,10,Out,22004,Campo Maior,PI,Centro-Norte Piauiense,-5.1959,-41.5952,True,32.0,3504,7.0,63.4,27.6,0.762,CRITICO
2024,11,Nov,22004,Campo Maior,PI,Centro-Norte Piauiense,-5.1959,-41.5952,True,32.0,4431,19.7,62.0,27.7,0.753,CRITICO
2024,12,Dez,22004,Campo Maior,PI,Centro-Norte Piauiense,-5.1959,-41.5952,True,32.0,2728,40.9,64.8,27.4,0.683,ALTO
2022,1,Jan,22009,Floriano,PI,Sudoeste Piauiense,-7.3334,-43.0937,True,58.0,18,156.0,72.4,27.0,0.091,BAIXO
2022,2,Fev,22009,Floriano,PI,Sudoeste Piauiense,-7.3334,-43.0937,True,58.0,6,140.0,71.5,27.4,0.128,BAIXO
2022,3,Mar,22009,Floriano,PI,Sudoeste Piauiense,-7.3334,-43.0937,True,58.0,4,212.9,71.6,27.2,0.101,BAIXO
2022,4,Abr,22009,Floriano,PI,Sudoeste Piauiense,-7.3334,-43.0937,True,58.0,0,49.8,70.2,27.3,0.327,MEDIO
2022,5,Mai,22009,Floriano,PI,Sudoeste Piauiense,-7.3334,-43.0937,True,58.0,3,33.7,72.1,27.2,0.347,MEDIO
2022,6,Jun,22009,Floriano,PI,Sudoeste Piauiense,-7.3334,-43.0937,True,58.0,42,7.6,70.6,27.3,0.41,MEDIO
2022,7,Jul,22009,Floriano,PI,Sudoeste Piauiense,-7.3334,-43.0937,True,58.0,87,2.5,70.5,27.4,0.413,MEDIO
2022,8,Ago,22009,Floriano,PI,Sudoeste Piauiense,-7.3334,-43.0937,True,58.0,523,1.5,69.5,27.9,0.432,MEDIO
2022,9,Set,22009,Floriano,PI,Sudoeste Piauiense,-7.3334,-43.0937,True,58.0,3604,9.7,68.9,27.8,0.433,MEDIO
2022,10,Out,22009,Floriano,PI,Sudoeste Piauiense,-7.3334,-43.0937,True,58.0,8408,50.1,69.9,27.6,0.336,MEDIO
2022,11,Nov,22009,Floriano,PI,Sudoeste Piauiense,-7.3334,-43.0937,True,58.0,439,127.0,72.2,27.3,0.149,BAIXO
2022,12,Dez,22009,Floriano,PI,Sudoeste Piauiense,-7.3334,-43.0937,True,58.0,89,120.4,68.9,27.8,0.197,BAIXO
2023,1,Jan,22009,Floriano,PI,Sudoeste Piauiense,-7.3334,-43.0937,True,58.0,28,151.6,57.1,29.2,0.259,BAIXO
2023,2,Fev,22009,Floriano,PI,Sudoeste Piauiense,-7.3334,-43.0937,True,58.0,40,97.7,58.3,29.1,0.368,MEDIO
2023,3,Mar,22009,Floriano,PI,Sudoeste Piauiense,-7.3334,-43.0937,True,58.0,22,123.0,61.6,28.7,0.272,BAIXO
2023,4,Abr,22009,Floriano,PI,Sudoeste Piauiense,-7.3334,-43.0937,True,58.0,58,45.0,59.3,29.0,0.483,MEDIO
2023,5,Mai,22009,Floriano,PI,Sudoeste Piauiense,-7.3334,-43.0937,True,58.0,210,49.6,57.8,29.1,0.576,ALTO
2023,6,Jun,22009,Floriano,PI,Sudoeste Piauiense,-7.3334,-43.0937,True,58.0,1935,3.2,60.0,28.7,0.811,CRITICO
2023,7,Jul,22009,Floriano,PI,Sudoeste Piauiense,-7.3334,-43.0937,True,58.0,4826,2.2,58.0,29.2,0.836,CRITICO
2023,8,Ago,22009,Floriano,PI,Sudoeste Piauiense,-7.3334,-43.0937,True,58.0,6831,2.4,58.0,29.5,0.844,CRITICO
2023,9,Set,22009,Floriano,PI,Sudoeste Piauiense,-7.3334,-43.0937,True,58.0,13669,3.8,56.8,29.5,0.851,CRITICO
2023,10,Out,22009,Floriano,PI,Sudoeste Piauiense,-7.3334,-43.0937,True,58.0,22711,3.9,58.3,29.3,0.837,CRITICO
2023,11,Nov,22009,Floriano,PI,Sudoeste Piauiense,-7.3334,-43.0937,True,58.0,2105,93.8,60.5,29.1,0.639,ALTO
2023,12,Dez,22009,Floriano,PI,Sudoeste Piauiense,-7.3334,-43.0937,True,58.0,303,142.6,60.3,29.0,0.415,MEDIO
2024,1,Jan,22009,Floriano,PI,Sudoeste Piauiense,-7.3334,-43.0937,True,58.0,95,166.4,78.6,27.8,0.152,BAIXO
2024,2,Fev,22009,Floriano,PI,Sudoeste Piauiense,-7.3334,-43.0937,True,58.0,46,170.0,78.2,27.9,0.125,BAIXO
2024,3,Mar,22009,Floriano,PI,Sudoeste Piauiense,-7.3334,-43.0937,True,58.0,41,160.5,81.8,26.8,0.095,BAIXO
2024,4,Abr,22009,Floriano,PI,Sudoeste Piauiense,-7.3334,-43.0937,True,58.0,60,116.6,80.0,27.2,0.188,BAIXO
2024,5,Mai,22009,Floriano,PI,Sudoeste Piauiense,-7.3334,-43.0937,True,58.0,506,5.7,76.2,28.0,0.7,CRITICO
2024,6,Jun,22009,Floriano,PI,Sudoeste Piauiense,-7.3334,-43.0937,True,58.0,2142,2.5,78.2,28.3,0.708,CRITICO
2024,7,Jul,22009,Floriano,PI,Sudoeste Piauiense,-7.3334,-43.0937,True,58.0,5090,2.7,78.4,28.0,0.7,CRITICO
2024,8,Ago,22009,Floriano,PI,Sudoeste Piauiense,-7.3334,-43.0937,True,58.0,11040,1.4,78.6,27.6,0.69,ALTO
2024,9,Set,22009,Floriano,PI,Sudoeste Piauiense,-7.3334,-43.0937,True,58.0,14764,2.1,79.8,27.6,0.69,ALTO
2024,10,Out,22009,Floriano,PI,Sudoeste Piauiense,-7.3334,-43.0937,True,58.0,9385,35.0,77.9,27.8,0.641,ALTO
2024,11,Nov,22009,Floriano,PI,Sudoeste Piauiense,-7.3334,-43.0937,True,58.0,2236,83.1,82.5,26.3,0.501,ALTO
2024,12,Dez,22009,Floriano,PI,Sudoeste Piauiense,-7.3334,-43.0937,True,58.0,3420,94.0,80.2,27.0,0.495,MEDIO
2022,1,Jan,22011,São Raimundo Nonato,PI,Sudoeste Piauiense,-8.8058,-42.8767,True,100.0,11,127.3,55.2,28.0,0.272,BAIXO
2022,2,Fev,22011,São Raimundo Nonato,PI,Sudoeste Piauiense,-8.8058,-42.8767,True,100.0,10,60.4,57.3,27.7,0.395,MEDIO
2022,3,Mar,22011,São Raimundo Nonato,PI,Sudoeste Piauiense,-8.8058,-42.8767,True,100.0,4,101.6,56.5,28.0,0.319,MEDIO
2022,4,Abr,22011,São Raimundo Nonato,PI,Sudoeste Piauiense,-8.8058,-42.8767,True,100.0,14,42.7,60.3,27.4,0.407,MEDIO
2022,5,Mai,22011,São Raimundo Nonato,PI,Sudoeste Piauiense,-8.8058,-42.8767,True,100.0,9,12.6,59.2,28.0,0.493,MEDIO
2022,6,Jun,22011,São Raimundo Nonato,PI,Sudoeste Piauiense,-8.8058,-42.8767,True,100.0,78,1.0,56.2,27.9,0.515,ALTO
2022,7,Jul,22011,São Raimundo Nonato,PI,Sudoeste Piauiense,-8.8058,-42.8767,True,100.0,79,1.3,54.8,27.7,0.519,ALTO
2022,8,Ago,22011,São Raimundo Nonato,PI,Sudoeste Piauiense,-8.8058,-42.8767,True,100.0,2811,1.3,55.0,28.4,0.535,ALTO
2022,9,Set,22011,São Raimundo Nonato,PI,Sudoeste Piauiense,-8.8058,-42.8767,True,100.0,3903,11.8,51.7,28.4,0.552,ALTO
2022,10,Out,22011,São Raimundo Nonato,PI,Sudoeste Piauiense,-8.8058,-42.8767,True,100.0,8810,47.9,53.8,28.2,0.456,MEDIO
2022,11,Nov,22011,São Raimundo Nonato,PI,Sudoeste Piauiense,-8.8058,-42.8767,True,100.0,223,196.2,53.6,28.1,0.236,BAIXO
2022,12,Dez,22011,São Raimundo Nonato,PI,Sudoeste Piauiense,-8.8058,-42.8767,True,100.0,51,88.4,52.8,28.2,0.376,MEDIO
2023,1,Jan,22011,São Raimundo Nonato,PI,Sudoeste Piauiense,-8.8058,-42.8767,True,100.0,43,104.7,56.0,27.7,0.334,MEDIO
2023,2,Fev,22011,São Raimundo Nonato,PI,Sudoeste Piauiense,-8.8058,-42.8767,True,100.0,25,70.5,58.5,27.6,0.378,MEDIO
2023,3,Mar,22011,São Raimundo Nonato,PI,Sudoeste Piauiense,-8.8058,-42.8767,True,100.0,4,114.5,61.6,27.3,0.245,BAIXO
2023,4,Abr,22011,São Raimundo Nonato,PI,Sudoeste Piauiense,-8.8058,-42.8767,True,100.0,5,44.5,61.6,27.3,0.395,MEDIO
2023,5,Mai,22011,São Raimundo Nonato,PI,Sudoeste Piauiense,-8.8058,-42.8767,True,100.0,12,27.4,58.9,27.9,0.468,MEDIO
2023,6,Jun,22011,São Raimundo Nonato,PI,Sudoeste Piauiense,-8.8058,-42.8767,True,100.0,40,0.9,60.3,27.4,0.501,ALTO
2023,7,Jul,22011,São Raimundo Nonato,PI,Sudoeste Piauiense,-8.8058,-42.8767,True,100.0,229,1.1,59.3,27.7,0.628,ALTO
2023,8,Ago,22011,São Raimundo Nonato,PI,Sudoeste Piauiense,-8.8058,-42.8767,True,100.0,2807,2.9,57.2,28.0,0.811,CRITICO
2023,9,Set,22011,São Raimundo Nonato,PI,Sudoeste Piauiense,-8.8058,-42.8767,True,100.0,2608,6.8,56.8,28.0,0.814,CRITICO
2023,10,Out,22011,São Raimundo Nonato,PI,Sudoeste Piauiense,-8.8058,-42.8767,True,100.0,5917,5.9,56.1,28.2,0.823,CRITICO
2023,11,Nov,22011,São Raimundo Nonato,PI,Sudoeste Piauiense,-8.8058,-42.8767,True,100.0,1189,94.5,56.6,28.3,0.641,ALTO
2023,12,Dez,22011,São Raimundo Nonato,PI,Sudoeste Piauiense,-8.8058,-42.8767,True,100.0,324,57.3,55.7,28.2,0.619,ALTO
2024,1,Jan,22011,São Raimundo Nonato,PI,Sudoeste Piauiense,-8.8058,-42.8767,True,100.0,93,168.4,64.4,27.9,0.22,BAIXO
2024,2,Fev,22011,São Raimundo Nonato,PI,Sudoeste Piauiense,-8.8058,-42.8767,True,100.0,36,143.4,66.9,27.4,0.171,BAIXO
2024,3,Mar,22011,São Raimundo Nonato,PI,Sudoeste Piauiense,-8.8058,-42.8767,True,100.0,12,77.4,68.8,27.1,0.279,BAIXO
2024,4,Abr,22011,São Raimundo Nonato,PI,Sudoeste Piauiense,-8.8058,-42.8767,True,100.0,21,86.3,65.2,27.6,0.3,MEDIO
2024,5,Mai,22011,São Raimundo Nonato,PI,Sudoeste Piauiense,-8.8058,-42.8767,True,100.0,394,3.8,63.6,27.8,0.703,CRITICO
2024,6,Jun,22011,São Raimundo Nonato,PI,Sudoeste Piauiense,-8.8058,-42.8767,True,100.0,453,0.9,63.8,28.2,0.747,CRITICO
2024,7,Jul,22011,São Raimundo Nonato,PI,Sudoeste Piauiense,-8.8058,-42.8767,True,100.0,223,1.4,64.2,28.0,0.601,ALTO
2024,8,Ago,22011,São Raimundo Nonato,PI,Sudoeste Piauiense,-8.8058,-42.8767,True,100.0,1756,1.1,63.3,28.3,0.781,CRITICO
2024,9,Set,22011,São Raimundo Nonato,PI,Sudoeste Piauiense,-8.8058,-42.8767,True,100.0,6215,2.9,64.3,28.3,0.774,CRITICO
2024,10,Out,22011,São Raimundo Nonato,PI,Sudoeste Piauiense,-8.8058,-42.8767,True,100.0,2666,22.7,63.5,28.1,0.747,CRITICO
2024,11,Nov,22011,São Raimundo Nonato,PI,Sudoeste Piauiense,-8.8058,-42.8767,True,100.0,1100,134.8,67.1,27.6,0.472,MEDIO
2024,12,Dez,22011,São Raimundo Nonato,PI,Sudoeste Piauiense,-8.8058,-42.8767,True,100.0,421,38.6,64.8,28.2,0.66,ALTO
2022,1,Jan,22012,Chapadas do Extremo Sul Piauiense,PI,Sudoeste Piauiense,-10.2136,-44.5612,True,56.0,0,155.0,63.2,25.1,0.101,BAIXO
2022,2,Fev,22012,Chapadas do Extremo Sul Piauiense,PI,Sudoeste Piauiense,-10.2136,-44.5612,True,56.0,0,63.5,63.2,25.3,0.292,BAIXO
2022,3,Mar,22012,Chapadas do Extremo Sul Piauiense,PI,Sudoeste Piauiense,-10.2136,-44.5612,True,56.0,0,101.3,62.2,25.5,0.222,BAIXO
2022,4,Abr,22012,Chapadas do Extremo Sul Piauiense,PI,Sudoeste Piauiense,-10.2136,-44.5612,True,56.0,0,39.8,62.6,25.4,0.349,MEDIO
2022,5,Mai,22012,Chapadas do Extremo Sul Piauiense,PI,Sudoeste Piauiense,-10.2136,-44.5612,True,56.0,9,9.7,62.2,25.4,0.415,MEDIO
2022,6,Jun,22012,Chapadas do Extremo Sul Piauiense,PI,Sudoeste Piauiense,-10.2136,-44.5612,True,56.0,4,3.6,60.8,25.7,0.431,MEDIO
2022,7,Jul,22012,Chapadas do Extremo Sul Piauiense,PI,Sudoeste Piauiense,-10.2136,-44.5612,True,56.0,17,2.4,58.5,25.6,0.443,MEDIO
2022,8,Ago,22012,Chapadas do Extremo Sul Piauiense,PI,Sudoeste Piauiense,-10.2136,-44.5612,True,56.0,8,1.2,61.6,25.5,0.421,MEDIO
2022,9,Set,22012,Chapadas do Extremo Sul Piauiense,PI,Sudoeste Piauiense,-10.2136,-44.5612,True,56.0,532,10.1,61.3,25.7,0.428,MEDIO
2022,10,Out,22012,Chapadas do Extremo Sul Piauiense,PI,Sudoeste Piauiense,-10.2136,-44.5612,True,56.0,2140,13.4,59.8,25.5,0.425,MEDIO
2022,11,Nov,22012,Chapadas do Extremo Sul Piauiense,PI,Sudoeste Piauiense,-10.2136,-44.5612,True,56.0,27,251.8,57.8,25.9,0.155,BAIXO
2022,12,Dez,22012,Chapadas do Extremo Sul Piauiense,PI,Sudoeste Piauiense,-10.2136,-44.5612,True,56.0,6,139.7,58.3,26.0,0.176,BAIXO
2023,1,Jan,22012,Chapadas do Extremo Sul Piauiense,PI,Sudoeste Piauiense,-10.2136,-44.5612,True,56.0,375,115.3,59.8,26.2,0.449,MEDIO
2023,2,Fev,22012,Chapadas do Extremo Sul Piauiense,PI,Sudoeste Piauiense,-10.2136,-44.5612,True,56.0,306,60.2,61.8,26.0,0.509,ALTO
2023,3,Mar,22012,Chapadas do Extremo Sul Piauiense,PI,Sudoeste Piauiense,-10.2136,-44.5612,True,56.0,150,109.6,64.8,25.5,0.278,BAIXO
2023,4,Abr,22012,Chapadas do Extremo Sul Piauiense,PI,Sudoeste Piauiense,-10.2136,-44.5612,True,56.0,319,82.0,64.7,25.8,0.446,MEDIO
2023,5,Mai,22012,Chapadas do Extremo Sul Piauiense,PI,Sudoeste Piauiense,-10.2136,-44.5612,True,56.0,341,16.6,63.4,25.9,0.61,ALTO
2023,6,Jun,22012,Chapadas do Extremo Sul Piauiense,PI,Sudoeste Piauiense,-10.2136,-44.5612,True,56.0,408,2.2,63.4,25.8,0.662,ALTO
2023,7,Jul,22012,Chapadas do Extremo Sul Piauiense,PI,Sudoeste Piauiense,-10.2136,-44.5612,True,56.0,647,2.0,62.0,25.9,0.729,CRITICO
2023,8,Ago,22012,Chapadas do Extremo Sul Piauiense,PI,Sudoeste Piauiense,-10.2136,-44.5612,True,56.0,2784,3.8,60.0,26.4,0.754,CRITICO
2023,9,Set,22012,Chapadas do Extremo Sul Piauiense,PI,Sudoeste Piauiense,-10.2136,-44.5612,True,56.0,11894,5.7,58.5,26.6,0.768,CRITICO
2023,10,Out,22012,Chapadas do Extremo Sul Piauiense,PI,Sudoeste Piauiense,-10.2136,-44.5612,True,56.0,9507,13.9,57.5,26.7,0.769,CRITICO
2023,11,Nov,22012,Chapadas do Extremo Sul Piauiense,PI,Sudoeste Piauiense,-10.2136,-44.5612,True,56.0,3239,94.5,59.4,26.5,0.579,ALTO
2023,12,Dez,22012,Chapadas do Extremo Sul Piauiense,PI,Sudoeste Piauiense,-10.2136,-44.5612,True,56.0,1269,73.7,57.8,26.5,0.634,ALTO
2024,1,Jan,22012,Chapadas do Extremo Sul Piauiense,PI,Sudoeste Piauiense,-10.2136,-44.5612,True,56.0,342,263.8,60.7,26.1,0.347,MEDIO
2024,2,Fev,22012,Chapadas do Extremo Sul Piauiense,PI,Sudoeste Piauiense,-10.2136,-44.5612,True,56.0,232,170.0,61.4,25.8,0.269,BAIXO
2024,3,Mar,22012,Chapadas do Extremo Sul Piauiense,PI,Sudoeste Piauiense,-10.2136,-44.5612,True,56.0,121,54.7,59.7,26.0,0.422,MEDIO
2024,4,Abr,22012,Chapadas do Extremo Sul Piauiense,PI,Sudoeste Piauiense,-10.2136,-44.5612,True,56.0,75,144.8,58.8,26.0,0.207,BAIXO
2024,5,Mai,22012,Chapadas do Extremo Sul Piauiense,PI,Sudoeste Piauiense,-10.2136,-44.5612,True,56.0,303,4.5,58.6,26.0,0.634,ALTO
2024,6,Jun,22012,Chapadas do Extremo Sul Piauiense,PI,Sudoeste Piauiense,-10.2136,-44.5612,True,56.0,273,2.0,60.0,26.3,0.615,ALTO
2024,7,Jul,22012,Chapadas do Extremo Sul Piauiense,PI,Sudoeste Piauiense,-10.2136,-44.5612,True,56.0,469,2.0,58.6,26.6,0.749,CRITICO
2024,8,Ago,22012,Chapadas do Extremo Sul Piauiense,PI,Sudoeste Piauiense,-10.2136,-44.5612,True,56.0,553,1.1,61.5,26.2,0.739,CRITICO
2024,9,Set,22012,Chapadas do Extremo Sul Piauiense,PI,Sudoeste Piauiense,-10.2136,-44.5612,True,56.0,3746,3.3,60.0,26.4,0.754,CRITICO
2024,10,Out,22012,Chapadas do Extremo Sul Piauiense,PI,Sudoeste Piauiense,-10.2136,-44.5612,True,56.0,5534,38.9,59.9,26.3,0.69,ALTO
2024,11,Nov,22012,Chapadas do Extremo Sul Piauiense,PI,Sudoeste Piauiense,-10.2136,-44.5612,True,56.0,2039,164.0,63.1,25.9,0.422,MEDIO
2024,12,Dez,22012,Chapadas do Extremo Sul Piauiense,PI,Sudoeste Piauiense,-10.2136,-44.5612,True,56.0,995,86.1,61.7,26.3,0.578,ALTO
2022,1,Jan,22013,Picos,PI,Sudeste Piauiense,-6.9926,-41.8826,True,95.0,11,134.0,47.8,28.8,0.324,MEDIO
2022,2,Fev,22013,Picos,PI,Sudeste Piauiense,-6.9926,-41.8826,True,95.0,5,104.8,53.3,27.8,0.327,MEDIO
2022,3,Mar,22013,Picos,PI,Sudeste Piauiense,-6.9926,-41.8826,True,95.0,5,208.4,50.8,28.2,0.256,BAIXO
2022,4,Abr,22013,Picos,PI,Sudeste Piauiense,-6.9926,-41.8826,True,95.0,5,70.4,56.6,27.3,0.368,MEDIO
2022,5,Mai,22013,Picos,PI,Sudeste Piauiense,-6.9926,-41.8826,True,95.0,15,45.3,54.3,28.4,0.464,MEDIO
2022,6,Jun,22013,Picos,PI,Sudeste Piauiense,-6.9926,-41.8826,True,95.0,10,9.5,52.3,28.4,0.552,ALTO
2022,7,Jul,22013,Picos,PI,Sudeste Piauiense,-6.9926,-41.8826,True,95.0,79,4.5,50.9,28.4,0.561,ALTO
2022,8,Ago,22013,Picos,PI,Sudeste Piauiense,-6.9926,-41.8826,True,95.0,977,1.0,52.9,28.4,0.548,ALTO
2022,9,Set,22013,Picos,PI,Sudeste Piauiense,-6.9926,-41.8826,True,95.0,4458,6.0,50.8,28.7,0.569,ALTO
2022,10,Out,22013,Picos,PI,Sudeste Piauiense,-6.9926,-41.8826,True,95.0,3458,48.3,51.8,28.7,0.48,MEDIO
2022,11,Nov,22013,Picos,PI,Sudeste Piauiense,-6.9926,-41.8826,True,95.0,691,147.7,51.0,28.8,0.275,BAIXO
2022,12,Dez,22013,Picos,PI,Sudeste Piauiense,-6.9926,-41.8826,True,95.0,161,121.2,49.1,28.9,0.346,MEDIO
2023,1,Jan,22013,Picos,PI,Sudeste Piauiense,-6.9926,-41.8826,True,95.0,11,135.1,56.3,27.7,0.248,BAIXO
2023,2,Fev,22013,Picos,PI,Sudeste Piauiense,-6.9926,-41.8826,True,95.0,4,109.6,59.0,27.8,0.284,BAIXO
2023,3,Mar,22013,Picos,PI,Sudeste Piauiense,-6.9926,-41.8826,True,95.0,2,136.5,62.2,27.6,0.2,BAIXO
2023,4,Abr,22013,Picos,PI,Sudeste Piauiense,-6.9926,-41.8826,True,95.0,16,65.4,61.4,27.6,0.366,MEDIO
2023,5,Mai,22013,Picos,PI,Sudeste Piauiense,-6.9926,-41.8826,True,95.0,33,46.5,55.7,28.0,0.462,MEDIO
2023,6,Jun,22013,Picos,PI,Sudeste Piauiense,-6.9926,-41.8826,True,95.0,22,2.5,58.4,27.8,0.512,ALTO
2023,7,Jul,22013,Picos,PI,Sudeste Piauiense,-6.9926,-41.8826,True,95.0,98,2.4,58.2,27.9,0.561,ALTO
2023,8,Ago,22013,Picos,PI,Sudeste Piauiense,-6.9926,-41.8826,True,95.0,538,1.1,57.5,28.2,0.814,CRITICO
2023,9,Set,22013,Picos,PI,Sudeste Piauiense,-6.9926,-41.8826,True,95.0,2854,4.5,56.6,28.3,0.822,CRITICO
2023,10,Out,22013,Picos,PI,Sudeste Piauiense,-6.9926,-41.8826,True,95.0,6014,5.1,58.3,28.0,0.804,CRITICO
2023,11,Nov,22013,Picos,PI,Sudeste Piauiense,-6.9926,-41.8826,True,95.0,1553,77.0,57.1,28.0,0.668,ALTO
2023,12,Dez,22013,Picos,PI,Sudeste Piauiense,-6.9926,-41.8826,True,95.0,729,129.0,57.0,27.9,0.555,ALTO
2024,1,Jan,22013,Picos,PI,Sudeste Piauiense,-6.9926,-41.8826,True,95.0,70,161.6,56.3,28.0,0.259,BAIXO
2024,2,Fev,22013,Picos,PI,Sudeste Piauiense,-6.9926,-41.8826,True,95.0,10,188.3,60.0,27.7,0.192,BAIXO
2024,3,Mar,22013,Picos,PI,Sudeste Piauiense,-6.9926,-41.8826,True,95.0,1,194.4,59.7,27.5,0.184,BAIXO
2024,4,Abr,22013,Picos,PI,Sudeste Piauiense,-6.9926,-41.8826,True,95.0,1,142.1,57.4,27.5,0.215,BAIXO
2024,5,Mai,22013,Picos,PI,Sudeste Piauiense,-6.9926,-41.8826,True,95.0,16,6.4,58.3,27.6,0.504,ALTO
2024,6,Jun,22013,Picos,PI,Sudeste Piauiense,-6.9926,-41.8826,True,95.0,52,2.5,58.5,27.7,0.527,ALTO
2024,7,Jul,22013,Picos,PI,Sudeste Piauiense,-6.9926,-41.8826,True,95.0,243,3.4,60.1,27.7,0.631,ALTO
2024,8,Ago,22013,Picos,PI,Sudeste Piauiense,-6.9926,-41.8826,True,95.0,2044,0.9,58.9,28.3,0.808,CRITICO
2024,9,Set,22013,Picos,PI,Sudeste Piauiense,-6.9926,-41.8826,True,95.0,4796,2.8,57.7,28.3,0.816,CRITICO
2024,10,Out,22013,Picos,PI,Sudeste Piauiense,-6.9926,-41.8826,True,95.0,3205,33.9,58.1,28.4,0.764,CRITICO
2024,11,Nov,22013,Picos,PI,Sudeste Piauiense,-6.9926,-41.8826,True,95.0,926,51.3,59.4,27.9,0.706,CRITICO
2024,12,Dez,22013,Picos,PI,Sudeste Piauiense,-6.9926,-41.8826,True,95.0,500,85.8,61.6,27.6,0.611,ALTO
2022,1,Jan,22014,Pio IX,PI,Sudeste Piauiense,-6.8986,-40.8776,True,100.0,3,103.9,63.4,27.4,0.255,BAIXO
2022,2,Fev,22014,Pio IX,PI,Sudeste Piauiense,-6.8986,-40.8776,True,100.0,10,42.5,64.2,27.4,0.383,MEDIO
2022,3,Mar,22014,Pio IX,PI,Sudeste Piauiense,-6.8986,-40.8776,True,100.0,3,238.4,65.2,27.3,0.144,BAIXO
2022,4,Abr,22014,Pio IX,PI,Sudeste Piauiense,-6.8986,-40.8776,True,100.0,0,94.7,65.0,27.2,0.261,BAIXO
2022,5,Mai,22014,Pio IX,PI,Sudeste Piauiense,-6.8986,-40.8776,True,100.0,4,49.8,63.5,27.4,0.372,MEDIO
2022,6,Jun,22014,Pio IX,PI,Sudeste Piauiense,-6.8986,-40.8776,True,100.0,5,21.5,63.6,27.3,0.429,MEDIO
2022,7,Jul,22014,Pio IX,PI,Sudeste Piauiense,-6.8986,-40.8776,True,100.0,13,13.0,63.1,27.4,0.453,MEDIO
2022,8,Ago,22014,Pio IX,PI,Sudeste Piauiense,-6.8986,-40.8776,True,100.0,112,3.1,63.8,27.5,0.458,MEDIO
2022,9,Set,22014,Pio IX,PI,Sudeste Piauiense,-6.8986,-40.8776,True,100.0,393,3.5,63.8,27.8,0.463,MEDIO
2022,10,Out,22014,Pio IX,PI,Sudeste Piauiense,-6.8986,-40.8776,True,100.0,316,20.0,63.4,27.6,0.441,MEDIO
2022,11,Nov,22014,Pio IX,PI,Sudeste Piauiense,-6.8986,-40.8776,True,100.0,189,88.2,64.6,27.4,0.283,BAIXO
2022,12,Dez,22014,Pio IX,PI,Sudeste Piauiense,-6.8986,-40.8776,True,100.0,210,46.2,64.8,27.6,0.376,MEDIO
2023,1,Jan,22014,Pio IX,PI,Sudeste Piauiense,-6.8986,-40.8776,True,100.0,22,101.1,63.4,27.4,0.274,BAIXO
2023,2,Fev,22014,Pio IX,PI,Sudeste Piauiense,-6.8986,-40.8776,True,100.0,2,79.1,64.2,27.4,0.306,MEDIO
2023,3,Mar,22014,Pio IX,PI,Sudeste Piauiense,-6.8986,-40.8776,True,100.0,0,183.4,65.2,27.3,0.144,BAIXO
2023,4,Abr,22014,Pio IX,PI,Sudeste Piauiense,-6.8986,-40.8776,True,100.0,1,90.3,65.0,27.2,0.271,BAIXO
2023,5,Mai,22014,Pio IX,PI,Sudeste Piauiense,-6.8986,-40.8776,True,100.0,1,43.9,63.5,27.4,0.385,MEDIO
2023,6,Jun,22014,Pio IX,PI,Sudeste Piauiense,-6.8986,-40.8776,True,100.0,3,5.5,63.6,27.3,0.456,MEDIO
2023,7,Jul,22014,Pio IX,PI,Sudeste Piauiense,-6.8986,-40.8776,True,100.0,10,3.4,63.1,27.4,0.465,MEDIO
2023,8,Ago,22014,Pio IX,PI,Sudeste Piauiense,-6.8986,-40.8776,True,100.0,46,1.9,63.8,27.5,0.485,MEDIO
2023,9,Set,22014,Pio IX,PI,Sudeste Piauiense,-6.8986,-40.8776,True,100.0,288,2.4,63.8,27.8,0.636,ALTO
2023,10,Out,22014,Pio IX,PI,Sudeste Piauiense,-6.8986,-40.8776,True,100.0,562,3.6,63.4,27.6,0.762,CRITICO
2023,11,Nov,22014,Pio IX,PI,Sudeste Piauiense,-6.8986,-40.8776,True,100.0,338,28.5,64.6,27.4,0.613,ALTO
2023,12,Dez,22014,Pio IX,PI,Sudeste Piauiense,-6.8986,-40.8776,True,100.0,333,44.4,64.8,27.6,0.58,ALTO
2024,1,Jan,22014,Pio IX,PI,Sudeste Piauiense,-6.8986,-40.8776,True,100.0,61,78.2,63.4,27.4,0.346,MEDIO
2024,2,Fev,22014,Pio IX,PI,Sudeste Piauiense,-6.8986,-40.8776,True,100.0,13,139.1,64.2,27.4,0.184,BAIXO
2024,3,Mar,22014,Pio IX,PI,Sudeste Piauiense,-6.8986,-40.8776,True,100.0,0,129.4,65.2,27.3,0.188,BAIXO
2024,4,Abr,22014,Pio IX,PI,Sudeste Piauiense,-6.8986,-40.8776,True,100.0,3,208.1,65.0,27.2,0.145,BAIXO
2024,5,Mai,22014,Pio IX,PI,Sudeste Piauiense,-6.8986,-40.8776,True,100.0,10,10.2,63.5,27.4,0.462,MEDIO
2024,6,Jun,22014,Pio IX,PI,Sudeste Piauiense,-6.8986,-40.8776,True,100.0,1,6.2,63.6,27.3,0.454,MEDIO
2024,7,Jul,22014,Pio IX,PI,Sudeste Piauiense,-6.8986,-40.8776,True,100.0,27,4.8,63.1,27.4,0.476,MEDIO
2024,8,Ago,22014,Pio IX,PI,Sudeste Piauiense,-6.8986,-40.8776,True,100.0,42,1.9,63.8,27.5,0.483,MEDIO
2024,9,Set,22014,Pio IX,PI,Sudeste Piauiense,-6.8986,-40.8776,True,100.0,265,2.6,63.8,27.8,0.622,ALTO
2024,10,Out,22014,Pio IX,PI,Sudeste Piauiense,-6.8986,-40.8776,True,100.0,757,7.6,63.4,27.6,0.762,CRITICO
2024,11,Nov,22014,Pio IX,PI,Sudeste Piauiense,-6.8986,-40.8776,True,100.0,346,24.8,64.6,27.4,0.626,ALTO
2024,12,Dez,22014,Pio IX,PI,Sudeste Piauiense,-6.8986,-40.8776,True,100.0,259,32.1,64.8,27.6,0.562,ALTO
2022,1,Jan,22015,Alto Médio Canindé,PI,Sudeste Piauiense,-7.9573,-41.5806,True,100.0,48,98.1,47.5,29.1,0.411,MEDIO
2022,2,Fev,22015,Alto Médio Canindé,PI,Sudeste Piauiense,-7.9573,-41.5806,True,100.0,34,78.0,50.9,28.6,0.42,MEDIO
2022,3,Mar,22015,Alto Médio Canindé,PI,Sudeste Piauiense,-7.9573,-41.5806,True,100.0,36,131.4,46.7,29.5,0.354,MEDIO
2022,4,Abr,22015,Alto Médio Canindé,PI,Sudeste Piauiense,-7.9573,-41.5806,True,100.0,20,44.1,52.6,28.4,0.477,MEDIO
2022,5,Mai,22015,Alto Médio Canindé,PI,Sudeste Piauiense,-7.9573,-41.5806,True,100.0,19,46.6,47.2,29.5,0.533,ALTO
2022,6,Jun,22015,Alto Médio Canindé,PI,Sudeste Piauiense,-7.9573,-41.5806,True,100.0,52,2.9,49.0,28.9,0.585,ALTO
2022,7,Jul,22015,Alto Médio Canindé,PI,Sudeste Piauiense,-7.9573,-41.5806,True,100.0,70,8.6,47.7,28.9,0.593,ALTO
2022,8,Ago,22015,Alto Médio Canindé,PI,Sudeste Piauiense,-7.9573,-41.5806,True,100.0,182,1.4,45.7,29.7,0.626,ALTO
2022,9,Set,22015,Alto Médio Canindé,PI,Sudeste Piauiense,-7.9573,-41.5806,True,100.0,3349,5.8,46.8,29.4,0.611,ALTO
2022,10,Out,22015,Alto Médio Canindé,PI,Sudeste Piauiense,-7.9573,-41.5806,True,100.0,10885,35.4,47.6,29.6,0.557,ALTO
2022,11,Nov,22015,Alto Médio Canindé,PI,Sudeste Piauiense,-7.9573,-41.5806,True,100.0,1770,178.5,47.0,29.7,0.317,MEDIO
2022,12,Dez,22015,Alto Médio Canindé,PI,Sudeste Piauiense,-7.9573,-41.5806,True,100.0,452,63.9,47.9,29.6,0.494,MEDIO
2023,1,Jan,22015,Alto Médio Canindé,PI,Sudeste Piauiense,-7.9573,-41.5806,True,100.0,63,104.1,45.6,28.8,0.44,MEDIO
2023,2,Fev,22015,Alto Médio Canindé,PI,Sudeste Piauiense,-7.9573,-41.5806,True,100.0,25,70.4,48.3,28.8,0.472,MEDIO
2023,3,Mar,22015,Alto Médio Canindé,PI,Sudeste Piauiense,-7.9573,-41.5806,True,100.0,38,126.7,52.5,28.3,0.321,MEDIO
2023,4,Abr,22015,Alto Médio Canindé,PI,Sudeste Piauiense,-7.9573,-41.5806,True,100.0,12,47.0,49.2,28.5,0.502,ALTO
2023,5,Mai,22015,Alto Médio Canindé,PI,Sudeste Piauiense,-7.9573,-41.5806,True,100.0,31,29.6,48.2,28.8,0.564,ALTO
2023,6,Jun,22015,Alto Médio Canindé,PI,Sudeste Piauiense,-7.9573,-41.5806,True,100.0,36,1.5,49.9,28.3,0.586,ALTO
2023,7,Jul,22015,Alto Médio Canindé,PI,Sudeste Piauiense,-7.9573,-41.5806,True,100.0,86,2.2,50.6,28.3,0.612,ALTO
2023,8,Ago,22015,Alto Médio Canindé,PI,Sudeste Piauiense,-7.9573,-41.5806,True,100.0,306,1.7,49.3,28.5,0.757,CRITICO
2023,9,Set,22015,Alto Médio Canindé,PI,Sudeste Piauiense,-7.9573,-41.5806,True,100.0,3556,2.4,47.0,29.0,0.9,CRITICO
2023,10,Out,22015,Alto Médio Canindé,PI,Sudeste Piauiense,-7.9573,-41.5806,True,100.0,5266,3.4,46.1,28.8,0.901,CRITICO
2023,11,Nov,22015,Alto Médio Canindé,PI,Sudeste Piauiense,-7.9573,-41.5806,True,100.0,2221,91.0,44.8,28.9,0.738,CRITICO
2023,12,Dez,22015,Alto Médio Canindé,PI,Sudeste Piauiense,-7.9573,-41.5806,True,100.0,854,65.6,45.2,29.0,0.792,CRITICO
2024,1,Jan,22015,Alto Médio Canindé,PI,Sudeste Piauiense,-7.9573,-41.5806,True,100.0,262,137.3,52.2,27.8,0.422,MEDIO
2024,2,Fev,22015,Alto Médio Canindé,PI,Sudeste Piauiense,-7.9573,-41.5806,True,100.0,34,146.2,54.9,27.6,0.244,BAIXO
2024,3,Mar,22015,Alto Médio Canindé,PI,Sudeste Piauiense,-7.9573,-41.5806,True,100.0,74,135.0,57.1,27.4,0.273,BAIXO
2024,4,Abr,22015,Alto Médio Canindé,PI,Sudeste Piauiense,-7.9573,-41.5806,True,100.0,22,104.1,55.7,27.5,0.32,MEDIO
2024,5,Mai,22015,Alto Médio Canindé,PI,Sudeste Piauiense,-7.9573,-41.5806,True,100.0,43,6.7,53.3,27.9,0.559,ALTO
2024,6,Jun,22015,Alto Médio Canindé,PI,Sudeste Piauiense,-7.9573,-41.5806,True,100.0,64,1.6,54.6,27.8,0.561,ALTO
2024,7,Jul,22015,Alto Médio Canindé,PI,Sudeste Piauiense,-7.9573,-41.5806,True,100.0,120,3.4,54.0,27.9,0.601,ALTO
2024,8,Ago,22015,Alto Médio Canindé,PI,Sudeste Piauiense,-7.9573,-41.5806,True,100.0,563,0.9,52.9,28.0,0.838,CRITICO
2024,9,Set,22015,Alto Médio Canindé,PI,Sudeste Piauiense,-7.9573,-41.5806,True,100.0,5277,1.6,52.6,28.5,0.852,CRITICO
2024,10,Out,22015,Alto Médio Canindé,PI,Sudeste Piauiense,-7.9573,-41.5806,True,100.0,4226,12.6,51.7,28.5,0.853,CRITICO
2024,11,Nov,22015,Alto Médio Canindé,PI,Sudeste Piauiense,-7.9573,-41.5806,True,100.0,2217,57.5,54.8,27.8,0.719,CRITICO
2024,12,Dez,22015,Alto Médio Canindé,PI,Sudeste Piauiense,-7.9573,-41.5806,True,100.0,1537,42.1,53.9,28.2,0.768,CRITICO
2022,1,Jan,23001,Litoral de Camocim e Acaraú,CE,Noroeste Cearense,-3.0987,-40.5998,True,100.0,310,129.3,69.1,27.1,0.159,BAIXO
2022,2,Fev,23001,Litoral de Camocim e Acaraú,CE,Noroeste Cearense,-3.0987,-40.5998,True,100.0,149,85.7,67.1,27.2,0.267,BAIXO
2022,3,Mar,23001,Litoral de Camocim e Acaraú,CE,Noroeste Cearense,-3.0987,-40.5998,True,100.0,4,385.1,66.8,27.2,0.131,BAIXO
2022,4,Abr,23001,Litoral de Camocim e Acaraú,CE,Noroeste Cearense,-3.0987,-40.5998,True,100.0,8,253.4,67.3,27.3,0.131,BAIXO
2022,5,Mai,23001,Litoral de Camocim e Acaraú,CE,Noroeste Cearense,-3.0987,-40.5998,True,100.0,9,136.9,67.3,27.4,0.161,BAIXO
2022,6,Jun,23001,Litoral de Camocim e Acaraú,CE,Noroeste Cearense,-3.0987,-40.5998,True,100.0,46,54.7,66.5,27.5,0.345,MEDIO
2022,7,Jul,23001,Litoral de Camocim e Acaraú,CE,Noroeste Cearense,-3.0987,-40.5998,True,100.0,37,30.6,66.8,27.3,0.39,MEDIO
2022,8,Ago,23001,Litoral de Camocim e Acaraú,CE,Noroeste Cearense,-3.0987,-40.5998,True,100.0,138,3.1,67.2,27.0,0.424,MEDIO
2022,9,Set,23001,Litoral de Camocim e Acaraú,CE,Noroeste Cearense,-3.0987,-40.5998,True,100.0,291,2.1,67.9,27.1,0.422,MEDIO
2022,10,Out,23001,Litoral de Camocim e Acaraú,CE,Noroeste Cearense,-3.0987,-40.5998,True,100.0,474,2.7,68.8,27.0,0.414,MEDIO
2022,11,Nov,23001,Litoral de Camocim e Acaraú,CE,Noroeste Cearense,-3.0987,-40.5998,True,100.0,1025,16.8,68.4,27.1,0.404,MEDIO
2022,12,Dez,23001,Litoral de Camocim e Acaraú,CE,Noroeste Cearense,-3.0987,-40.5998,True,100.0,1936,66.6,67.7,27.2,0.304,MEDIO
2023,1,Jan,23001,Litoral de Camocim e Acaraú,CE,Noroeste Cearense,-3.0987,-40.5998,True,100.0,188,157.2,74.6,26.8,0.185,BAIXO
2023,2,Fev,23001,Litoral de Camocim e Acaraú,CE,Noroeste Cearense,-3.0987,-40.5998,True,100.0,105,165.6,74.9,26.9,0.136,BAIXO
2023,3,Mar,23001,Litoral de Camocim e Acaraú,CE,Noroeste Cearense,-3.0987,-40.5998,True,100.0,9,352.2,75.2,26.9,0.078,BAIXO
2023,4,Abr,23001,Litoral de Camocim e Acaraú,CE,Noroeste Cearense,-3.0987,-40.5998,True,100.0,1,290.5,73.4,27.1,0.088,BAIXO
2023,5,Mai,23001,Litoral de Camocim e Acaraú,CE,Noroeste Cearense,-3.0987,-40.5998,True,100.0,11,63.3,73.3,27.1,0.281,BAIXO
2023,6,Jun,23001,Litoral de Camocim e Acaraú,CE,Noroeste Cearense,-3.0987,-40.5998,True,100.0,34,38.2,73.5,27.0,0.344,MEDIO
2023,7,Jul,23001,Litoral de Camocim e Acaraú,CE,Noroeste Cearense,-3.0987,-40.5998,True,100.0,43,14.6,72.2,27.5,0.421,MEDIO
2023,8,Ago,23001,Litoral de Camocim e Acaraú,CE,Noroeste Cearense,-3.0987,-40.5998,True,100.0,140,1.7,73.9,27.2,0.471,MEDIO
2023,9,Set,23001,Litoral de Camocim e Acaraú,CE,Noroeste Cearense,-3.0987,-40.5998,True,100.0,236,1.9,73.1,27.3,0.536,ALTO
2023,10,Out,23001,Litoral de Camocim e Acaraú,CE,Noroeste Cearense,-3.0987,-40.5998,True,100.0,563,3.0,73.0,27.1,0.69,ALTO
2023,11,Nov,23001,Litoral de Camocim e Acaraú,CE,Noroeste Cearense,-3.0987,-40.5998,True,100.0,950,5.1,72.4,27.0,0.691,ALTO
2023,12,Dez,23001,Litoral de Camocim e Acaraú,CE,Noroeste Cearense,-3.0987,-40.5998,True,100.0,1473,23.8,73.8,26.9,0.65,ALTO
2024,1,Jan,23001,Litoral de Camocim e Acaraú,CE,Noroeste Cearense,-3.0987,-40.5998,True,100.0,427,65.1,79.4,26.8,0.508,ALTO
2024,2,Fev,23001,Litoral de Camocim e Acaraú,CE,Noroeste Cearense,-3.0987,-40.5998,True,100.0,82,260.8,77.4,27.1,0.127,BAIXO
2024,3,Mar,23001,Litoral de Camocim e Acaraú,CE,Noroeste Cearense,-3.0987,-40.5998,True,100.0,1,359.5,77.9,27.2,0.081,BAIXO
2024,4,Abr,23001,Litoral de Camocim e Acaraú,CE,Noroeste Cearense,-3.0987,-40.5998,True,100.0,0,341.4,76.9,27.1,0.078,BAIXO
2024,5,Mai,23001,Litoral de Camocim e Acaraú,CE,Noroeste Cearense,-3.0987,-40.5998,True,100.0,14,101.3,75.8,27.4,0.198,BAIXO
2024,6,Jun,23001,Litoral de Camocim e Acaraú,CE,Noroeste Cearense,-3.0987,-40.5998,True,100.0,24,44.4,78.8,27.2,0.321,MEDIO
2024,7,Jul,23001,Litoral de Camocim e Acaraú,CE,Noroeste Cearense,-3.0987,-40.5998,True,100.0,100,13.1,79.5,27.3,0.436,MEDIO
2024,8,Ago,23001,Litoral de Camocim e Acaraú,CE,Noroeste Cearense,-3.0987,-40.5998,True,100.0,211,2.5,78.8,27.1,0.504,ALTO
2024,9,Set,23001,Litoral de Camocim e Acaraú,CE,Noroeste Cearense,-3.0987,-40.5998,True,100.0,357,2.0,77.8,27.4,0.599,ALTO
2024,10,Out,23001,Litoral de Camocim e Acaraú,CE,Noroeste Cearense,-3.0987,-40.5998,True,100.0,564,2.6,80.9,26.9,0.672,ALTO
2024,11,Nov,23001,Litoral de Camocim e Acaraú,CE,Noroeste Cearense,-3.0987,-40.5998,True,100.0,1153,3.9,77.5,27.2,0.68,ALTO
2024,12,Dez,23001,Litoral de Camocim e Acaraú,CE,Noroeste Cearense,-3.0987,-40.5998,True,100.0,2118,22.0,79.7,27.1,0.652,ALTO
2022,1,Jan,23002,Ibiapaba,CE,Noroeste Cearense,-3.9142,-41.0312,True,100.0,42,185.0,71.6,23.8,0.021,BAIXO
2022,2,Fev,23002,Ibiapaba,CE,Noroeste Cearense,-3.9142,-41.0312,True,100.0,17,114.1,71.8,23.4,0.097,BAIXO
2022,3,Mar,23002,Ibiapaba,CE,Noroeste Cearense,-3.9142,-41.0312,True,100.0,4,405.7,72.6,23.3,0.015,BAIXO
2022,4,Abr,23002,Ibiapaba,CE,Noroeste Cearense,-3.9142,-41.0312,True,100.0,0,241.8,70.3,23.7,0.029,BAIXO
2022,5,Mai,23002,Ibiapaba,CE,Noroeste Cearense,-3.9142,-41.0312,True,100.0,3,114.2,67.2,24.3,0.133,BAIXO
2022,6,Jun,23002,Ibiapaba,CE,Noroeste Cearense,-3.9142,-41.0312,True,100.0,33,71.1,71.0,23.6,0.194,BAIXO
2022,7,Jul,23002,Ibiapaba,CE,Noroeste Cearense,-3.9142,-41.0312,True,100.0,45,29.1,70.8,23.4,0.285,BAIXO
2022,8,Ago,23002,Ibiapaba,CE,Noroeste Cearense,-3.9142,-41.0312,True,100.0,40,7.6,69.6,23.6,0.334,MEDIO
2022,9,Set,23002,Ibiapaba,CE,Noroeste Cearense,-3.9142,-41.0312,True,100.0,139,4.2,67.9,23.8,0.344,MEDIO
2022,10,Out,23002,Ibiapaba,CE,Noroeste Cearense,-3.9142,-41.0312,True,100.0,449,5.3,70.6,23.7,0.328,MEDIO
2022,11,Nov,23002,Ibiapaba,CE,Noroeste Cearense,-3.9142,-41.0312,True,100.0,615,24.0,69.7,23.8,0.303,MEDIO
2022,12,Dez,23002,Ibiapaba,CE,Noroeste Cearense,-3.9142,-41.0312,True,100.0,560,46.1,71.2,23.8,0.246,BAIXO
2023,1,Jan,23002,Ibiapaba,CE,Noroeste Cearense,-3.9142,-41.0312,True,100.0,43,153.0,79.2,23.3,0.026,BAIXO
2023,2,Fev,23002,Ibiapaba,CE,Noroeste Cearense,-3.9142,-41.0312,True,100.0,7,195.5,78.6,23.4,0.004,BAIXO
2023,3,Mar,23002,Ibiapaba,CE,Noroeste Cearense,-3.9142,-41.0312,True,100.0,1,389.6,81.0,23.2,0.001,BAIXO
2023,4,Abr,23002,Ibiapaba,CE,Noroeste Cearense,-3.9142,-41.0312,True,100.0,3,326.2,79.6,23.5,0.002,BAIXO
2023,5,Mai,23002,Ibiapaba,CE,Noroeste Cearense,-3.9142,-41.0312,True,100.0,4,77.2,77.8,23.5,0.158,BAIXO
2023,6,Jun,23002,Ibiapaba,CE,Noroeste Cearense,-3.9142,-41.0312,True,100.0,7,35.7,77.8,23.4,0.249,BAIXO
2023,7,Jul,23002,Ibiapaba,CE,Noroeste Cearense,-3.9142,-41.0312,True,100.0,51,14.6,76.8,23.7,0.321,MEDIO
2023,8,Ago,23002,Ibiapaba,CE,Noroeste Cearense,-3.9142,-41.0312,True,100.0,67,3.9,76.4,23.8,0.34,MEDIO
2023,9,Set,23002,Ibiapaba,CE,Noroeste Cearense,-3.9142,-41.0312,True,100.0,689,3.3,77.4,24.0,0.6,ALTO
2023,10,Out,23002,Ibiapaba,CE,Noroeste Cearense,-3.9142,-41.0312,True,100.0,340,2.3,78.0,23.6,0.504,ALTO
2023,11,Nov,23002,Ibiapaba,CE,Noroeste Cearense,-3.9142,-41.0312,True,100.0,555,6.0,76.9,23.5,0.6,ALTO
2023,12,Dez,23002,Ibiapaba,CE,Noroeste Cearense,-3.9142,-41.0312,True,100.0,822,72.8,76.8,23.4,0.465,MEDIO
2024,1,Jan,23002,Ibiapaba,CE,Noroeste Cearense,-3.9142,-41.0312,True,100.0,148,89.9,85.5,23.1,0.218,BAIXO
2024,2,Fev,23002,Ibiapaba,CE,Noroeste Cearense,-3.9142,-41.0312,True,100.0,10,324.9,83.3,23.5,0.006,BAIXO
2024,3,Mar,23002,Ibiapaba,CE,Noroeste Cearense,-3.9142,-41.0312,True,100.0,3,264.6,84.2,23.6,0.002,BAIXO
2024,4,Abr,23002,Ibiapaba,CE,Noroeste Cearense,-3.9142,-41.0312,True,100.0,2,263.6,83.0,23.7,0.001,BAIXO
2024,5,Mai,23002,Ibiapaba,CE,Noroeste Cearense,-3.9142,-41.0312,True,100.0,2,86.3,79.4,23.9,0.138,BAIXO
2024,6,Jun,23002,Ibiapaba,CE,Noroeste Cearense,-3.9142,-41.0312,True,100.0,7,26.3,82.6,23.9,0.269,BAIXO
2024,7,Jul,23002,Ibiapaba,CE,Noroeste Cearense,-3.9142,-41.0312,True,100.0,34,21.0,85.8,23.3,0.297,BAIXO
2024,8,Ago,23002,Ibiapaba,CE,Noroeste Cearense,-3.9142,-41.0312,True,100.0,109,4.4,84.0,23.5,0.365,MEDIO
2024,9,Set,23002,Ibiapaba,CE,Noroeste Cearense,-3.9142,-41.0312,True,100.0,320,3.7,83.8,23.4,0.492,MEDIO
2024,10,Out,23002,Ibiapaba,CE,Noroeste Cearense,-3.9142,-41.0312,True,100.0,314,3.9,86.2,23.4,0.488,MEDIO
2024,11,Nov,23002,Ibiapaba,CE,Noroeste Cearense,-3.9142,-41.0312,True,100.0,822,4.8,83.0,23.6,0.6,ALTO
2024,12,Dez,23002,Ibiapaba,CE,Noroeste Cearense,-3.9142,-41.0312,True,100.0,916,29.6,84.8,23.4,0.558,ALTO
2022,1,Jan,23003,Coreaú,CE,Noroeste Cearense,-3.5046,-40.7114,True,100.0,26,179.3,65.4,27.5,0.147,BAIXO
2022,2,Fev,23003,Coreaú,CE,Noroeste Cearense,-3.5046,-40.7114,True,100.0,4,123.2,65.0,27.7,0.213,BAIXO
2022,3,Mar,23003,Coreaú,CE,Noroeste Cearense,-3.5046,-40.7114,True,100.0,0,413.5,66.8,27.5,0.138,BAIXO
2022,4,Abr,23003,Coreaú,CE,Noroeste Cearense,-3.5046,-40.7114,True,100.0,0,270.7,65.7,27.5,0.146,BAIXO
2022,5,Mai,23003,Coreaú,CE,Noroeste Cearense,-3.5046,-40.7114,True,100.0,0,102.3,65.3,27.6,0.254,BAIXO
2022,6,Jun,23003,Coreaú,CE,Noroeste Cearense,-3.5046,-40.7114,True,100.0,0,82.5,65.4,27.6,0.295,BAIXO
2022,7,Jul,23003,Coreaú,CE,Noroeste Cearense,-3.5046,-40.7114,True,100.0,5,16.5,65.7,27.6,0.434,MEDIO
2022,8,Ago,23003,Coreaú,CE,Noroeste Cearense,-3.5046,-40.7114,True,100.0,24,5.5,65.7,27.7,0.451,MEDIO
2022,9,Set,23003,Coreaú,CE,Noroeste Cearense,-3.5046,-40.7114,True,100.0,66,2.4,66.7,27.8,0.448,MEDIO
2022,10,Out,23003,Coreaú,CE,Noroeste Cearense,-3.5046,-40.7114,True,100.0,245,2.5,66.2,27.5,0.442,MEDIO
2022,11,Nov,23003,Coreaú,CE,Noroeste Cearense,-3.5046,-40.7114,True,100.0,497,13.3,64.4,27.7,0.452,MEDIO
2022,12,Dez,23003,Coreaú,CE,Noroeste Cearense,-3.5046,-40.7114,True,100.0,616,39.3,65.8,27.8,0.388,MEDIO
2023,1,Jan,23003,Coreaú,CE,Noroeste Cearense,-3.5046,-40.7114,True,100.0,86,142.0,65.4,27.5,0.216,BAIXO
2023,2,Fev,23003,Coreaú,CE,Noroeste Cearense,-3.5046,-40.7114,True,100.0,3,178.9,65.0,27.7,0.157,BAIXO
2023,3,Mar,23003,Coreaú,CE,Noroeste Cearense,-3.5046,-40.7114,True,100.0,0,412.8,66.8,27.5,0.138,BAIXO
2023,4,Abr,23003,Coreaú,CE,Noroeste Cearense,-3.5046,-40.7114,True,100.0,0,335.3,65.7,27.5,0.146,BAIXO
2023,5,Mai,23003,Coreaú,CE,Noroeste Cearense,-3.5046,-40.7114,True,100.0,0,56.4,65.3,27.6,0.352,MEDIO
2023,6,Jun,23003,Coreaú,CE,Noroeste Cearense,-3.5046,-40.7114,True,100.0,0,31.0,65.4,27.6,0.405,MEDIO
2023,7,Jul,23003,Coreaú,CE,Noroeste Cearense,-3.5046,-40.7114,True,100.0,8,10.0,65.7,27.6,0.453,MEDIO
2023,8,Ago,23003,Coreaú,CE,Noroeste Cearense,-3.5046,-40.7114,True,100.0,14,1.9,65.7,27.7,0.459,MEDIO
2023,9,Set,23003,Coreaú,CE,Noroeste Cearense,-3.5046,-40.7114,True,100.0,183,2.1,66.7,27.8,0.558,ALTO
2023,10,Out,23003,Coreaú,CE,Noroeste Cearense,-3.5046,-40.7114,True,100.0,198,2.1,66.2,27.5,0.561,ALTO
2023,11,Nov,23003,Coreaú,CE,Noroeste Cearense,-3.5046,-40.7114,True,100.0,530,6.1,64.4,27.7,0.759,CRITICO
2023,12,Dez,23003,Coreaú,CE,Noroeste Cearense,-3.5046,-40.7114,True,100.0,575,55.6,65.8,27.8,0.654,ALTO
2024,1,Jan,23003,Coreaú,CE,Noroeste Cearense,-3.5046,-40.7114,True,100.0,158,85.0,65.4,27.5,0.382,MEDIO
2024,2,Fev,23003,Coreaú,CE,Noroeste Cearense,-3.5046,-40.7114,True,100.0,8,310.6,65.0,27.7,0.16,BAIXO
2024,3,Mar,23003,Coreaú,CE,Noroeste Cearense,-3.5046,-40.7114,True,100.0,3,322.8,66.8,27.5,0.14,BAIXO
2024,4,Abr,23003,Coreaú,CE,Noroeste Cearense,-3.5046,-40.7114,True,100.0,2,312.4,65.7,27.5,0.147,BAIXO
2024,5,Mai,23003,Coreaú,CE,Noroeste Cearense,-3.5046,-40.7114,True,100.0,2,69.5,65.3,27.6,0.326,MEDIO
2024,6,Jun,23003,Coreaú,CE,Noroeste Cearense,-3.5046,-40.7114,True,100.0,2,31.6,65.4,27.6,0.405,MEDIO
2024,7,Jul,23003,Coreaú,CE,Noroeste Cearense,-3.5046,-40.7114,True,100.0,12,11.2,65.7,27.6,0.453,MEDIO
2024,8,Ago,23003,Coreaú,CE,Noroeste Cearense,-3.5046,-40.7114,True,100.0,63,3.0,65.7,27.7,0.488,MEDIO
2024,9,Set,23003,Coreaú,CE,Noroeste Cearense,-3.5046,-40.7114,True,100.0,89,2.4,66.7,27.8,0.502,ALTO
2024,10,Out,23003,Coreaú,CE,Noroeste Cearense,-3.5046,-40.7114,True,100.0,458,2.3,66.2,27.5,0.717,CRITICO
2024,11,Nov,23003,Coreaú,CE,Noroeste Cearense,-3.5046,-40.7114,True,100.0,626,4.2,64.4,27.7,0.759,CRITICO
2024,12,Dez,23003,Coreaú,CE,Noroeste Cearense,-3.5046,-40.7114,True,100.0,846,27.1,65.8,27.8,0.715,CRITICO
2022,1,Jan,23004,Meruoca,CE,Noroeste Cearense,-3.585,-40.4958,True,100.0,1,165.2,65.4,27.5,0.147,BAIXO
2022,2,Fev,23004,Meruoca,CE,Noroeste Cearense,-3.585,-40.4958,True,100.0,0,134.5,65.0,27.7,0.189,BAIXO
2022,3,Mar,23004,Meruoca,CE,Noroeste Cearense,-3.585,-40.4958,True,100.0,0,448.6,66.8,27.5,0.138,BAIXO
2022,4,Abr,23004,Meruoca,CE,Noroeste Cearense,-3.585,-40.4958,True,100.0,0,346.4,65.7,27.5,0.146,BAIXO
2022,5,Mai,23004,Meruoca,CE,Noroeste Cearense,-3.585,-40.4958,True,100.0,0,121.5,65.3,27.6,0.213,BAIXO
2022,6,Jun,23004,Meruoca,CE,Noroeste Cearense,-3.585,-40.4958,True,100.0,0,122.8,65.4,27.6,0.208,BAIXO
2022,7,Jul,23004,Meruoca,CE,Noroeste Cearense,-3.585,-40.4958,True,100.0,1,28.3,65.7,27.6,0.409,MEDIO
2022,8,Ago,23004,Meruoca,CE,Noroeste Cearense,-3.585,-40.4958,True,100.0,1,5.7,65.7,27.7,0.451,MEDIO
2022,9,Set,23004,Meruoca,CE,Noroeste Cearense,-3.585,-40.4958,True,100.0,1,2.3,66.7,27.8,0.448,MEDIO
2022,10,Out,23004,Meruoca,CE,Noroeste Cearense,-3.585,-40.4958,True,100.0,3,2.8,66.2,27.5,0.442,MEDIO
2022,11,Nov,23004,Meruoca,CE,Noroeste Cearense,-3.585,-40.4958,True,100.0,94,12.2,64.4,27.7,0.454,MEDIO
2022,12,Dez,23004,Meruoca,CE,Noroeste Cearense,-3.585,-40.4958,True,100.0,80,31.3,65.8,27.8,0.406,MEDIO
2023,1,Jan,23004,Meruoca,CE,Noroeste Cearense,-3.585,-40.4958,True,100.0,0,130.3,65.4,27.5,0.19,BAIXO
2023,2,Fev,23004,Meruoca,CE,Noroeste Cearense,-3.585,-40.4958,True,100.0,0,166.2,65.0,27.7,0.155,BAIXO
2023,3,Mar,23004,Meruoca,CE,Noroeste Cearense,-3.585,-40.4958,True,100.0,0,373.8,66.8,27.5,0.138,BAIXO
2023,4,Abr,23004,Meruoca,CE,Noroeste Cearense,-3.585,-40.4958,True,100.0,0,296.8,65.7,27.5,0.146,BAIXO
2023,5,Mai,23004,Meruoca,CE,Noroeste Cearense,-3.585,-40.4958,True,100.0,0,56.0,65.3,27.6,0.353,MEDIO
2023,6,Jun,23004,Meruoca,CE,Noroeste Cearense,-3.585,-40.4958,True,100.0,0,27.2,65.4,27.6,0.413,MEDIO
2023,7,Jul,23004,Meruoca,CE,Noroeste Cearense,-3.585,-40.4958,True,100.0,1,13.4,65.7,27.6,0.441,MEDIO
2023,8,Ago,23004,Meruoca,CE,Noroeste Cearense,-3.585,-40.4958,True,100.0,0,2.9,65.7,27.7,0.451,MEDIO
2023,9,Set,23004,Meruoca,CE,Noroeste Cearense,-3.585,-40.4958,True,100.0,2,2.0,66.7,27.8,0.449,MEDIO
2023,10,Out,23004,Meruoca,CE,Noroeste Cearense,-3.585,-40.4958,True,100.0,10,2.0,66.2,27.5,0.448,MEDIO
2023,11,Nov,23004,Meruoca,CE,Noroeste Cearense,-3.585,-40.4958,True,100.0,73,4.8,64.4,27.7,0.503,ALTO
2023,12,Dez,23004,Meruoca,CE,Noroeste Cearense,-3.585,-40.4958,True,100.0,92,54.6,65.8,27.8,0.411,MEDIO
2024,1,Jan,23004,Meruoca,CE,Noroeste Cearense,-3.585,-40.4958,True,100.0,7,94.9,65.4,27.5,0.27,BAIXO
2024,2,Fev,23004,Meruoca,CE,Noroeste Cearense,-3.585,-40.4958,True,100.0,0,290.2,65.0,27.7,0.155,BAIXO
2024,3,Mar,23004,Meruoca,CE,Noroeste Cearense,-3.585,-40.4958,True,100.0,0,283.9,66.8,27.5,0.138,BAIXO
2024,4,Abr,23004,Meruoca,CE,Noroeste Cearense,-3.585,-40.4958,True,100.0,0,320.6,65.7,27.5,0.146,BAIXO
2024,5,Mai,23004,Meruoca,CE,Noroeste Cearense,-3.585,-40.4958,True,100.0,0,88.4,65.3,27.6,0.284,BAIXO
2024,6,Jun,23004,Meruoca,CE,Noroeste Cearense,-3.585,-40.4958,True,100.0,0,35.6,65.4,27.6,0.395,MEDIO
2024,7,Jul,23004,Meruoca,CE,Noroeste Cearense,-3.585,-40.4958,True,100.0,1,9.7,65.7,27.6,0.449,MEDIO
2024,8,Ago,23004,Meruoca,CE,Noroeste Cearense,-3.585,-40.4958,True,100.0,0,5.1,65.7,27.7,0.451,MEDIO
2024,9,Set,23004,Meruoca,CE,Noroeste Cearense,-3.585,-40.4958,True,100.0,0,2.2,66.7,27.8,0.448,MEDIO
2024,10,Out,23004,Meruoca,CE,Noroeste Cearense,-3.585,-40.4958,True,100.0,3,2.1,66.2,27.5,0.444,MEDIO
2024,11,Nov,23004,Meruoca,CE,Noroeste Cearense,-3.585,-40.4958,True,100.0,64,3.7,64.4,27.7,0.497,MEDIO
2024,12,Dez,23004,Meruoca,CE,Noroeste Cearense,-3.585,-40.4958,True,100.0,119,22.9,65.8,27.8,0.495,MEDIO
2022,1,Jan,23005,Sobral,CE,Noroeste Cearense,-3.7353,-40.208,True,100.0,73,121.3,52.5,29.4,0.337,MEDIO
2022,2,Fev,23005,Sobral,CE,Noroeste Cearense,-3.7353,-40.208,True,100.0,50,76.3,56.5,28.0,0.374,MEDIO
2022,3,Mar,23005,Sobral,CE,Noroeste Cearense,-3.7353,-40.208,True,100.0,8,320.8,51.6,28.0,0.246,BAIXO
2022,4,Abr,23005,Sobral,CE,Noroeste Cearense,-3.7353,-40.208,True,100.0,0,237.5,48.2,28.7,0.285,BAIXO
2022,5,Mai,23005,Sobral,CE,Noroeste Cearense,-3.7353,-40.208,True,100.0,1,106.7,49.0,28.9,0.378,MEDIO
2022,6,Jun,23005,Sobral,CE,Noroeste Cearense,-3.7353,-40.208,True,100.0,9,77.6,55.5,28.1,0.38,MEDIO
2022,7,Jul,23005,Sobral,CE,Noroeste Cearense,-3.7353,-40.208,True,100.0,18,22.9,50.4,28.3,0.534,ALTO
2022,8,Ago,23005,Sobral,CE,Noroeste Cearense,-3.7353,-40.208,True,100.0,179,4.0,55.4,28.4,0.532,ALTO
2022,9,Set,23005,Sobral,CE,Noroeste Cearense,-3.7353,-40.208,True,100.0,318,1.9,55.5,28.0,0.522,ALTO
2022,10,Out,23005,Sobral,CE,Noroeste Cearense,-3.7353,-40.208,True,100.0,1288,2.3,56.0,27.8,0.514,ALTO
2022,11,Nov,23005,Sobral,CE,Noroeste Cearense,-3.7353,-40.208,True,100.0,1849,17.3,54.6,28.1,0.514,ALTO
2022,12,Dez,23005,Sobral,CE,Noroeste Cearense,-3.7353,-40.208,True,100.0,1565,35.4,57.2,27.9,0.454,MEDIO
2023,1,Jan,23005,Sobral,CE,Noroeste Cearense,-3.7353,-40.208,True,100.0,185,99.4,63.2,27.4,0.378,MEDIO
2023,2,Fev,23005,Sobral,CE,Noroeste Cearense,-3.7353,-40.208,True,100.0,19,122.9,62.0,27.6,0.241,BAIXO
2023,3,Mar,23005,Sobral,CE,Noroeste Cearense,-3.7353,-40.208,True,100.0,2,301.4,62.8,27.5,0.165,BAIXO
2023,4,Abr,23005,Sobral,CE,Noroeste Cearense,-3.7353,-40.208,True,100.0,0,217.5,62.1,27.5,0.168,BAIXO
2023,5,Mai,23005,Sobral,CE,Noroeste Cearense,-3.7353,-40.208,True,100.0,0,47.0,62.4,27.5,0.387,MEDIO
2023,6,Jun,23005,Sobral,CE,Noroeste Cearense,-3.7353,-40.208,True,100.0,2,24.9,63.8,27.4,0.424,MEDIO
2023,7,Jul,23005,Sobral,CE,Noroeste Cearense,-3.7353,-40.208,True,100.0,39,9.2,62.5,27.6,0.492,MEDIO
2023,8,Ago,23005,Sobral,CE,Noroeste Cearense,-3.7353,-40.208,True,100.0,210,2.4,61.1,27.8,0.608,ALTO
2023,9,Set,23005,Sobral,CE,Noroeste Cearense,-3.7353,-40.208,True,100.0,896,1.6,61.7,27.9,0.781,CRITICO
2023,10,Out,23005,Sobral,CE,Noroeste Cearense,-3.7353,-40.208,True,100.0,710,1.7,63.3,27.4,0.758,CRITICO
2023,11,Nov,23005,Sobral,CE,Noroeste Cearense,-3.7353,-40.208,True,100.0,1532,5.6,61.4,27.5,0.772,CRITICO
2023,12,Dez,23005,Sobral,CE,Noroeste Cearense,-3.7353,-40.208,True,100.0,1574,39.0,60.9,27.6,0.716,CRITICO
2024,1,Jan,23005,Sobral,CE,Noroeste Cearense,-3.7353,-40.208,True,100.0,230,69.2,69.8,27.3,0.426,MEDIO
2024,2,Fev,23005,Sobral,CE,Noroeste Cearense,-3.7353,-40.208,True,100.0,32,236.2,67.4,27.7,0.159,BAIXO
2024,3,Mar,23005,Sobral,CE,Noroeste Cearense,-3.7353,-40.208,True,100.0,2,241.6,67.4,27.6,0.139,BAIXO
2024,4,Abr,23005,Sobral,CE,Noroeste Cearense,-3.7353,-40.208,True,100.0,1,264.0,66.6,27.7,0.146,BAIXO
2024,5,Mai,23005,Sobral,CE,Noroeste Cearense,-3.7353,-40.208,True,100.0,4,71.0,64.4,28.0,0.338,MEDIO
2024,6,Jun,23005,Sobral,CE,Noroeste Cearense,-3.7353,-40.208,True,100.0,13,31.9,65.6,27.8,0.415,MEDIO
2024,7,Jul,23005,Sobral,CE,Noroeste Cearense,-3.7353,-40.208,True,100.0,68,7.8,67.3,27.1,0.466,MEDIO
2024,8,Ago,23005,Sobral,CE,Noroeste Cearense,-3.7353,-40.208,True,100.0,359,3.2,66.1,27.6,0.661,ALTO
2024,9,Set,23005,Sobral,CE,Noroeste Cearense,-3.7353,-40.208,True,100.0,640,1.9,66.7,27.5,0.739,CRITICO
2024,10,Out,23005,Sobral,CE,Noroeste Cearense,-3.7353,-40.208,True,100.0,996,2.0,70.8,27.1,0.704,CRITICO
2024,11,Nov,23005,Sobral,CE,Noroeste Cearense,-3.7353,-40.208,True,100.0,1759,4.6,69.7,27.3,0.716,CRITICO
2024,12,Dez,23005,Sobral,CE,Noroeste Cearense,-3.7353,-40.208,True,100.0,1800,20.9,69.1,27.7,0.706,CRITICO
2022,1,Jan,23006,Ipu,CE,Noroeste Cearense,-4.5358,-40.8509,True,100.0,23,170.5,65.4,27.5,0.147,BAIXO
2022,2,Fev,23006,Ipu,CE,Noroeste Cearense,-4.5358,-40.8509,True,100.0,11,86.2,65.0,27.7,0.292,BAIXO
2022,3,Mar,23006,Ipu,CE,Noroeste Cearense,-4.5358,-40.8509,True,100.0,5,294.6,66.8,27.5,0.138,BAIXO
2022,4,Abr,23006,Ipu,CE,Noroeste Cearense,-4.5358,-40.8509,True,100.0,0,172.1,65.7,27.5,0.146,BAIXO
2022,5,Mai,23006,Ipu,CE,Noroeste Cearense,-4.5358,-40.8509,True,100.0,0,114.4,65.3,27.6,0.228,BAIXO
2022,6,Jun,23006,Ipu,CE,Noroeste Cearense,-4.5358,-40.8509,True,100.0,47,80.3,65.4,27.6,0.299,BAIXO
2022,7,Jul,23006,Ipu,CE,Noroeste Cearense,-4.5358,-40.8509,True,100.0,10,21.3,65.7,27.6,0.424,MEDIO
2022,8,Ago,23006,Ipu,CE,Noroeste Cearense,-4.5358,-40.8509,True,100.0,79,5.7,65.7,27.7,0.451,MEDIO
2022,9,Set,23006,Ipu,CE,Noroeste Cearense,-4.5358,-40.8509,True,100.0,79,3.1,66.7,27.8,0.448,MEDIO
2022,10,Out,23006,Ipu,CE,Noroeste Cearense,-4.5358,-40.8509,True,100.0,562,4.2,66.2,27.5,0.442,MEDIO
2022,11,Nov,23006,Ipu,CE,Noroeste Cearense,-4.5358,-40.8509,True,100.0,2038,28.7,64.4,27.7,0.419,MEDIO
2022,12,Dez,23006,Ipu,CE,Noroeste Cearense,-4.5358,-40.8509,True,100.0,787,37.1,65.8,27.8,0.393,MEDIO
2023,1,Jan,23006,Ipu,CE,Noroeste Cearense,-4.5358,-40.8509,True,100.0,81,103.8,65.4,27.5,0.295,BAIXO
2023,2,Fev,23006,Ipu,CE,Noroeste Cearense,-4.5358,-40.8509,True,100.0,9,134.2,65.0,27.7,0.195,BAIXO
2023,3,Mar,23006,Ipu,CE,Noroeste Cearense,-4.5358,-40.8509,True,100.0,12,301.7,66.8,27.5,0.146,BAIXO
2023,4,Abr,23006,Ipu,CE,Noroeste Cearense,-4.5358,-40.8509,True,100.0,0,218.1,65.7,27.5,0.146,BAIXO
2023,5,Mai,23006,Ipu,CE,Noroeste Cearense,-4.5358,-40.8509,True,100.0,1,55.5,65.3,27.6,0.355,MEDIO
2023,6,Jun,23006,Ipu,CE,Noroeste Cearense,-4.5358,-40.8509,True,100.0,5,17.3,65.4,27.6,0.437,MEDIO
2023,7,Jul,23006,Ipu,CE,Noroeste Cearense,-4.5358,-40.8509,True,100.0,44,7.6,65.7,27.6,0.475,MEDIO
2023,8,Ago,23006,Ipu,CE,Noroeste Cearense,-4.5358,-40.8509,True,100.0,47,3.7,65.7,27.7,0.479,MEDIO
2023,9,Set,23006,Ipu,CE,Noroeste Cearense,-4.5358,-40.8509,True,100.0,498,2.9,66.7,27.8,0.747,CRITICO
2023,10,Out,23006,Ipu,CE,Noroeste Cearense,-4.5358,-40.8509,True,100.0,1367,2.1,66.2,27.5,0.742,CRITICO
2023,11,Nov,23006,Ipu,CE,Noroeste Cearense,-4.5358,-40.8509,True,100.0,1341,8.5,64.4,27.7,0.759,CRITICO
2023,12,Dez,23006,Ipu,CE,Noroeste Cearense,-4.5358,-40.8509,True,100.0,869,62.1,65.8,27.8,0.64,ALTO
2024,1,Jan,23006,Ipu,CE,Noroeste Cearense,-4.5358,-40.8509,True,100.0,146,63.2,65.4,27.5,0.421,MEDIO
2024,2,Fev,23006,Ipu,CE,Noroeste Cearense,-4.5358,-40.8509,True,100.0,20,314.7,65.0,27.7,0.167,BAIXO
2024,3,Mar,23006,Ipu,CE,Noroeste Cearense,-4.5358,-40.8509,True,100.0,3,188.0,66.8,27.5,0.14,BAIXO
2024,4,Abr,23006,Ipu,CE,Noroeste Cearense,-4.5358,-40.8509,True,100.0,0,212.1,65.7,27.5,0.146,BAIXO
2024,5,Mai,23006,Ipu,CE,Noroeste Cearense,-4.5358,-40.8509,True,100.0,3,67.6,65.3,27.6,0.33,MEDIO
2024,6,Jun,23006,Ipu,CE,Noroeste Cearense,-4.5358,-40.8509,True,100.0,5,13.1,65.4,27.6,0.446,MEDIO
2024,7,Jul,23006,Ipu,CE,Noroeste Cearense,-4.5358,-40.8509,True,100.0,48,7.1,65.7,27.6,0.477,MEDIO
2024,8,Ago,23006,Ipu,CE,Noroeste Cearense,-4.5358,-40.8509,True,100.0,155,4.0,65.7,27.7,0.544,ALTO
2024,9,Set,23006,Ipu,CE,Noroeste Cearense,-4.5358,-40.8509,True,100.0,131,3.2,66.7,27.8,0.527,ALTO
2024,10,Out,23006,Ipu,CE,Noroeste Cearense,-4.5358,-40.8509,True,100.0,600,2.6,66.2,27.5,0.742,CRITICO
2024,11,Nov,23006,Ipu,CE,Noroeste Cearense,-4.5358,-40.8509,True,100.0,1158,7.1,64.4,27.7,0.759,CRITICO
2024,12,Dez,23006,Ipu,CE,Noroeste Cearense,-4.5358,-40.8509,True,100.0,1173,23.1,65.8,27.8,0.723,CRITICO
2022,1,Jan,23007,Santa Quitéria,CE,Noroeste Cearense,-4.3945,-40.1174,True,100.0,15,120.2,65.4,27.5,0.211,BAIXO
2022,2,Fev,23007,Santa Quitéria,CE,Noroeste Cearense,-4.3945,-40.1174,True,100.0,10,42.7,65.0,27.7,0.385,MEDIO
2022,3,Mar,23007,Santa Quitéria,CE,Noroeste Cearense,-4.3945,-40.1174,True,100.0,6,252.8,66.8,27.5,0.138,BAIXO
2022,4,Abr,23007,Santa Quitéria,CE,Noroeste Cearense,-4.3945,-40.1174,True,100.0,0,185.9,65.7,27.5,0.146,BAIXO
2022,5,Mai,23007,Santa Quitéria,CE,Noroeste Cearense,-4.3945,-40.1174,True,100.0,0,88.2,65.3,27.6,0.284,BAIXO
2022,6,Jun,23007,Santa Quitéria,CE,Noroeste Cearense,-4.3945,-40.1174,True,100.0,8,60.3,65.4,27.6,0.342,MEDIO
2022,7,Jul,23007,Santa Quitéria,CE,Noroeste Cearense,-4.3945,-40.1174,True,100.0,17,22.4,65.7,27.6,0.422,MEDIO
2022,8,Ago,23007,Santa Quitéria,CE,Noroeste Cearense,-4.3945,-40.1174,True,100.0,179,5.5,65.7,27.7,0.451,MEDIO
2022,9,Set,23007,Santa Quitéria,CE,Noroeste Cearense,-4.3945,-40.1174,True,100.0,91,1.9,66.7,27.8,0.448,MEDIO
2022,10,Out,23007,Santa Quitéria,CE,Noroeste Cearense,-4.3945,-40.1174,True,100.0,621,2.3,66.2,27.5,0.442,MEDIO
2022,11,Nov,23007,Santa Quitéria,CE,Noroeste Cearense,-4.3945,-40.1174,True,100.0,1096,13.9,64.4,27.7,0.451,MEDIO
2022,12,Dez,23007,Santa Quitéria,CE,Noroeste Cearense,-4.3945,-40.1174,True,100.0,671,29.7,65.8,27.8,0.409,MEDIO
2023,1,Jan,23007,Santa Quitéria,CE,Noroeste Cearense,-4.3945,-40.1174,True,100.0,75,66.7,65.4,27.5,0.371,MEDIO
2023,2,Fev,23007,Santa Quitéria,CE,Noroeste Cearense,-4.3945,-40.1174,True,100.0,8,100.9,65.0,27.7,0.265,BAIXO
2023,3,Mar,23007,Santa Quitéria,CE,Noroeste Cearense,-4.3945,-40.1174,True,100.0,1,282.2,66.8,27.5,0.139,BAIXO
2023,4,Abr,23007,Santa Quitéria,CE,Noroeste Cearense,-4.3945,-40.1174,True,100.0,0,183.6,65.7,27.5,0.146,BAIXO
2023,5,Mai,23007,Santa Quitéria,CE,Noroeste Cearense,-4.3945,-40.1174,True,100.0,0,44.7,65.3,27.6,0.378,MEDIO
2023,6,Jun,23007,Santa Quitéria,CE,Noroeste Cearense,-4.3945,-40.1174,True,100.0,2,25.1,65.4,27.6,0.419,MEDIO
2023,7,Jul,23007,Santa Quitéria,CE,Noroeste Cearense,-4.3945,-40.1174,True,100.0,10,9.3,65.7,27.6,0.454,MEDIO
2023,8,Ago,23007,Santa Quitéria,CE,Noroeste Cearense,-4.3945,-40.1174,True,100.0,68,3.5,65.7,27.7,0.491,MEDIO
2023,9,Set,23007,Santa Quitéria,CE,Noroeste Cearense,-4.3945,-40.1174,True,100.0,327,1.8,66.7,27.8,0.644,ALTO
2023,10,Out,23007,Santa Quitéria,CE,Noroeste Cearense,-4.3945,-40.1174,True,100.0,755,1.5,66.2,27.5,0.742,CRITICO
2023,11,Nov,23007,Santa Quitéria,CE,Noroeste Cearense,-4.3945,-40.1174,True,100.0,638,5.7,64.4,27.7,0.759,CRITICO
2023,12,Dez,23007,Santa Quitéria,CE,Noroeste Cearense,-4.3945,-40.1174,True,100.0,608,42.0,65.8,27.8,0.683,ALTO
2024,1,Jan,23007,Santa Quitéria,CE,Noroeste Cearense,-4.3945,-40.1174,True,100.0,80,55.3,65.4,27.5,0.398,MEDIO
2024,2,Fev,23007,Santa Quitéria,CE,Noroeste Cearense,-4.3945,-40.1174,True,100.0,9,232.5,65.0,27.7,0.161,BAIXO
2024,3,Mar,23007,Santa Quitéria,CE,Noroeste Cearense,-4.3945,-40.1174,True,100.0,0,197.6,66.8,27.5,0.138,BAIXO
2024,4,Abr,23007,Santa Quitéria,CE,Noroeste Cearense,-4.3945,-40.1174,True,100.0,0,189.3,65.7,27.5,0.146,BAIXO
2024,5,Mai,23007,Santa Quitéria,CE,Noroeste Cearense,-4.3945,-40.1174,True,100.0,0,66.1,65.3,27.6,0.332,MEDIO
2024,6,Jun,23007,Santa Quitéria,CE,Noroeste Cearense,-4.3945,-40.1174,True,100.0,5,25.8,65.4,27.6,0.419,MEDIO
2024,7,Jul,23007,Santa Quitéria,CE,Noroeste Cearense,-4.3945,-40.1174,True,100.0,8,9.0,65.7,27.6,0.453,MEDIO
2024,8,Ago,23007,Santa Quitéria,CE,Noroeste Cearense,-4.3945,-40.1174,True,100.0,57,3.5,65.7,27.7,0.485,MEDIO
2024,9,Set,23007,Santa Quitéria,CE,Noroeste Cearense,-4.3945,-40.1174,True,100.0,61,1.9,66.7,27.8,0.485,MEDIO
2024,10,Out,23007,Santa Quitéria,CE,Noroeste Cearense,-4.3945,-40.1174,True,100.0,611,1.8,66.2,27.5,0.742,CRITICO
2024,11,Nov,23007,Santa Quitéria,CE,Noroeste Cearense,-4.3945,-40.1174,True,100.0,899,4.1,64.4,27.7,0.759,CRITICO
2024,12,Dez,23007,Santa Quitéria,CE,Noroeste Cearense,-4.3945,-40.1174,True,100.0,848,16.5,65.8,27.8,0.737,CRITICO
2022,1,Jan,23008,Itapipoca,CE,Norte Cearense,-3.3318,-39.5969,True,100.0,93,64.8,61.7,27.9,0.363,MEDIO
2022,2,Fev,23008,Itapipoca,CE,Norte Cearense,-3.3318,-39.5969,True,100.0,17,43.5,59.1,28.1,0.43,MEDIO
2022,3,Mar,23008,Itapipoca,CE,Norte Cearense,-3.3318,-39.5969,True,100.0,1,216.1,59.2,28.2,0.204,BAIXO
2022,4,Abr,23008,Itapipoca,CE,Norte Cearense,-3.3318,-39.5969,True,100.0,0,184.4,59.9,28.3,0.202,BAIXO
2022,5,Mai,23008,Itapipoca,CE,Norte Cearense,-3.3318,-39.5969,True,100.0,1,102.9,61.4,28.0,0.286,BAIXO
2022,6,Jun,23008,Itapipoca,CE,Norte Cearense,-3.3318,-39.5969,True,100.0,0,37.6,61.0,28.1,0.431,MEDIO
2022,7,Jul,23008,Itapipoca,CE,Norte Cearense,-3.3318,-39.5969,True,100.0,6,30.6,58.5,28.3,0.466,MEDIO
2022,8,Ago,23008,Itapipoca,CE,Norte Cearense,-3.3318,-39.5969,True,100.0,50,3.0,58.1,28.5,0.518,ALTO
2022,9,Set,23008,Itapipoca,CE,Norte Cearense,-3.3318,-39.5969,True,100.0,103,2.3,60.5,28.2,0.496,MEDIO
2022,10,Out,23008,Itapipoca,CE,Norte Cearense,-3.3318,-39.5969,True,100.0,156,2.3,61.2,28.1,0.489,MEDIO
2022,11,Nov,23008,Itapipoca,CE,Norte Cearense,-3.3318,-39.5969,True,100.0,233,16.7,59.9,28.1,0.483,MEDIO
2022,12,Dez,23008,Itapipoca,CE,Norte Cearense,-3.3318,-39.5969,True,100.0,925,37.4,60.2,28.2,0.439,MEDIO
2023,1,Jan,23008,Itapipoca,CE,Norte Cearense,-3.3318,-39.5969,True,100.0,169,78.1,68.7,27.6,0.385,MEDIO
2023,2,Fev,23008,Itapipoca,CE,Norte Cearense,-3.3318,-39.5969,True,100.0,7,89.2,68.6,27.7,0.267,BAIXO
2023,3,Mar,23008,Itapipoca,CE,Norte Cearense,-3.3318,-39.5969,True,100.0,3,223.6,69.3,27.6,0.127,BAIXO
2023,4,Abr,23008,Itapipoca,CE,Norte Cearense,-3.3318,-39.5969,True,100.0,1,162.8,67.3,27.9,0.146,BAIXO
2023,5,Mai,23008,Itapipoca,CE,Norte Cearense,-3.3318,-39.5969,True,100.0,2,40.6,66.3,28.1,0.393,MEDIO
2023,6,Jun,23008,Itapipoca,CE,Norte Cearense,-3.3318,-39.5969,True,100.0,11,19.2,66.9,27.8,0.433,MEDIO
2023,7,Jul,23008,Itapipoca,CE,Norte Cearense,-3.3318,-39.5969,True,100.0,222,11.2,65.7,28.1,0.591,ALTO
2023,8,Ago,23008,Itapipoca,CE,Norte Cearense,-3.3318,-39.5969,True,100.0,167,2.6,65.7,28.2,0.563,ALTO
2023,9,Set,23008,Itapipoca,CE,Norte Cearense,-3.3318,-39.5969,True,100.0,217,2.1,66.4,28.0,0.584,ALTO
2023,10,Out,23008,Itapipoca,CE,Norte Cearense,-3.3318,-39.5969,True,100.0,270,2.2,66.2,27.8,0.612,ALTO
2023,11,Nov,23008,Itapipoca,CE,Norte Cearense,-3.3318,-39.5969,True,100.0,342,3.2,65.9,27.8,0.657,ALTO
2023,12,Dez,23008,Itapipoca,CE,Norte Cearense,-3.3318,-39.5969,True,100.0,1023,9.6,65.4,28.0,0.76,CRITICO
2024,1,Jan,23008,Itapipoca,CE,Norte Cearense,-3.3318,-39.5969,True,100.0,300,22.4,77.7,27.6,0.543,ALTO
2024,2,Fev,23008,Itapipoca,CE,Norte Cearense,-3.3318,-39.5969,True,100.0,59,149.9,75.4,28.0,0.136,BAIXO
2024,3,Mar,23008,Itapipoca,CE,Norte Cearense,-3.3318,-39.5969,True,100.0,2,204.4,70.4,28.8,0.15,BAIXO
2024,4,Abr,23008,Itapipoca,CE,Norte Cearense,-3.3318,-39.5969,True,100.0,0,244.9,67.5,28.9,0.169,BAIXO
2024,5,Mai,23008,Itapipoca,CE,Norte Cearense,-3.3318,-39.5969,True,100.0,5,79.5,68.7,28.6,0.308,MEDIO
2024,6,Jun,23008,Itapipoca,CE,Norte Cearense,-3.3318,-39.5969,True,100.0,9,38.9,68.9,28.7,0.399,MEDIO
2024,7,Jul,23008,Itapipoca,CE,Norte Cearense,-3.3318,-39.5969,True,100.0,44,7.6,72.2,28.1,0.446,MEDIO
2024,8,Ago,23008,Itapipoca,CE,Norte Cearense,-3.3318,-39.5969,True,100.0,54,2.6,69.6,28.5,0.479,MEDIO
2024,9,Set,23008,Itapipoca,CE,Norte Cearense,-3.3318,-39.5969,True,100.0,212,2.1,68.2,28.8,0.59,ALTO
2024,10,Out,23008,Itapipoca,CE,Norte Cearense,-3.3318,-39.5969,True,100.0,100,2.4,75.4,27.5,0.448,MEDIO
2024,11,Nov,23008,Itapipoca,CE,Norte Cearense,-3.3318,-39.5969,True,100.0,282,3.0,70.3,28.3,0.606,ALTO
2024,12,Dez,23008,Itapipoca,CE,Norte Cearense,-3.3318,-39.5969,True,100.0,1300,17.3,72.1,28.3,0.71,CRITICO
2022,1,Jan,23009,Baixo Curu,CE,Norte Cearense,-3.5391,-39.0794,True,100.0,32,122.6,65.4,27.5,0.206,BAIXO
2022,2,Fev,23009,Baixo Curu,CE,Norte Cearense,-3.5391,-39.0794,True,100.0,4,79.1,65.0,27.7,0.307,MEDIO
2022,3,Mar,23009,Baixo Curu,CE,Norte Cearense,-3.5391,-39.0794,True,100.0,4,340.4,66.8,27.5,0.138,BAIXO
2022,4,Abr,23009,Baixo Curu,CE,Norte Cearense,-3.5391,-39.0794,True,100.0,6,225.2,65.7,27.5,0.146,BAIXO
2022,5,Mai,23009,Baixo Curu,CE,Norte Cearense,-3.5391,-39.0794,True,100.0,5,134.1,65.3,27.6,0.186,BAIXO
2022,6,Jun,23009,Baixo Curu,CE,Norte Cearense,-3.5391,-39.0794,True,100.0,0,63.2,65.4,27.6,0.336,MEDIO
2022,7,Jul,23009,Baixo Curu,CE,Norte Cearense,-3.5391,-39.0794,True,100.0,3,41.8,65.7,27.6,0.38,MEDIO
2022,8,Ago,23009,Baixo Curu,CE,Norte Cearense,-3.5391,-39.0794,True,100.0,29,4.0,65.7,27.7,0.451,MEDIO
2022,9,Set,23009,Baixo Curu,CE,Norte Cearense,-3.5391,-39.0794,True,100.0,73,1.6,66.7,27.8,0.448,MEDIO
2022,10,Out,23009,Baixo Curu,CE,Norte Cearense,-3.5391,-39.0794,True,100.0,133,1.6,66.2,27.5,0.442,MEDIO
2022,11,Nov,23009,Baixo Curu,CE,Norte Cearense,-3.5391,-39.0794,True,100.0,235,6.1,64.4,27.7,0.459,MEDIO
2022,12,Dez,23009,Baixo Curu,CE,Norte Cearense,-3.5391,-39.0794,True,100.0,177,6.6,65.8,27.8,0.451,MEDIO
2023,1,Jan,23009,Baixo Curu,CE,Norte Cearense,-3.5391,-39.0794,True,100.0,49,85.1,65.4,27.5,0.316,MEDIO
2023,2,Fev,23009,Baixo Curu,CE,Norte Cearense,-3.5391,-39.0794,True,100.0,3,73.3,65.0,27.7,0.321,MEDIO
2023,3,Mar,23009,Baixo Curu,CE,Norte Cearense,-3.5391,-39.0794,True,100.0,1,202.1,66.8,27.5,0.139,BAIXO
2023,4,Abr,23009,Baixo Curu,CE,Norte Cearense,-3.5391,-39.0794,True,100.0,2,120.9,65.7,27.5,0.209,BAIXO
2023,5,Mai,23009,Baixo Curu,CE,Norte Cearense,-3.5391,-39.0794,True,100.0,9,37.0,65.3,27.6,0.399,MEDIO
2023,6,Jun,23009,Baixo Curu,CE,Norte Cearense,-3.5391,-39.0794,True,100.0,6,22.0,65.4,27.6,0.428,MEDIO
2023,7,Jul,23009,Baixo Curu,CE,Norte Cearense,-3.5391,-39.0794,True,100.0,17,6.7,65.7,27.6,0.458,MEDIO
2023,8,Ago,23009,Baixo Curu,CE,Norte Cearense,-3.5391,-39.0794,True,100.0,37,3.0,65.7,27.7,0.473,MEDIO
2023,9,Set,23009,Baixo Curu,CE,Norte Cearense,-3.5391,-39.0794,True,100.0,108,1.5,66.7,27.8,0.513,ALTO
2023,10,Out,23009,Baixo Curu,CE,Norte Cearense,-3.5391,-39.0794,True,100.0,176,1.2,66.2,27.5,0.548,ALTO
2023,11,Nov,23009,Baixo Curu,CE,Norte Cearense,-3.5391,-39.0794,True,100.0,116,11.5,64.4,27.7,0.525,ALTO
2023,12,Dez,23009,Baixo Curu,CE,Norte Cearense,-3.5391,-39.0794,True,100.0,154,12.6,65.8,27.8,0.538,ALTO
2024,1,Jan,23009,Baixo Curu,CE,Norte Cearense,-3.5391,-39.0794,True,100.0,107,17.0,65.4,27.5,0.497,MEDIO
2024,2,Fev,23009,Baixo Curu,CE,Norte Cearense,-3.5391,-39.0794,True,100.0,31,186.3,65.0,27.7,0.174,BAIXO
2024,3,Mar,23009,Baixo Curu,CE,Norte Cearense,-3.5391,-39.0794,True,100.0,0,201.0,66.8,27.5,0.138,BAIXO
2024,4,Abr,23009,Baixo Curu,CE,Norte Cearense,-3.5391,-39.0794,True,100.0,0,196.0,65.7,27.5,0.146,BAIXO
2024,5,Mai,23009,Baixo Curu,CE,Norte Cearense,-3.5391,-39.0794,True,100.0,3,161.2,65.3,27.6,0.154,BAIXO
2024,6,Jun,23009,Baixo Curu,CE,Norte Cearense,-3.5391,-39.0794,True,100.0,12,50.4,65.4,27.6,0.371,MEDIO
2024,7,Jul,23009,Baixo Curu,CE,Norte Cearense,-3.5391,-39.0794,True,100.0,21,7.8,65.7,27.6,0.461,MEDIO
2024,8,Ago,23009,Baixo Curu,CE,Norte Cearense,-3.5391,-39.0794,True,100.0,58,1.9,65.7,27.7,0.485,MEDIO
2024,9,Set,23009,Baixo Curu,CE,Norte Cearense,-3.5391,-39.0794,True,100.0,67,1.3,66.7,27.8,0.488,MEDIO
2024,10,Out,23009,Baixo Curu,CE,Norte Cearense,-3.5391,-39.0794,True,100.0,74,1.7,66.2,27.5,0.487,MEDIO
2024,11,Nov,23009,Baixo Curu,CE,Norte Cearense,-3.5391,-39.0794,True,100.0,104,2.3,64.4,27.7,0.521,ALTO
2024,12,Dez,23009,Baixo Curu,CE,Norte Cearense,-3.5391,-39.0794,True,100.0,162,19.9,65.8,27.8,0.527,ALTO
2022,1,Jan,23010,Uruburetama,CE,Norte Cearense,-3.6744,-39.4796,True,100.0,11,68.7,65.4,27.5,0.322,MEDIO
2022,2,Fev,23010,Uruburetama,CE,Norte Cearense,-3.6744,-39.4796,True,100.0,1,56.3,65.0,27.7,0.356,MEDIO
2022,3,Mar,23010,Uruburetama,CE,Norte Cearense,-3.6744,-39.4796,True,100.0,1,174.9,66.8,27.5,0.138,BAIXO
2022,4,Abr,23010,Uruburetama,CE,Norte Cearense,-3.6744,-39.4796,True,100.0,0,167.8,65.7,27.5,0.146,BAIXO
2022,5,Mai,23010,Uruburetama,CE,Norte Cearense,-3.6744,-39.4796,True,100.0,0,122.7,65.3,27.6,0.21,BAIXO
2022,6,Jun,23010,Uruburetama,CE,Norte Cearense,-3.6744,-39.4796,True,100.0,0,43.1,65.4,27.6,0.379,MEDIO
2022,7,Jul,23010,Uruburetama,CE,Norte Cearense,-3.6744,-39.4796,True,100.0,0,21.6,65.7,27.6,0.423,MEDIO
2022,8,Ago,23010,Uruburetama,CE,Norte Cearense,-3.6744,-39.4796,True,100.0,11,3.4,65.7,27.7,0.451,MEDIO
2022,9,Set,23010,Uruburetama,CE,Norte Cearense,-3.6744,-39.4796,True,100.0,62,1.7,66.7,27.8,0.448,MEDIO
2022,10,Out,23010,Uruburetama,CE,Norte Cearense,-3.6744,-39.4796,True,100.0,101,1.0,66.2,27.5,0.442,MEDIO
2022,11,Nov,23010,Uruburetama,CE,Norte Cearense,-3.6744,-39.4796,True,100.0,205,8.0,64.4,27.7,0.459,MEDIO
2022,12,Dez,23010,Uruburetama,CE,Norte Cearense,-3.6744,-39.4796,True,100.0,310,18.7,65.8,27.8,0.433,MEDIO
2023,1,Jan,23010,Uruburetama,CE,Norte Cearense,-3.6744,-39.4796,True,100.0,53,56.8,65.4,27.5,0.379,MEDIO
2023,2,Fev,23010,Uruburetama,CE,Norte Cearense,-3.6744,-39.4796,True,100.0,0,73.8,65.0,27.7,0.319,MEDIO
2023,3,Mar,23010,Uruburetama,CE,Norte Cearense,-3.6744,-39.4796,True,100.0,1,208.7,66.8,27.5,0.139,BAIXO
2023,4,Abr,23010,Uruburetama,CE,Norte Cearense,-3.6744,-39.4796,True,100.0,0,127.5,65.7,27.5,0.194,BAIXO
2023,5,Mai,23010,Uruburetama,CE,Norte Cearense,-3.6744,-39.4796,True,100.0,0,41.8,65.3,27.6,0.384,MEDIO
2023,6,Jun,23010,Uruburetama,CE,Norte Cearense,-3.6744,-39.4796,True,100.0,1,23.1,65.4,27.6,0.423,MEDIO
2023,7,Jul,23010,Uruburetama,CE,Norte Cearense,-3.6744,-39.4796,True,100.0,4,9.4,65.7,27.6,0.451,MEDIO
2023,8,Ago,23010,Uruburetama,CE,Norte Cearense,-3.6744,-39.4796,True,100.0,29,3.0,65.7,27.7,0.468,MEDIO
2023,9,Set,23010,Uruburetama,CE,Norte Cearense,-3.6744,-39.4796,True,100.0,50,1.6,66.7,27.8,0.478,MEDIO
2023,10,Out,23010,Uruburetama,CE,Norte Cearense,-3.6744,-39.4796,True,100.0,123,1.0,66.2,27.5,0.516,ALTO
2023,11,Nov,23010,Uruburetama,CE,Norte Cearense,-3.6744,-39.4796,True,100.0,229,2.2,64.4,27.7,0.596,ALTO
2023,12,Dez,23010,Uruburetama,CE,Norte Cearense,-3.6744,-39.4796,True,100.0,252,13.3,65.8,27.8,0.595,ALTO
2024,1,Jan,23010,Uruburetama,CE,Norte Cearense,-3.6744,-39.4796,True,100.0,82,20.9,65.4,27.5,0.473,MEDIO
2024,2,Fev,23010,Uruburetama,CE,Norte Cearense,-3.6744,-39.4796,True,100.0,17,131.3,65.0,27.7,0.206,BAIXO
2024,3,Mar,23010,Uruburetama,CE,Norte Cearense,-3.6744,-39.4796,True,100.0,0,148.2,66.8,27.5,0.142,BAIXO
2024,4,Abr,23010,Uruburetama,CE,Norte Cearense,-3.6744,-39.4796,True,100.0,0,224.7,65.7,27.5,0.146,BAIXO
2024,5,Mai,23010,Uruburetama,CE,Norte Cearense,-3.6744,-39.4796,True,100.0,0,68.1,65.3,27.6,0.327,MEDIO
2024,6,Jun,23010,Uruburetama,CE,Norte Cearense,-3.6744,-39.4796,True,100.0,0,41.6,65.4,27.6,0.382,MEDIO
2024,7,Jul,23010,Uruburetama,CE,Norte Cearense,-3.6744,-39.4796,True,100.0,10,7.1,65.7,27.6,0.454,MEDIO
2024,8,Ago,23010,Uruburetama,CE,Norte Cearense,-3.6744,-39.4796,True,100.0,25,2.5,65.7,27.7,0.466,MEDIO
2024,9,Set,23010,Uruburetama,CE,Norte Cearense,-3.6744,-39.4796,True,100.0,70,1.6,66.7,27.8,0.49,MEDIO
2024,10,Out,23010,Uruburetama,CE,Norte Cearense,-3.6744,-39.4796,True,100.0,44,1.1,66.2,27.5,0.469,MEDIO
2024,11,Nov,23010,Uruburetama,CE,Norte Cearense,-3.6744,-39.4796,True,100.0,223,2.0,64.4,27.7,0.593,ALTO
2024,12,Dez,23010,Uruburetama,CE,Norte Cearense,-3.6744,-39.4796,True,100.0,431,15.4,65.8,27.8,0.698,ALTO
2022,1,Jan,23011,Médio Curu,CE,Norte Cearense,-3.8996,-39.3141,True,100.0,24,127.6,65.4,27.5,0.195,BAIXO
2022,2,Fev,23011,Médio Curu,CE,Norte Cearense,-3.8996,-39.3141,True,100.0,3,89.4,65.0,27.7,0.285,BAIXO
2022,3,Mar,23011,Médio Curu,CE,Norte Cearense,-3.8996,-39.3141,True,100.0,3,266.1,66.8,27.5,0.138,BAIXO
2022,4,Abr,23011,Médio Curu,CE,Norte Cearense,-3.8996,-39.3141,True,100.0,0,245.2,65.7,27.5,0.146,BAIXO
2022,5,Mai,23011,Médio Curu,CE,Norte Cearense,-3.8996,-39.3141,True,100.0,3,146.9,65.3,27.6,0.159,BAIXO
2022,6,Jun,23011,Médio Curu,CE,Norte Cearense,-3.8996,-39.3141,True,100.0,0,73.8,65.4,27.6,0.313,MEDIO
2022,7,Jul,23011,Médio Curu,CE,Norte Cearense,-3.8996,-39.3141,True,100.0,22,34.6,65.7,27.6,0.395,MEDIO
2022,8,Ago,23011,Médio Curu,CE,Norte Cearense,-3.8996,-39.3141,True,100.0,65,4.9,65.7,27.7,0.451,MEDIO
2022,9,Set,23011,Médio Curu,CE,Norte Cearense,-3.8996,-39.3141,True,100.0,79,1.8,66.7,27.8,0.448,MEDIO
2022,10,Out,23011,Médio Curu,CE,Norte Cearense,-3.8996,-39.3141,True,100.0,180,1.8,66.2,27.5,0.442,MEDIO
2022,11,Nov,23011,Médio Curu,CE,Norte Cearense,-3.8996,-39.3141,True,100.0,231,11.0,64.4,27.7,0.457,MEDIO
2022,12,Dez,23011,Médio Curu,CE,Norte Cearense,-3.8996,-39.3141,True,100.0,253,17.5,65.8,27.8,0.435,MEDIO
2023,1,Jan,23011,Médio Curu,CE,Norte Cearense,-3.8996,-39.3141,True,100.0,31,81.2,65.4,27.5,0.314,MEDIO
2023,2,Fev,23011,Médio Curu,CE,Norte Cearense,-3.8996,-39.3141,True,100.0,5,93.9,65.0,27.7,0.279,BAIXO
2023,3,Mar,23011,Médio Curu,CE,Norte Cearense,-3.8996,-39.3141,True,100.0,0,256.3,66.8,27.5,0.138,BAIXO
2023,4,Abr,23011,Médio Curu,CE,Norte Cearense,-3.8996,-39.3141,True,100.0,1,164.2,65.7,27.5,0.146,BAIXO
2023,5,Mai,23011,Médio Curu,CE,Norte Cearense,-3.8996,-39.3141,True,100.0,2,55.6,65.3,27.6,0.355,MEDIO
2023,6,Jun,23011,Médio Curu,CE,Norte Cearense,-3.8996,-39.3141,True,100.0,1,34.0,65.4,27.6,0.399,MEDIO
2023,7,Jul,23011,Médio Curu,CE,Norte Cearense,-3.8996,-39.3141,True,100.0,35,11.3,65.7,27.6,0.466,MEDIO
2023,8,Ago,23011,Médio Curu,CE,Norte Cearense,-3.8996,-39.3141,True,100.0,19,4.3,65.7,27.7,0.462,MEDIO
2023,9,Set,23011,Médio Curu,CE,Norte Cearense,-3.8996,-39.3141,True,100.0,68,1.7,66.7,27.8,0.489,MEDIO
2023,10,Out,23011,Médio Curu,CE,Norte Cearense,-3.8996,-39.3141,True,100.0,174,1.6,66.2,27.5,0.547,ALTO
2023,11,Nov,23011,Médio Curu,CE,Norte Cearense,-3.8996,-39.3141,True,100.0,291,6.2,64.4,27.7,0.634,ALTO
2023,12,Dez,23011,Médio Curu,CE,Norte Cearense,-3.8996,-39.3141,True,100.0,296,21.8,65.8,27.8,0.604,ALTO
2024,1,Jan,23011,Médio Curu,CE,Norte Cearense,-3.8996,-39.3141,True,100.0,106,28.7,65.4,27.5,0.471,MEDIO
2024,2,Fev,23011,Médio Curu,CE,Norte Cearense,-3.8996,-39.3141,True,100.0,10,166.2,65.0,27.7,0.161,BAIXO
2024,3,Mar,23011,Médio Curu,CE,Norte Cearense,-3.8996,-39.3141,True,100.0,0,195.7,66.8,27.5,0.138,BAIXO
2024,4,Abr,23011,Médio Curu,CE,Norte Cearense,-3.8996,-39.3141,True,100.0,0,267.6,65.7,27.5,0.146,BAIXO
2024,5,Mai,23011,Médio Curu,CE,Norte Cearense,-3.8996,-39.3141,True,100.0,0,104.7,65.3,27.6,0.249,BAIXO
2024,6,Jun,23011,Médio Curu,CE,Norte Cearense,-3.8996,-39.3141,True,100.0,1,55.5,65.4,27.6,0.353,MEDIO
2024,7,Jul,23011,Médio Curu,CE,Norte Cearense,-3.8996,-39.3141,True,100.0,7,10.0,65.7,27.6,0.452,MEDIO
2024,8,Ago,23011,Médio Curu,CE,Norte Cearense,-3.8996,-39.3141,True,100.0,26,3.0,65.7,27.7,0.466,MEDIO
2024,9,Set,23011,Médio Curu,CE,Norte Cearense,-3.8996,-39.3141,True,100.0,78,1.6,66.7,27.8,0.495,MEDIO
2024,10,Out,23011,Médio Curu,CE,Norte Cearense,-3.8996,-39.3141,True,100.0,79,2.0,66.2,27.5,0.49,MEDIO
2024,11,Nov,23011,Médio Curu,CE,Norte Cearense,-3.8996,-39.3141,True,100.0,257,3.2,64.4,27.7,0.613,ALTO
2024,12,Dez,23011,Médio Curu,CE,Norte Cearense,-3.8996,-39.3141,True,100.0,505,19.0,65.8,27.8,0.732,CRITICO
2022,1,Jan,23012,Canindé,CE,Norte Cearense,-4.3746,-39.3912,True,100.0,43,134.7,65.4,27.5,0.18,BAIXO
2022,2,Fev,23012,Canindé,CE,Norte Cearense,-4.3746,-39.3912,True,100.0,23,66.8,65.0,27.7,0.334,MEDIO
2022,3,Mar,23012,Canindé,CE,Norte Cearense,-4.3746,-39.3912,True,100.0,1,178.8,66.8,27.5,0.138,BAIXO
2022,4,Abr,23012,Canindé,CE,Norte Cearense,-4.3746,-39.3912,True,100.0,0,185.4,65.7,27.5,0.146,BAIXO
2022,5,Mai,23012,Canindé,CE,Norte Cearense,-4.3746,-39.3912,True,100.0,3,128.4,65.3,27.6,0.198,BAIXO
2022,6,Jun,23012,Canindé,CE,Norte Cearense,-4.3746,-39.3912,True,100.0,0,69.6,65.4,27.6,0.322,MEDIO
2022,7,Jul,23012,Canindé,CE,Norte Cearense,-4.3746,-39.3912,True,100.0,6,29.6,65.7,27.6,0.406,MEDIO
2022,8,Ago,23012,Canindé,CE,Norte Cearense,-4.3746,-39.3912,True,100.0,65,7.4,65.7,27.7,0.451,MEDIO
2022,9,Set,23012,Canindé,CE,Norte Cearense,-4.3746,-39.3912,True,100.0,219,2.3,66.7,27.8,0.448,MEDIO
2022,10,Out,23012,Canindé,CE,Norte Cearense,-4.3746,-39.3912,True,100.0,384,2.5,66.2,27.5,0.442,MEDIO
2022,11,Nov,23012,Canindé,CE,Norte Cearense,-4.3746,-39.3912,True,100.0,328,21.2,64.4,27.7,0.435,MEDIO
2022,12,Dez,23012,Canindé,CE,Norte Cearense,-4.3746,-39.3912,True,100.0,503,24.2,65.8,27.8,0.421,MEDIO
2023,1,Jan,23012,Canindé,CE,Norte Cearense,-4.3746,-39.3912,True,100.0,92,81.7,65.4,27.5,0.349,MEDIO
2023,2,Fev,23012,Canindé,CE,Norte Cearense,-4.3746,-39.3912,True,100.0,10,94.2,65.0,27.7,0.281,BAIXO
2023,3,Mar,23012,Canindé,CE,Norte Cearense,-4.3746,-39.3912,True,100.0,5,298.7,66.8,27.5,0.141,BAIXO
2023,4,Abr,23012,Canindé,CE,Norte Cearense,-4.3746,-39.3912,True,100.0,0,174.4,65.7,27.5,0.146,BAIXO
2023,5,Mai,23012,Canindé,CE,Norte Cearense,-4.3746,-39.3912,True,100.0,4,51.6,65.3,27.6,0.365,MEDIO
2023,6,Jun,23012,Canindé,CE,Norte Cearense,-4.3746,-39.3912,True,100.0,6,47.2,65.4,27.6,0.374,MEDIO
2023,7,Jul,23012,Canindé,CE,Norte Cearense,-4.3746,-39.3912,True,100.0,27,11.9,65.7,27.6,0.46,MEDIO
2023,8,Ago,23012,Canindé,CE,Norte Cearense,-4.3746,-39.3912,True,100.0,91,5.1,65.7,27.7,0.505,ALTO
2023,9,Set,23012,Canindé,CE,Norte Cearense,-4.3746,-39.3912,True,100.0,164,2.3,66.7,27.8,0.547,ALTO
2023,10,Out,23012,Canindé,CE,Norte Cearense,-4.3746,-39.3912,True,100.0,522,2.0,66.2,27.5,0.742,CRITICO
2023,11,Nov,23012,Canindé,CE,Norte Cearense,-4.3746,-39.3912,True,100.0,651,6.7,64.4,27.7,0.759,CRITICO
2023,12,Dez,23012,Canindé,CE,Norte Cearense,-4.3746,-39.3912,True,100.0,615,32.0,65.8,27.8,0.704,CRITICO
2024,1,Jan,23012,Canindé,CE,Norte Cearense,-4.3746,-39.3912,True,100.0,166,35.7,65.4,27.5,0.492,MEDIO
2024,2,Fev,23012,Canindé,CE,Norte Cearense,-4.3746,-39.3912,True,100.0,23,157.7,65.0,27.7,0.169,BAIXO
2024,3,Mar,23012,Canindé,CE,Norte Cearense,-4.3746,-39.3912,True,100.0,0,180.3,66.8,27.5,0.138,BAIXO
2024,4,Abr,23012,Canindé,CE,Norte Cearense,-4.3746,-39.3912,True,100.0,0,219.2,65.7,27.5,0.146,BAIXO
2024,5,Mai,23012,Canindé,CE,Norte Cearense,-4.3746,-39.3912,True,100.0,2,72.8,65.3,27.6,0.319,MEDIO
2024,6,Jun,23012,Canindé,CE,Norte Cearense,-4.3746,-39.3912,True,100.0,0,58.8,65.4,27.6,0.345,MEDIO
2024,7,Jul,23012,Canindé,CE,Norte Cearense,-4.3746,-39.3912,True,100.0,7,11.9,65.7,27.6,0.448,MEDIO
2024,8,Ago,23012,Canindé,CE,Norte Cearense,-4.3746,-39.3912,True,100.0,69,3.9,65.7,27.7,0.492,MEDIO
2024,9,Set,23012,Canindé,CE,Norte Cearense,-4.3746,-39.3912,True,100.0,76,2.2,66.7,27.8,0.494,MEDIO
2024,10,Out,23012,Canindé,CE,Norte Cearense,-4.3746,-39.3912,True,100.0,291,2.6,66.2,27.5,0.617,ALTO
2024,11,Nov,23012,Canindé,CE,Norte Cearense,-4.3746,-39.3912,True,100.0,525,3.6,64.4,27.7,0.759,CRITICO
2024,12,Dez,23012,Canindé,CE,Norte Cearense,-4.3746,-39.3912,True,100.0,848,18.8,65.8,27.8,0.732,CRITICO
2022,1,Jan,23013,Baturité,CE,Norte Cearense,-4.4158,-38.8452,True,100.0,5,161.2,82.0,21.1,0.0,BAIXO
2022,2,Fev,23013,Baturité,CE,Norte Cearense,-4.4158,-38.8452,True,100.0,3,110.3,81.5,21.0,0.085,BAIXO
2022,3,Mar,23013,Baturité,CE,Norte Cearense,-4.4158,-38.8452,True,100.0,4,323.0,81.7,20.8,0.0,BAIXO
2022,4,Abr,23013,Baturité,CE,Norte Cearense,-4.4158,-38.8452,True,100.0,0,260.2,81.3,21.1,0.0,BAIXO
2022,5,Mai,23013,Baturité,CE,Norte Cearense,-4.4158,-38.8452,True,100.0,0,232.2,81.3,21.0,0.0,BAIXO
2022,6,Jun,23013,Baturité,CE,Norte Cearense,-4.4158,-38.8452,True,100.0,0,124.6,83.2,20.9,0.054,BAIXO
2022,7,Jul,23013,Baturité,CE,Norte Cearense,-4.4158,-38.8452,True,100.0,3,49.8,81.7,21.4,0.215,BAIXO
2022,8,Ago,23013,Baturité,CE,Norte Cearense,-4.4158,-38.8452,True,100.0,15,7.2,77.9,21.2,0.3,MEDIO
2022,9,Set,23013,Baturité,CE,Norte Cearense,-4.4158,-38.8452,True,100.0,41,4.1,81.0,21.3,0.3,MEDIO
2022,10,Out,23013,Baturité,CE,Norte Cearense,-4.4158,-38.8452,True,100.0,167,6.8,80.4,21.4,0.3,MEDIO
2022,11,Nov,23013,Baturité,CE,Norte Cearense,-4.4158,-38.8452,True,100.0,536,22.8,80.3,21.8,0.273,BAIXO
2022,12,Dez,23013,Baturité,CE,Norte Cearense,-4.4158,-38.8452,True,100.0,645,31.5,80.6,21.4,0.254,BAIXO
2023,1,Jan,23013,Baturité,CE,Norte Cearense,-4.4158,-38.8452,True,100.0,87,98.4,79.7,21.7,0.163,BAIXO
2023,2,Fev,23013,Baturité,CE,Norte Cearense,-4.4158,-38.8452,True,100.0,7,135.0,78.6,21.9,0.036,BAIXO
2023,3,Mar,23013,Baturité,CE,Norte Cearense,-4.4158,-38.8452,True,100.0,5,330.7,81.5,21.0,0.003,BAIXO
2023,4,Abr,23013,Baturité,CE,Norte Cearense,-4.4158,-38.8452,True,100.0,0,220.1,79.2,21.8,0.0,BAIXO
2023,5,Mai,23013,Baturité,CE,Norte Cearense,-4.4158,-38.8452,True,100.0,1,67.2,79.1,21.6,0.178,BAIXO
2023,6,Jun,23013,Baturité,CE,Norte Cearense,-4.4158,-38.8452,True,100.0,0,69.7,80.0,21.4,0.172,BAIXO
2023,7,Jul,23013,Baturité,CE,Norte Cearense,-4.4158,-38.8452,True,100.0,27,17.4,77.3,21.8,0.3,MEDIO
2023,8,Ago,23013,Baturité,CE,Norte Cearense,-4.4158,-38.8452,True,100.0,37,5.7,76.9,21.9,0.322,MEDIO
2023,9,Set,23013,Baturité,CE,Norte Cearense,-4.4158,-38.8452,True,100.0,136,4.9,81.8,21.5,0.382,MEDIO
2023,10,Out,23013,Baturité,CE,Norte Cearense,-4.4158,-38.8452,True,100.0,368,5.2,80.8,21.7,0.521,ALTO
2023,11,Nov,23013,Baturité,CE,Norte Cearense,-4.4158,-38.8452,True,100.0,656,11.5,79.2,21.7,0.597,ALTO
2023,12,Dez,23013,Baturité,CE,Norte Cearense,-4.4158,-38.8452,True,100.0,607,35.9,76.8,22.0,0.544,ALTO
2024,1,Jan,23013,Baturité,CE,Norte Cearense,-4.4158,-38.8452,True,100.0,149,33.6,88.3,19.2,0.339,MEDIO
2024,2,Fev,23013,Baturité,CE,Norte Cearense,-4.4158,-38.8452,True,100.0,18,161.8,65.0,27.7,0.166,BAIXO
2024,3,Mar,23013,Baturité,CE,Norte Cearense,-4.4158,-38.8452,True,100.0,3,245.8,66.8,27.5,0.14,BAIXO
2024,4,Abr,23013,Baturité,CE,Norte Cearense,-4.4158,-38.8452,True,100.0,0,260.9,65.7,27.5,0.146,BAIXO
2024,5,Mai,23013,Baturité,CE,Norte Cearense,-4.4158,-38.8452,True,100.0,1,102.4,81.4,22.8,0.103,BAIXO
2024,6,Jun,23013,Baturité,CE,Norte Cearense,-4.4158,-38.8452,True,100.0,1,80.1,87.2,21.3,0.15,BAIXO
2024,7,Jul,23013,Baturité,CE,Norte Cearense,-4.4158,-38.8452,True,100.0,12,14.8,65.7,27.6,0.445,MEDIO
2024,8,Ago,23013,Baturité,CE,Norte Cearense,-4.4158,-38.8452,True,100.0,42,3.3,86.0,22.6,0.325,MEDIO
2024,9,Set,23013,Baturité,CE,Norte Cearense,-4.4158,-38.8452,True,100.0,69,4.1,76.6,24.1,0.344,MEDIO
2024,10,Out,23013,Baturité,CE,Norte Cearense,-4.4158,-38.8452,True,100.0,232,7.0,85.1,22.8,0.439,MEDIO
2024,11,Nov,23013,Baturité,CE,Norte Cearense,-4.4158,-38.8452,True,100.0,649,6.2,82.0,23.8,0.6,ALTO
2024,12,Dez,23013,Baturité,CE,Norte Cearense,-4.4158,-38.8452,True,100.0,817,34.4,84.9,23.2,0.548,ALTO
2022,1,Jan,23014,Chorozinho,CE,Norte Cearense,-4.4406,-38.5216,True,100.0,10,133.9,65.4,27.5,0.182,BAIXO
2022,2,Fev,23014,Chorozinho,CE,Norte Cearense,-4.4406,-38.5216,True,100.0,3,83.1,65.0,27.7,0.299,BAIXO
2022,3,Mar,23014,Chorozinho,CE,Norte Cearense,-4.4406,-38.5216,True,100.0,5,381.7,66.8,27.5,0.138,BAIXO
2022,4,Abr,23014,Chorozinho,CE,Norte Cearense,-4.4406,-38.5216,True,100.0,3,257.6,65.7,27.5,0.146,BAIXO
2022,5,Mai,23014,Chorozinho,CE,Norte Cearense,-4.4406,-38.5216,True,100.0,0,228.8,65.3,27.6,0.152,BAIXO
2022,6,Jun,23014,Chorozinho,CE,Norte Cearense,-4.4406,-38.5216,True,100.0,0,108.7,65.4,27.6,0.238,BAIXO
2022,7,Jul,23014,Chorozinho,CE,Norte Cearense,-4.4406,-38.5216,True,100.0,13,46.2,65.7,27.6,0.371,MEDIO
2022,8,Ago,23014,Chorozinho,CE,Norte Cearense,-4.4406,-38.5216,True,100.0,13,7.2,65.7,27.7,0.451,MEDIO
2022,9,Set,23014,Chorozinho,CE,Norte Cearense,-4.4406,-38.5216,True,100.0,27,3.4,66.7,27.8,0.448,MEDIO
2022,10,Out,23014,Chorozinho,CE,Norte Cearense,-4.4406,-38.5216,True,100.0,40,4.7,66.2,27.5,0.442,MEDIO
2022,11,Nov,23014,Chorozinho,CE,Norte Cearense,-4.4406,-38.5216,True,100.0,57,12.4,64.4,27.7,0.454,MEDIO
2022,12,Dez,23014,Chorozinho,CE,Norte Cearense,-4.4406,-38.5216,True,100.0,74,30.2,65.8,27.8,0.408,MEDIO
2023,1,Jan,23014,Chorozinho,CE,Norte Cearense,-4.4406,-38.5216,True,100.0,30,87.9,65.4,27.5,0.299,BAIXO
2023,2,Fev,23014,Chorozinho,CE,Norte Cearense,-4.4406,-38.5216,True,100.0,4,159.4,65.0,27.7,0.158,BAIXO
2023,3,Mar,23014,Chorozinho,CE,Norte Cearense,-4.4406,-38.5216,True,100.0,1,324.7,66.8,27.5,0.139,BAIXO
2023,4,Abr,23014,Chorozinho,CE,Norte Cearense,-4.4406,-38.5216,True,100.0,1,219.2,65.7,27.5,0.146,BAIXO
2023,5,Mai,23014,Chorozinho,CE,Norte Cearense,-4.4406,-38.5216,True,100.0,2,50.9,65.3,27.6,0.365,MEDIO
2023,6,Jun,23014,Chorozinho,CE,Norte Cearense,-4.4406,-38.5216,True,100.0,0,53.1,65.4,27.6,0.358,MEDIO
2023,7,Jul,23014,Chorozinho,CE,Norte Cearense,-4.4406,-38.5216,True,100.0,18,16.9,65.7,27.6,0.444,MEDIO
2023,8,Ago,23014,Chorozinho,CE,Norte Cearense,-4.4406,-38.5216,True,100.0,23,5.1,65.7,27.7,0.464,MEDIO
2023,9,Set,23014,Chorozinho,CE,Norte Cearense,-4.4406,-38.5216,True,100.0,46,3.9,66.7,27.8,0.476,MEDIO
2023,10,Out,23014,Chorozinho,CE,Norte Cearense,-4.4406,-38.5216,True,100.0,50,4.1,66.2,27.5,0.472,MEDIO
2023,11,Nov,23014,Chorozinho,CE,Norte Cearense,-4.4406,-38.5216,True,100.0,65,7.6,64.4,27.7,0.498,MEDIO
2023,12,Dez,23014,Chorozinho,CE,Norte Cearense,-4.4406,-38.5216,True,100.0,77,38.5,65.8,27.8,0.436,MEDIO
2024,1,Jan,23014,Chorozinho,CE,Norte Cearense,-4.4406,-38.5216,True,100.0,90,33.4,65.4,27.5,0.451,MEDIO
2024,2,Fev,23014,Chorozinho,CE,Norte Cearense,-4.4406,-38.5216,True,100.0,13,153.2,65.0,27.7,0.163,BAIXO
2024,3,Mar,23014,Chorozinho,CE,Norte Cearense,-4.4406,-38.5216,True,100.0,0,247.9,66.8,27.5,0.138,BAIXO
2024,4,Abr,23014,Chorozinho,CE,Norte Cearense,-4.4406,-38.5216,True,100.0,6,252.0,65.7,27.5,0.149,BAIXO
2024,5,Mai,23014,Chorozinho,CE,Norte Cearense,-4.4406,-38.5216,True,100.0,4,72.6,65.3,27.6,0.32,MEDIO
2024,6,Jun,23014,Chorozinho,CE,Norte Cearense,-4.4406,-38.5216,True,100.0,2,68.3,65.4,27.6,0.326,MEDIO
2024,7,Jul,23014,Chorozinho,CE,Norte Cearense,-4.4406,-38.5216,True,100.0,5,13.2,65.7,27.6,0.444,MEDIO
2024,8,Ago,23014,Chorozinho,CE,Norte Cearense,-4.4406,-38.5216,True,100.0,8,3.2,65.7,27.7,0.455,MEDIO
2024,9,Set,23014,Chorozinho,CE,Norte Cearense,-4.4406,-38.5216,True,100.0,63,3.7,66.7,27.8,0.486,MEDIO
2024,10,Out,23014,Chorozinho,CE,Norte Cearense,-4.4406,-38.5216,True,100.0,42,5.0,66.2,27.5,0.468,MEDIO
2024,11,Nov,23014,Chorozinho,CE,Norte Cearense,-4.4406,-38.5216,True,100.0,80,4.2,64.4,27.7,0.507,ALTO
2024,12,Dez,23014,Chorozinho,CE,Norte Cearense,-4.4406,-38.5216,True,100.0,114,35.2,65.8,27.8,0.466,MEDIO
2022,1,Jan,23015,Cascavel,CE,Norte Cearense,-4.3362,-38.1813,True,100.0,66,180.9,65.4,27.5,0.147,BAIXO
2022,2,Fev,23015,Cascavel,CE,Norte Cearense,-4.3362,-38.1813,True,100.0,57,107.4,65.0,27.7,0.247,BAIXO
2022,3,Mar,23015,Cascavel,CE,Norte Cearense,-4.3362,-38.1813,True,100.0,4,552.0,66.8,27.5,0.138,BAIXO
2022,4,Abr,23015,Cascavel,CE,Norte Cearense,-4.3362,-38.1813,True,100.0,3,296.9,65.7,27.5,0.146,BAIXO
2022,5,Mai,23015,Cascavel,CE,Norte Cearense,-4.3362,-38.1813,True,100.0,5,183.5,65.3,27.6,0.152,BAIXO
2022,6,Jun,23015,Cascavel,CE,Norte Cearense,-4.3362,-38.1813,True,100.0,4,124.4,65.4,27.6,0.205,BAIXO
2022,7,Jul,23015,Cascavel,CE,Norte Cearense,-4.3362,-38.1813,True,100.0,15,68.9,65.7,27.6,0.322,MEDIO
2022,8,Ago,23015,Cascavel,CE,Norte Cearense,-4.3362,-38.1813,True,100.0,15,13.3,65.7,27.7,0.444,MEDIO
2022,9,Set,23015,Cascavel,CE,Norte Cearense,-4.3362,-38.1813,True,100.0,48,5.1,66.7,27.8,0.448,MEDIO
2022,10,Out,23015,Cascavel,CE,Norte Cearense,-4.3362,-38.1813,True,100.0,93,9.0,66.2,27.5,0.442,MEDIO
2022,11,Nov,23015,Cascavel,CE,Norte Cearense,-4.3362,-38.1813,True,100.0,103,14.9,64.4,27.7,0.449,MEDIO
2022,12,Dez,23015,Cascavel,CE,Norte Cearense,-4.3362,-38.1813,True,100.0,203,23.4,65.8,27.8,0.423,MEDIO
2023,1,Jan,23015,Cascavel,CE,Norte Cearense,-4.3362,-38.1813,True,100.0,55,132.3,65.4,27.5,0.218,BAIXO
2023,2,Fev,23015,Cascavel,CE,Norte Cearense,-4.3362,-38.1813,True,100.0,69,218.9,65.0,27.7,0.197,BAIXO
2023,3,Mar,23015,Cascavel,CE,Norte Cearense,-4.3362,-38.1813,True,100.0,7,425.9,66.8,27.5,0.143,BAIXO
2023,4,Abr,23015,Cascavel,CE,Norte Cearense,-4.3362,-38.1813,True,100.0,3,228.3,65.7,27.5,0.147,BAIXO
2023,5,Mai,23015,Cascavel,CE,Norte Cearense,-4.3362,-38.1813,True,100.0,7,48.4,65.3,27.6,0.374,MEDIO
2023,6,Jun,23015,Cascavel,CE,Norte Cearense,-4.3362,-38.1813,True,100.0,6,35.2,65.4,27.6,0.4,MEDIO
2023,7,Jul,23015,Cascavel,CE,Norte Cearense,-4.3362,-38.1813,True,100.0,37,12.5,65.7,27.6,0.465,MEDIO
2023,8,Ago,23015,Cascavel,CE,Norte Cearense,-4.3362,-38.1813,True,100.0,65,7.2,65.7,27.7,0.49,MEDIO
2023,9,Set,23015,Cascavel,CE,Norte Cearense,-4.3362,-38.1813,True,100.0,87,6.0,66.7,27.8,0.5,ALTO
2023,10,Out,23015,Cascavel,CE,Norte Cearense,-4.3362,-38.1813,True,100.0,169,5.9,66.2,27.5,0.544,ALTO
2023,11,Nov,23015,Cascavel,CE,Norte Cearense,-4.3362,-38.1813,True,100.0,148,16.6,64.4,27.7,0.534,ALTO
2023,12,Dez,23015,Cascavel,CE,Norte Cearense,-4.3362,-38.1813,True,100.0,141,42.0,65.8,27.8,0.467,MEDIO
2024,1,Jan,23015,Cascavel,CE,Norte Cearense,-4.3362,-38.1813,True,100.0,146,36.7,65.4,27.5,0.478,MEDIO
2024,2,Fev,23015,Cascavel,CE,Norte Cearense,-4.3362,-38.1813,True,100.0,32,319.0,65.0,27.7,0.175,BAIXO
2024,3,Mar,23015,Cascavel,CE,Norte Cearense,-4.3362,-38.1813,True,100.0,3,356.8,66.8,27.5,0.14,BAIXO
2024,4,Abr,23015,Cascavel,CE,Norte Cearense,-4.3362,-38.1813,True,100.0,3,243.5,65.7,27.5,0.147,BAIXO
2024,5,Mai,23015,Cascavel,CE,Norte Cearense,-4.3362,-38.1813,True,100.0,14,122.1,65.3,27.6,0.22,BAIXO
2024,6,Jun,23015,Cascavel,CE,Norte Cearense,-4.3362,-38.1813,True,100.0,14,78.3,65.4,27.6,0.312,MEDIO
2024,7,Jul,23015,Cascavel,CE,Norte Cearense,-4.3362,-38.1813,True,100.0,17,15.1,65.7,27.6,0.447,MEDIO
2024,8,Ago,23015,Cascavel,CE,Norte Cearense,-4.3362,-38.1813,True,100.0,69,5.3,65.7,27.7,0.492,MEDIO
2024,9,Set,23015,Cascavel,CE,Norte Cearense,-4.3362,-38.1813,True,100.0,111,5.1,66.7,27.8,0.515,ALTO
2024,10,Out,23015,Cascavel,CE,Norte Cearense,-4.3362,-38.1813,True,100.0,112,6.1,66.2,27.5,0.51,ALTO
2024,11,Nov,23015,Cascavel,CE,Norte Cearense,-4.3362,-38.1813,True,100.0,122,5.7,64.4,27.7,0.532,ALTO
2024,12,Dez,23015,Cascavel,CE,Norte Cearense,-4.3362,-38.1813,True,100.0,174,57.1,65.8,27.8,0.455,MEDIO
2022,1,Jan,23016,Fortaleza,CE,Metropolitana de Fortaleza,-3.8984,-38.679,True,100.0,13,252.3,73.2,27.0,0.086,BAIXO
2022,2,Fev,23016,Fortaleza,CE,Metropolitana de Fortaleza,-3.8984,-38.679,True,100.0,27,125.8,73.8,26.8,0.129,BAIXO
2022,3,Mar,23016,Fortaleza,CE,Metropolitana de Fortaleza,-3.8984,-38.679,True,100.0,14,556.6,73.9,27.0,0.082,BAIXO
2022,4,Abr,23016,Fortaleza,CE,Metropolitana de Fortaleza,-3.8984,-38.679,True,100.0,8,336.8,74.9,26.8,0.071,BAIXO
2022,5,Mai,23016,Fortaleza,CE,Metropolitana de Fortaleza,-3.8984,-38.679,True,100.0,10,194.2,75.0,26.7,0.067,BAIXO
2022,6,Jun,23016,Fortaleza,CE,Metropolitana de Fortaleza,-3.8984,-38.679,True,100.0,24,132.3,74.2,26.8,0.113,BAIXO
2022,7,Jul,23016,Fortaleza,CE,Metropolitana de Fortaleza,-3.8984,-38.679,True,100.0,33,99.3,74.2,26.7,0.181,BAIXO
2022,8,Ago,23016,Fortaleza,CE,Metropolitana de Fortaleza,-3.8984,-38.679,True,100.0,91,8.1,72.7,26.9,0.387,MEDIO
2022,9,Set,23016,Fortaleza,CE,Metropolitana de Fortaleza,-3.8984,-38.679,True,100.0,344,4.4,72.9,27.1,0.391,MEDIO
2022,10,Out,23016,Fortaleza,CE,Metropolitana de Fortaleza,-3.8984,-38.679,True,100.0,412,6.6,73.7,27.1,0.386,MEDIO
2022,11,Nov,23016,Fortaleza,CE,Metropolitana de Fortaleza,-3.8984,-38.679,True,100.0,568,12.7,76.1,26.4,0.354,MEDIO
2022,12,Dez,23016,Fortaleza,CE,Metropolitana de Fortaleza,-3.8984,-38.679,True,100.0,570,15.3,72.7,27.1,0.381,MEDIO
2023,1,Jan,23016,Fortaleza,CE,Metropolitana de Fortaleza,-3.8984,-38.679,True,100.0,85,163.8,70.7,27.4,0.163,BAIXO
2023,2,Fev,23016,Fortaleza,CE,Metropolitana de Fortaleza,-3.8984,-38.679,True,100.0,7,174.7,72.2,27.4,0.107,BAIXO
2023,3,Mar,23016,Fortaleza,CE,Metropolitana de Fortaleza,-3.8984,-38.679,True,100.0,8,341.8,70.3,27.3,0.117,BAIXO
2023,4,Abr,23016,Fortaleza,CE,Metropolitana de Fortaleza,-3.8984,-38.679,True,100.0,7,230.3,69.2,27.7,0.133,BAIXO
2023,5,Mai,23016,Fortaleza,CE,Metropolitana de Fortaleza,-3.8984,-38.679,True,100.0,3,77.3,69.5,27.7,0.284,BAIXO
2023,6,Jun,23016,Fortaleza,CE,Metropolitana de Fortaleza,-3.8984,-38.679,True,100.0,14,45.4,70.4,27.5,0.349,MEDIO
2023,7,Jul,23016,Fortaleza,CE,Metropolitana de Fortaleza,-3.8984,-38.679,True,100.0,70,11.4,69.8,27.5,0.459,MEDIO
2023,8,Ago,23016,Fortaleza,CE,Metropolitana de Fortaleza,-3.8984,-38.679,True,100.0,185,6.7,69.9,27.6,0.533,ALTO
2023,9,Set,23016,Fortaleza,CE,Metropolitana de Fortaleza,-3.8984,-38.679,True,100.0,586,4.7,70.0,27.5,0.719,CRITICO
2023,10,Out,23016,Fortaleza,CE,Metropolitana de Fortaleza,-3.8984,-38.679,True,100.0,616,3.8,69.1,27.5,0.724,CRITICO
2023,11,Nov,23016,Fortaleza,CE,Metropolitana de Fortaleza,-3.8984,-38.679,True,100.0,629,24.9,68.7,27.6,0.697,ALTO
2023,12,Dez,23016,Fortaleza,CE,Metropolitana de Fortaleza,-3.8984,-38.679,True,100.0,473,33.4,69.1,27.6,0.661,ALTO
2024,1,Jan,23016,Fortaleza,CE,Metropolitana de Fortaleza,-3.8984,-38.679,True,100.0,241,26.3,70.2,28.3,0.547,ALTO
2024,2,Fev,23016,Fortaleza,CE,Metropolitana de Fortaleza,-3.8984,-38.679,True,100.0,277,341.7,69.3,28.8,0.322,MEDIO
2024,3,Mar,23016,Fortaleza,CE,Metropolitana de Fortaleza,-3.8984,-38.679,True,100.0,42,345.6,69.1,28.7,0.18,BAIXO
2024,4,Abr,23016,Fortaleza,CE,Metropolitana de Fortaleza,-3.8984,-38.679,True,100.0,9,296.4,71.0,28.4,0.14,BAIXO
2024,5,Mai,23016,Fortaleza,CE,Metropolitana de Fortaleza,-3.8984,-38.679,True,100.0,7,213.8,69.8,28.6,0.152,BAIXO
2024,6,Jun,23016,Fortaleza,CE,Metropolitana de Fortaleza,-3.8984,-38.679,True,100.0,5,90.6,73.5,28.1,0.242,BAIXO
2024,7,Jul,23016,Fortaleza,CE,Metropolitana de Fortaleza,-3.8984,-38.679,True,100.0,23,15.9,70.4,28.3,0.437,MEDIO
2024,8,Ago,23016,Fortaleza,CE,Metropolitana de Fortaleza,-3.8984,-38.679,True,100.0,174,3.7,71.6,27.9,0.523,ALTO
2024,9,Set,23016,Fortaleza,CE,Metropolitana de Fortaleza,-3.8984,-38.679,True,100.0,390,3.6,68.9,28.7,0.69,ALTO
2024,10,Out,23016,Fortaleza,CE,Metropolitana de Fortaleza,-3.8984,-38.679,True,100.0,258,4.5,71.6,27.5,0.564,ALTO
2024,11,Nov,23016,Fortaleza,CE,Metropolitana de Fortaleza,-3.8984,-38.679,True,100.0,615,4.9,67.7,27.8,0.741,CRITICO
2024,12,Dez,23016,Fortaleza,CE,Metropolitana de Fortaleza,-3.8984,-38.679,True,100.0,549,59.0,71.4,27.9,0.615,ALTO
2022,1,Jan,23017,Pacajus,CE,Metropolitana de Fortaleza,-4.152,-38.4853,True,100.0,4,238.9,65.4,27.5,0.147,BAIXO
2022,2,Fev,23017,Pacajus,CE,Metropolitana de Fortaleza,-4.152,-38.4853,True,100.0,0,100.3,65.0,27.7,0.262,BAIXO
2022,3,Mar,23017,Pacajus,CE,Metropolitana de Fortaleza,-4.152,-38.4853,True,100.0,0,606.6,66.8,27.5,0.138,BAIXO
2022,4,Abr,23017,Pacajus,CE,Metropolitana de Fortaleza,-4.152,-38.4853,True,100.0,0,305.1,65.7,27.5,0.146,BAIXO
2022,5,Mai,23017,Pacajus,CE,Metropolitana de Fortaleza,-4.152,-38.4853,True,100.0,0,208.1,65.3,27.6,0.152,BAIXO
2022,6,Jun,23017,Pacajus,CE,Metropolitana de Fortaleza,-4.152,-38.4853,True,100.0,0,134.6,65.4,27.6,0.183,BAIXO
2022,7,Jul,23017,Pacajus,CE,Metropolitana de Fortaleza,-4.152,-38.4853,True,100.0,1,112.3,65.7,27.6,0.229,BAIXO
2022,8,Ago,23017,Pacajus,CE,Metropolitana de Fortaleza,-4.152,-38.4853,True,100.0,5,8.9,65.7,27.7,0.451,MEDIO
2022,9,Set,23017,Pacajus,CE,Metropolitana de Fortaleza,-4.152,-38.4853,True,100.0,24,6.4,66.7,27.8,0.448,MEDIO
2022,10,Out,23017,Pacajus,CE,Metropolitana de Fortaleza,-4.152,-38.4853,True,100.0,34,13.3,66.2,27.5,0.435,MEDIO
2022,11,Nov,23017,Pacajus,CE,Metropolitana de Fortaleza,-4.152,-38.4853,True,100.0,17,15.8,64.4,27.7,0.447,MEDIO
2022,12,Dez,23017,Pacajus,CE,Metropolitana de Fortaleza,-4.152,-38.4853,True,100.0,29,19.8,65.8,27.8,0.43,MEDIO
2023,1,Jan,23017,Pacajus,CE,Metropolitana de Fortaleza,-4.152,-38.4853,True,100.0,11,138.0,65.4,27.5,0.18,BAIXO
2023,2,Fev,23017,Pacajus,CE,Metropolitana de Fortaleza,-4.152,-38.4853,True,100.0,1,225.0,65.0,27.7,0.156,BAIXO
2023,3,Mar,23017,Pacajus,CE,Metropolitana de Fortaleza,-4.152,-38.4853,True,100.0,0,407.6,66.8,27.5,0.138,BAIXO
2023,4,Abr,23017,Pacajus,CE,Metropolitana de Fortaleza,-4.152,-38.4853,True,100.0,0,244.5,65.7,27.5,0.146,BAIXO
2023,5,Mai,23017,Pacajus,CE,Metropolitana de Fortaleza,-4.152,-38.4853,True,100.0,1,88.1,65.3,27.6,0.285,BAIXO
2023,6,Jun,23017,Pacajus,CE,Metropolitana de Fortaleza,-4.152,-38.4853,True,100.0,0,48.3,65.4,27.6,0.368,MEDIO
2023,7,Jul,23017,Pacajus,CE,Metropolitana de Fortaleza,-4.152,-38.4853,True,100.0,13,12.1,65.7,27.6,0.451,MEDIO
2023,8,Ago,23017,Pacajus,CE,Metropolitana de Fortaleza,-4.152,-38.4853,True,100.0,30,6.7,65.7,27.7,0.469,MEDIO
2023,9,Set,23017,Pacajus,CE,Metropolitana de Fortaleza,-4.152,-38.4853,True,100.0,41,7.8,66.7,27.8,0.473,MEDIO
2023,10,Out,23017,Pacajus,CE,Metropolitana de Fortaleza,-4.152,-38.4853,True,100.0,43,6.7,66.2,27.5,0.468,MEDIO
2023,11,Nov,23017,Pacajus,CE,Metropolitana de Fortaleza,-4.152,-38.4853,True,100.0,64,31.3,64.4,27.7,0.452,MEDIO
2023,12,Dez,23017,Pacajus,CE,Metropolitana de Fortaleza,-4.152,-38.4853,True,100.0,29,48.1,65.8,27.8,0.387,MEDIO
2024,1,Jan,23017,Pacajus,CE,Metropolitana de Fortaleza,-4.152,-38.4853,True,100.0,25,22.6,65.4,27.5,0.436,MEDIO
2024,2,Fev,23017,Pacajus,CE,Metropolitana de Fortaleza,-4.152,-38.4853,True,100.0,19,283.6,65.0,27.7,0.167,BAIXO
2024,3,Mar,23017,Pacajus,CE,Metropolitana de Fortaleza,-4.152,-38.4853,True,100.0,0,368.1,66.8,27.5,0.138,BAIXO
2024,4,Abr,23017,Pacajus,CE,Metropolitana de Fortaleza,-4.152,-38.4853,True,100.0,0,242.4,65.7,27.5,0.146,BAIXO
2024,5,Mai,23017,Pacajus,CE,Metropolitana de Fortaleza,-4.152,-38.4853,True,100.0,0,143.9,65.3,27.6,0.165,BAIXO
2024,6,Jun,23017,Pacajus,CE,Metropolitana de Fortaleza,-4.152,-38.4853,True,100.0,1,88.3,65.4,27.6,0.283,BAIXO
2024,7,Jul,23017,Pacajus,CE,Metropolitana de Fortaleza,-4.152,-38.4853,True,100.0,1,16.2,65.7,27.6,0.435,MEDIO
2024,8,Ago,23017,Pacajus,CE,Metropolitana de Fortaleza,-4.152,-38.4853,True,100.0,19,4.0,65.7,27.7,0.462,MEDIO
2024,9,Set,23017,Pacajus,CE,Metropolitana de Fortaleza,-4.152,-38.4853,True,100.0,52,5.6,66.7,27.8,0.479,MEDIO
2024,10,Out,23017,Pacajus,CE,Metropolitana de Fortaleza,-4.152,-38.4853,True,100.0,44,7.3,66.2,27.5,0.469,MEDIO
2024,11,Nov,23017,Pacajus,CE,Metropolitana de Fortaleza,-4.152,-38.4853,True,100.0,52,6.2,64.4,27.7,0.49,MEDIO
2024,12,Dez,23017,Pacajus,CE,Metropolitana de Fortaleza,-4.152,-38.4853,True,100.0,18,72.1,65.8,27.8,0.329,MEDIO
2022,1,Jan,23018,Sertão de Cratéus,CE,Sertões Cearenses,-5.2331,-40.5208,True,100.0,45,160.3,59.9,28.2,0.199,BAIXO
2022,2,Fev,23018,Sertão de Cratéus,CE,Sertões Cearenses,-5.2331,-40.5208,True,100.0,46,23.2,59.1,28.0,0.471,MEDIO
2022,3,Mar,23018,Sertão de Cratéus,CE,Sertões Cearenses,-5.2331,-40.5208,True,100.0,14,201.5,60.2,27.9,0.19,BAIXO
2022,4,Abr,23018,Sertão de Cratéus,CE,Sertões Cearenses,-5.2331,-40.5208,True,100.0,1,114.6,62.3,27.6,0.245,BAIXO
2022,5,Mai,23018,Sertão de Cratéus,CE,Sertões Cearenses,-5.2331,-40.5208,True,100.0,13,78.7,63.7,27.8,0.318,MEDIO
2022,6,Jun,23018,Sertão de Cratéus,CE,Sertões Cearenses,-5.2331,-40.5208,True,100.0,48,45.2,62.8,27.6,0.391,MEDIO
2022,7,Jul,23018,Sertão de Cratéus,CE,Sertões Cearenses,-5.2331,-40.5208,True,100.0,23,14.4,58.9,27.9,0.489,MEDIO
2022,8,Ago,23018,Sertão de Cratéus,CE,Sertões Cearenses,-5.2331,-40.5208,True,100.0,170,6.0,54.4,28.7,0.546,ALTO
2022,9,Set,23018,Sertão de Cratéus,CE,Sertões Cearenses,-5.2331,-40.5208,True,100.0,327,1.9,55.0,28.5,0.538,ALTO
2022,10,Out,23018,Sertão de Cratéus,CE,Sertões Cearenses,-5.2331,-40.5208,True,100.0,1056,3.7,54.7,28.8,0.547,ALTO
2022,11,Nov,23018,Sertão de Cratéus,CE,Sertões Cearenses,-5.2331,-40.5208,True,100.0,2467,19.4,54.6,28.9,0.53,ALTO
2022,12,Dez,23018,Sertão de Cratéus,CE,Sertões Cearenses,-5.2331,-40.5208,True,100.0,2014,25.1,55.5,28.3,0.497,MEDIO
2023,1,Jan,23018,Sertão de Cratéus,CE,Sertões Cearenses,-5.2331,-40.5208,True,100.0,198,75.3,61.3,28.1,0.467,MEDIO
2023,2,Fev,23018,Sertão de Cratéus,CE,Sertões Cearenses,-5.2331,-40.5208,True,100.0,47,102.7,60.9,28.2,0.323,MEDIO
2023,3,Mar,23018,Sertão de Cratéus,CE,Sertões Cearenses,-5.2331,-40.5208,True,100.0,42,245.1,63.0,27.8,0.195,BAIXO
2023,4,Abr,23018,Sertão de Cratéus,CE,Sertões Cearenses,-5.2331,-40.5208,True,100.0,0,166.1,60.9,28.1,0.191,BAIXO
2023,5,Mai,23018,Sertão de Cratéus,CE,Sertões Cearenses,-5.2331,-40.5208,True,100.0,10,36.6,59.5,28.1,0.448,MEDIO
2023,6,Jun,23018,Sertão de Cratéus,CE,Sertões Cearenses,-5.2331,-40.5208,True,100.0,15,9.2,61.1,27.9,0.493,MEDIO
2023,7,Jul,23018,Sertão de Cratéus,CE,Sertões Cearenses,-5.2331,-40.5208,True,100.0,46,4.8,59.8,28.2,0.528,ALTO
2023,8,Ago,23018,Sertão de Cratéus,CE,Sertões Cearenses,-5.2331,-40.5208,True,100.0,122,3.2,59.9,28.4,0.578,ALTO
2023,9,Set,23018,Sertão de Cratéus,CE,Sertões Cearenses,-5.2331,-40.5208,True,100.0,249,1.9,58.7,28.7,0.669,ALTO
2023,10,Out,23018,Sertão de Cratéus,CE,Sertões Cearenses,-5.2331,-40.5208,True,100.0,3121,1.7,61.8,28.1,0.785,CRITICO
2023,11,Nov,23018,Sertão de Cratéus,CE,Sertões Cearenses,-5.2331,-40.5208,True,100.0,2165,7.7,59.9,28.2,0.799,CRITICO
2023,12,Dez,23018,Sertão de Cratéus,CE,Sertões Cearenses,-5.2331,-40.5208,True,100.0,1091,31.2,59.8,28.2,0.755,CRITICO
2024,1,Jan,23018,Sertão de Cratéus,CE,Sertões Cearenses,-5.2331,-40.5208,True,100.0,402,44.1,61.5,28.0,0.653,ALTO
2024,2,Fev,23018,Sertão de Cratéus,CE,Sertões Cearenses,-5.2331,-40.5208,True,100.0,76,186.2,60.1,28.2,0.244,BAIXO
2024,3,Mar,23018,Sertão de Cratéus,CE,Sertões Cearenses,-5.2331,-40.5208,True,100.0,7,184.7,61.8,28.0,0.187,BAIXO
2024,4,Abr,23018,Sertão de Cratéus,CE,Sertões Cearenses,-5.2331,-40.5208,True,100.0,0,155.4,60.8,28.1,0.191,BAIXO
2024,5,Mai,23018,Sertão de Cratéus,CE,Sertões Cearenses,-5.2331,-40.5208,True,100.0,17,32.6,59.4,28.2,0.464,MEDIO
2024,6,Jun,23018,Sertão de Cratéus,CE,Sertões Cearenses,-5.2331,-40.5208,True,100.0,29,7.8,59.7,28.4,0.523,ALTO
2024,7,Jul,23018,Sertão de Cratéus,CE,Sertões Cearenses,-5.2331,-40.5208,True,100.0,52,5.0,60.9,28.2,0.524,ALTO
2024,8,Ago,23018,Sertão de Cratéus,CE,Sertões Cearenses,-5.2331,-40.5208,True,100.0,168,3.1,60.5,28.3,0.599,ALTO
2024,9,Set,23018,Sertão de Cratéus,CE,Sertões Cearenses,-5.2331,-40.5208,True,100.0,169,1.9,61.6,28.3,0.593,ALTO
2024,10,Out,23018,Sertão de Cratéus,CE,Sertões Cearenses,-5.2331,-40.5208,True,100.0,1637,2.0,62.6,28.1,0.78,CRITICO
2024,11,Nov,23018,Sertão de Cratéus,CE,Sertões Cearenses,-5.2331,-40.5208,True,100.0,2362,4.6,61.5,28.1,0.787,CRITICO
2024,12,Dez,23018,Sertão de Cratéus,CE,Sertões Cearenses,-5.2331,-40.5208,True,100.0,1634,12.5,61.9,28.0,0.777,CRITICO
2022,1,Jan,23019,Sertão de Quixeramobim,CE,Sertões Cearenses,-5.0594,-39.3024,True,100.0,106,129.7,63.6,27.8,0.21,BAIXO
2022,2,Fev,23019,Sertão de Quixeramobim,CE,Sertões Cearenses,-5.0594,-39.3024,True,100.0,69,29.8,63.7,27.9,0.426,MEDIO
2022,3,Mar,23019,Sertão de Quixeramobim,CE,Sertões Cearenses,-5.0594,-39.3024,True,100.0,37,248.9,63.7,28.0,0.171,BAIXO
2022,4,Abr,23019,Sertão de Quixeramobim,CE,Sertões Cearenses,-5.0594,-39.3024,True,100.0,1,170.3,65.5,27.8,0.154,BAIXO
2022,5,Mai,23019,Sertão de Quixeramobim,CE,Sertões Cearenses,-5.0594,-39.3024,True,100.0,0,111.1,63.7,28.3,0.261,BAIXO
2022,6,Jun,23019,Sertão de Quixeramobim,CE,Sertões Cearenses,-5.0594,-39.3024,True,100.0,3,64.6,64.7,28.0,0.347,MEDIO
2022,7,Jul,23019,Sertão de Quixeramobim,CE,Sertões Cearenses,-5.0594,-39.3024,True,100.0,6,46.5,65.4,27.6,0.372,MEDIO
2022,8,Ago,23019,Sertão de Quixeramobim,CE,Sertões Cearenses,-5.0594,-39.3024,True,100.0,62,26.5,63.0,28.3,0.447,MEDIO
2022,9,Set,23019,Sertão de Quixeramobim,CE,Sertões Cearenses,-5.0594,-39.3024,True,100.0,172,2.5,64.4,28.0,0.466,MEDIO
2022,10,Out,23019,Sertão de Quixeramobim,CE,Sertões Cearenses,-5.0594,-39.3024,True,100.0,875,2.3,64.5,28.1,0.468,MEDIO
2022,11,Nov,23019,Sertão de Quixeramobim,CE,Sertões Cearenses,-5.0594,-39.3024,True,100.0,1129,41.0,63.9,27.8,0.398,MEDIO
2022,12,Dez,23019,Sertão de Quixeramobim,CE,Sertões Cearenses,-5.0594,-39.3024,True,100.0,1557,13.5,64.8,27.8,0.451,MEDIO
2023,1,Jan,23019,Sertão de Quixeramobim,CE,Sertões Cearenses,-5.0594,-39.3024,True,100.0,308,86.8,67.5,27.6,0.457,MEDIO
2023,2,Fev,23019,Sertão de Quixeramobim,CE,Sertões Cearenses,-5.0594,-39.3024,True,100.0,80,100.2,67.1,27.8,0.299,BAIXO
2023,3,Mar,23019,Sertão de Quixeramobim,CE,Sertões Cearenses,-5.0594,-39.3024,True,100.0,16,331.2,69.5,27.5,0.131,BAIXO
2023,4,Abr,23019,Sertão de Quixeramobim,CE,Sertões Cearenses,-5.0594,-39.3024,True,100.0,1,155.6,66.0,27.8,0.152,BAIXO
2023,5,Mai,23019,Sertão de Quixeramobim,CE,Sertões Cearenses,-5.0594,-39.3024,True,100.0,14,33.1,65.8,28.0,0.416,MEDIO
2023,6,Jun,23019,Sertão de Quixeramobim,CE,Sertões Cearenses,-5.0594,-39.3024,True,100.0,5,40.8,68.3,27.7,0.371,MEDIO
2023,7,Jul,23019,Sertão de Quixeramobim,CE,Sertões Cearenses,-5.0594,-39.3024,True,100.0,40,14.3,65.7,27.8,0.468,MEDIO
2023,8,Ago,23019,Sertão de Quixeramobim,CE,Sertões Cearenses,-5.0594,-39.3024,True,100.0,99,3.3,65.7,28.0,0.518,ALTO
2023,9,Set,23019,Sertão de Quixeramobim,CE,Sertões Cearenses,-5.0594,-39.3024,True,100.0,335,2.4,67.6,27.8,0.642,ALTO
2023,10,Out,23019,Sertão de Quixeramobim,CE,Sertões Cearenses,-5.0594,-39.3024,True,100.0,1974,1.7,69.0,27.7,0.73,CRITICO
2023,11,Nov,23019,Sertão de Quixeramobim,CE,Sertões Cearenses,-5.0594,-39.3024,True,100.0,1636,4.4,64.6,28.0,0.765,CRITICO
2023,12,Dez,23019,Sertão de Quixeramobim,CE,Sertões Cearenses,-5.0594,-39.3024,True,100.0,1028,33.7,63.5,28.1,0.724,CRITICO
2024,1,Jan,23019,Sertão de Quixeramobim,CE,Sertões Cearenses,-5.0594,-39.3024,True,100.0,377,44.3,63.1,28.3,0.635,ALTO
2024,2,Fev,23019,Sertão de Quixeramobim,CE,Sertões Cearenses,-5.0594,-39.3024,True,100.0,70,187.4,63.1,28.6,0.231,BAIXO
2024,3,Mar,23019,Sertão de Quixeramobim,CE,Sertões Cearenses,-5.0594,-39.3024,True,100.0,7,176.5,66.9,28.2,0.16,BAIXO
2024,4,Abr,23019,Sertão de Quixeramobim,CE,Sertões Cearenses,-5.0594,-39.3024,True,100.0,5,173.8,63.4,28.2,0.18,BAIXO
2024,5,Mai,23019,Sertão de Quixeramobim,CE,Sertões Cearenses,-5.0594,-39.3024,True,100.0,19,52.9,64.8,28.3,0.391,MEDIO
2024,6,Jun,23019,Sertão de Quixeramobim,CE,Sertões Cearenses,-5.0594,-39.3024,True,100.0,22,68.4,64.1,28.2,0.361,MEDIO
2024,7,Jul,23019,Sertão de Quixeramobim,CE,Sertões Cearenses,-5.0594,-39.3024,True,100.0,32,18.5,66.5,28.0,0.454,MEDIO
2024,8,Ago,23019,Sertão de Quixeramobim,CE,Sertões Cearenses,-5.0594,-39.3024,True,100.0,148,2.6,64.7,28.3,0.561,ALTO
2024,9,Set,23019,Sertão de Quixeramobim,CE,Sertões Cearenses,-5.0594,-39.3024,True,100.0,234,2.2,67.6,28.1,0.589,ALTO
2024,10,Out,23019,Sertão de Quixeramobim,CE,Sertões Cearenses,-5.0594,-39.3024,True,100.0,1491,2.0,66.2,28.1,0.758,CRITICO
2024,11,Nov,23019,Sertão de Quixeramobim,CE,Sertões Cearenses,-5.0594,-39.3024,True,100.0,2060,3.7,64.1,28.1,0.771,CRITICO
2024,12,Dez,23019,Sertão de Quixeramobim,CE,Sertões Cearenses,-5.0594,-39.3024,True,100.0,1842,27.1,66.5,27.9,0.714,CRITICO
2022,1,Jan,23020,Sertão de Inhamuns,CE,Sertões Cearenses,-6.2538,-40.2721,True,100.0,38,113.6,65.4,27.7,0.23,BAIXO
2022,2,Fev,23020,Sertão de Inhamuns,CE,Sertões Cearenses,-6.2538,-40.2721,True,100.0,42,29.9,65.0,27.9,0.418,MEDIO
2022,3,Mar,23020,Sertão de Inhamuns,CE,Sertões Cearenses,-6.2538,-40.2721,True,100.0,4,221.0,66.8,27.7,0.143,BAIXO
2022,4,Abr,23020,Sertão de Inhamuns,CE,Sertões Cearenses,-6.2538,-40.2721,True,100.0,8,89.2,65.7,26.8,0.258,BAIXO
2022,5,Mai,23020,Sertão de Inhamuns,CE,Sertões Cearenses,-6.2538,-40.2721,True,100.0,6,70.5,65.3,27.8,0.326,MEDIO
2022,6,Jun,23020,Sertão de Inhamuns,CE,Sertões Cearenses,-6.2538,-40.2721,True,100.0,0,26.3,65.4,27.2,0.405,MEDIO
2022,7,Jul,23020,Sertão de Inhamuns,CE,Sertões Cearenses,-6.2538,-40.2721,True,100.0,9,13.7,65.7,27.0,0.425,MEDIO
2022,8,Ago,23020,Sertão de Inhamuns,CE,Sertões Cearenses,-6.2538,-40.2721,True,100.0,24,6.6,65.7,27.6,0.448,MEDIO
2022,9,Set,23020,Sertão de Inhamuns,CE,Sertões Cearenses,-6.2538,-40.2721,True,100.0,218,3.0,66.7,27.8,0.447,MEDIO
2022,10,Out,23020,Sertão de Inhamuns,CE,Sertões Cearenses,-6.2538,-40.2721,True,100.0,716,12.2,66.2,28.3,0.458,MEDIO
2022,11,Nov,23020,Sertão de Inhamuns,CE,Sertões Cearenses,-6.2538,-40.2721,True,100.0,302,51.8,64.4,28.2,0.382,MEDIO
2022,12,Dez,23020,Sertão de Inhamuns,CE,Sertões Cearenses,-6.2538,-40.2721,True,100.0,1116,30.9,65.8,27.9,0.41,MEDIO
2023,1,Jan,23020,Sertão de Inhamuns,CE,Sertões Cearenses,-6.2538,-40.2721,True,100.0,114,76.8,43.3,26.9,0.496,MEDIO
2023,2,Fev,23020,Sertão de Inhamuns,CE,Sertões Cearenses,-6.2538,-40.2721,True,100.0,23,88.5,42.2,27.1,0.428,MEDIO
2023,3,Mar,23020,Sertão de Inhamuns,CE,Sertões Cearenses,-6.2538,-40.2721,True,100.0,11,204.7,43.0,26.8,0.277,BAIXO
2023,4,Abr,23020,Sertão de Inhamuns,CE,Sertões Cearenses,-6.2538,-40.2721,True,100.0,1,103.3,36.9,27.5,0.426,MEDIO
2023,5,Mai,23020,Sertão de Inhamuns,CE,Sertões Cearenses,-6.2538,-40.2721,True,100.0,2,31.8,34.4,28.0,0.604,ALTO
2023,6,Jun,23020,Sertão de Inhamuns,CE,Sertões Cearenses,-6.2538,-40.2721,True,100.0,13,11.7,22.3,28.6,0.669,ALTO
2023,7,Jul,23020,Sertão de Inhamuns,CE,Sertões Cearenses,-6.2538,-40.2721,True,100.0,31,8.2,26.0,27.7,0.661,ALTO
2023,8,Ago,23020,Sertão de Inhamuns,CE,Sertões Cearenses,-6.2538,-40.2721,True,100.0,88,3.2,31.0,27.7,0.695,ALTO
2023,9,Set,23020,Sertão de Inhamuns,CE,Sertões Cearenses,-6.2538,-40.2721,True,100.0,1090,2.7,27.2,28.2,0.955,CRITICO
2023,10,Out,23020,Sertão de Inhamuns,CE,Sertões Cearenses,-6.2538,-40.2721,True,100.0,2558,3.6,35.0,27.0,0.925,CRITICO
2023,11,Nov,23020,Sertão de Inhamuns,CE,Sertões Cearenses,-6.2538,-40.2721,True,100.0,1662,8.8,64.4,27.2,0.747,CRITICO
2023,12,Dez,23020,Sertão de Inhamuns,CE,Sertões Cearenses,-6.2538,-40.2721,True,100.0,466,28.1,27.8,27.8,0.886,CRITICO
2024,1,Jan,23020,Sertão de Inhamuns,CE,Sertões Cearenses,-6.2538,-40.2721,True,100.0,294,29.8,65.4,27.5,0.581,ALTO
2024,2,Fev,23020,Sertão de Inhamuns,CE,Sertões Cearenses,-6.2538,-40.2721,True,100.0,35,102.0,65.0,27.7,0.279,BAIXO
2024,3,Mar,23020,Sertão de Inhamuns,CE,Sertões Cearenses,-6.2538,-40.2721,True,100.0,6,140.8,66.8,27.5,0.162,BAIXO
2024,4,Abr,23020,Sertão de Inhamuns,CE,Sertões Cearenses,-6.2538,-40.2721,True,100.0,0,175.1,65.7,27.5,0.146,BAIXO
2024,5,Mai,23020,Sertão de Inhamuns,CE,Sertões Cearenses,-6.2538,-40.2721,True,100.0,12,21.9,65.3,27.6,0.434,MEDIO
2024,6,Jun,23020,Sertão de Inhamuns,CE,Sertões Cearenses,-6.2538,-40.2721,True,100.0,31,12.1,65.4,27.6,0.464,MEDIO
2024,7,Jul,23020,Sertão de Inhamuns,CE,Sertões Cearenses,-6.2538,-40.2721,True,100.0,29,9.3,65.7,27.6,0.466,MEDIO
2024,8,Ago,23020,Sertão de Inhamuns,CE,Sertões Cearenses,-6.2538,-40.2721,True,100.0,36,3.0,65.7,27.7,0.472,MEDIO
2024,9,Set,23020,Sertão de Inhamuns,CE,Sertões Cearenses,-6.2538,-40.2721,True,100.0,94,2.7,66.7,27.8,0.505,ALTO
2024,10,Out,23020,Sertão de Inhamuns,CE,Sertões Cearenses,-6.2538,-40.2721,True,100.0,840,5.0,66.2,27.5,0.742,CRITICO
2024,11,Nov,23020,Sertão de Inhamuns,CE,Sertões Cearenses,-6.2538,-40.2721,True,100.0,953,6.7,64.4,27.7,0.759,CRITICO
2024,12,Dez,23020,Sertão de Inhamuns,CE,Sertões Cearenses,-6.2538,-40.2721,True,100.0,782,31.3,65.8,27.8,0.706,CRITICO
2022,1,Jan,23021,Sertão de Senador Pompeu,CE,Sertões Cearenses,-5.8051,-39.4826,True,100.0,98,154.4,65.4,27.5,0.147,BAIXO
2022,2,Fev,23021,Sertão de Senador Pompeu,CE,Sertões Cearenses,-5.8051,-39.4826,True,100.0,60,38.5,65.0,27.7,0.394,MEDIO
2022,3,Mar,23021,Sertão de Senador Pompeu,CE,Sertões Cearenses,-5.8051,-39.4826,True,100.0,4,254.4,66.8,27.5,0.138,BAIXO
2022,4,Abr,23021,Sertão de Senador Pompeu,CE,Sertões Cearenses,-5.8051,-39.4826,True,100.0,1,141.9,65.7,27.5,0.163,BAIXO
2022,5,Mai,23021,Sertão de Senador Pompeu,CE,Sertões Cearenses,-5.8051,-39.4826,True,100.0,4,99.9,65.3,27.6,0.259,BAIXO
2022,6,Jun,23021,Sertão de Senador Pompeu,CE,Sertões Cearenses,-5.8051,-39.4826,True,100.0,5,74.9,65.4,27.6,0.311,MEDIO
2022,7,Jul,23021,Sertão de Senador Pompeu,CE,Sertões Cearenses,-5.8051,-39.4826,True,100.0,74,31.4,65.7,27.6,0.402,MEDIO
2022,8,Ago,23021,Sertão de Senador Pompeu,CE,Sertões Cearenses,-5.8051,-39.4826,True,100.0,40,23.4,65.7,27.7,0.422,MEDIO
2022,9,Set,23021,Sertão de Senador Pompeu,CE,Sertões Cearenses,-5.8051,-39.4826,True,100.0,260,3.8,66.7,27.8,0.448,MEDIO
2022,10,Out,23021,Sertão de Senador Pompeu,CE,Sertões Cearenses,-5.8051,-39.4826,True,100.0,906,3.7,66.2,27.5,0.442,MEDIO
2022,11,Nov,23021,Sertão de Senador Pompeu,CE,Sertões Cearenses,-5.8051,-39.4826,True,100.0,621,40.0,64.4,27.7,0.395,MEDIO
2022,12,Dez,23021,Sertão de Senador Pompeu,CE,Sertões Cearenses,-5.8051,-39.4826,True,100.0,3062,24.6,65.8,27.8,0.42,MEDIO
2023,1,Jan,23021,Sertão de Senador Pompeu,CE,Sertões Cearenses,-5.8051,-39.4826,True,100.0,551,79.4,65.4,27.5,0.599,ALTO
2023,2,Fev,23021,Sertão de Senador Pompeu,CE,Sertões Cearenses,-5.8051,-39.4826,True,100.0,84,117.8,65.0,27.7,0.275,BAIXO
2023,3,Mar,23021,Sertão de Senador Pompeu,CE,Sertões Cearenses,-5.8051,-39.4826,True,100.0,37,277.8,66.8,27.5,0.161,BAIXO
2023,4,Abr,23021,Sertão de Senador Pompeu,CE,Sertões Cearenses,-5.8051,-39.4826,True,100.0,8,142.0,65.7,27.5,0.168,BAIXO
2023,5,Mai,23021,Sertão de Senador Pompeu,CE,Sertões Cearenses,-5.8051,-39.4826,True,100.0,9,49.9,65.3,27.6,0.372,MEDIO
2023,6,Jun,23021,Sertão de Senador Pompeu,CE,Sertões Cearenses,-5.8051,-39.4826,True,100.0,15,30.3,65.4,27.6,0.416,MEDIO
2023,7,Jul,23021,Sertão de Senador Pompeu,CE,Sertões Cearenses,-5.8051,-39.4826,True,100.0,106,15.3,65.7,27.6,0.5,ALTO
2023,8,Ago,23021,Sertão de Senador Pompeu,CE,Sertões Cearenses,-5.8051,-39.4826,True,100.0,106,4.1,65.7,27.7,0.514,ALTO
2023,9,Set,23021,Sertão de Senador Pompeu,CE,Sertões Cearenses,-5.8051,-39.4826,True,100.0,688,4.2,66.7,27.8,0.748,CRITICO
2023,10,Out,23021,Sertão de Senador Pompeu,CE,Sertões Cearenses,-5.8051,-39.4826,True,100.0,3419,3.4,66.2,27.5,0.742,CRITICO
2023,11,Nov,23021,Sertão de Senador Pompeu,CE,Sertões Cearenses,-5.8051,-39.4826,True,100.0,3874,4.9,64.4,27.7,0.759,CRITICO
2023,12,Dez,23021,Sertão de Senador Pompeu,CE,Sertões Cearenses,-5.8051,-39.4826,True,100.0,1196,29.3,65.8,27.8,0.71,CRITICO
2024,1,Jan,23021,Sertão de Senador Pompeu,CE,Sertões Cearenses,-5.8051,-39.4826,True,100.0,850,50.5,65.4,27.5,0.661,ALTO
2024,2,Fev,23021,Sertão de Senador Pompeu,CE,Sertões Cearenses,-5.8051,-39.4826,True,100.0,147,124.4,65.0,27.7,0.298,BAIXO
2024,3,Mar,23021,Sertão de Senador Pompeu,CE,Sertões Cearenses,-5.8051,-39.4826,True,100.0,44,179.2,66.8,27.5,0.165,BAIXO
2024,4,Abr,23021,Sertão de Senador Pompeu,CE,Sertões Cearenses,-5.8051,-39.4826,True,100.0,3,170.7,65.7,27.5,0.147,BAIXO
2024,5,Mai,23021,Sertão de Senador Pompeu,CE,Sertões Cearenses,-5.8051,-39.4826,True,100.0,11,40.7,65.3,27.6,0.393,MEDIO
2024,6,Jun,23021,Sertão de Senador Pompeu,CE,Sertões Cearenses,-5.8051,-39.4826,True,100.0,11,39.4,65.4,27.6,0.394,MEDIO
2024,7,Jul,23021,Sertão de Senador Pompeu,CE,Sertões Cearenses,-5.8051,-39.4826,True,100.0,65,19.1,65.7,27.6,0.468,MEDIO
2024,8,Ago,23021,Sertão de Senador Pompeu,CE,Sertões Cearenses,-5.8051,-39.4826,True,100.0,203,4.0,65.7,27.7,0.572,ALTO
2024,9,Set,23021,Sertão de Senador Pompeu,CE,Sertões Cearenses,-5.8051,-39.4826,True,100.0,143,3.8,66.7,27.8,0.534,ALTO
2024,10,Out,23021,Sertão de Senador Pompeu,CE,Sertões Cearenses,-5.8051,-39.4826,True,100.0,954,3.7,66.2,27.5,0.742,CRITICO
2024,11,Nov,23021,Sertão de Senador Pompeu,CE,Sertões Cearenses,-5.8051,-39.4826,True,100.0,2034,4.0,64.4,27.7,0.759,CRITICO
2024,12,Dez,23021,Sertão de Senador Pompeu,CE,Sertões Cearenses,-5.8051,-39.4826,True,100.0,1806,47.4,65.8,27.8,0.671,ALTO
2022,1,Jan,23022,Litoral de Aracati,CE,Jaguaribe,-4.6669,-37.6721,True,100.0,60,87.6,69.6,27.6,0.257,BAIXO
2022,2,Fev,23022,Litoral de Aracati,CE,Jaguaribe,-4.6669,-37.6721,True,100.0,15,37.0,71.4,27.2,0.345,MEDIO
2022,3,Mar,23022,Litoral de Aracati,CE,Jaguaribe,-4.6669,-37.6721,True,100.0,9,332.8,73.8,27.2,0.088,BAIXO
2022,4,Abr,23022,Litoral de Aracati,CE,Jaguaribe,-4.6669,-37.6721,True,100.0,5,221.6,72.1,27.2,0.098,BAIXO
2022,5,Mai,23022,Litoral de Aracati,CE,Jaguaribe,-4.6669,-37.6721,True,100.0,5,172.9,71.8,27.1,0.098,BAIXO
2022,6,Jun,23022,Litoral de Aracati,CE,Jaguaribe,-4.6669,-37.6721,True,100.0,10,81.4,74.1,26.8,0.223,BAIXO
2022,7,Jul,23022,Litoral de Aracati,CE,Jaguaribe,-4.6669,-37.6721,True,100.0,22,41.4,71.5,27.2,0.335,MEDIO
2022,8,Ago,23022,Litoral de Aracati,CE,Jaguaribe,-4.6669,-37.6721,True,100.0,28,7.0,69.9,27.4,0.417,MEDIO
2022,9,Set,23022,Litoral de Aracati,CE,Jaguaribe,-4.6669,-37.6721,True,100.0,55,2.5,70.6,27.4,0.412,MEDIO
2022,10,Out,23022,Litoral de Aracati,CE,Jaguaribe,-4.6669,-37.6721,True,100.0,153,3.0,71.2,27.4,0.409,MEDIO
2022,11,Nov,23022,Litoral de Aracati,CE,Jaguaribe,-4.6669,-37.6721,True,100.0,37,4.7,72.6,27.1,0.393,MEDIO
2022,12,Dez,23022,Litoral de Aracati,CE,Jaguaribe,-4.6669,-37.6721,True,100.0,74,15.1,75.3,26.7,0.357,MEDIO
2023,1,Jan,23022,Litoral de Aracati,CE,Jaguaribe,-4.6669,-37.6721,True,100.0,49,57.4,61.0,28.2,0.42,MEDIO
2023,2,Fev,23022,Litoral de Aracati,CE,Jaguaribe,-4.6669,-37.6721,True,100.0,45,114.1,62.3,28.2,0.288,BAIXO
2023,3,Mar,23022,Litoral de Aracati,CE,Jaguaribe,-4.6669,-37.6721,True,100.0,10,320.4,61.3,28.3,0.199,BAIXO
2023,4,Abr,23022,Litoral de Aracati,CE,Jaguaribe,-4.6669,-37.6721,True,100.0,2,200.3,60.9,28.4,0.199,BAIXO
2023,5,Mai,23022,Litoral de Aracati,CE,Jaguaribe,-4.6669,-37.6721,True,100.0,7,48.7,60.9,28.4,0.419,MEDIO
2023,6,Jun,23022,Litoral de Aracati,CE,Jaguaribe,-4.6669,-37.6721,True,100.0,11,22.8,59.1,28.4,0.489,MEDIO
2023,7,Jul,23022,Litoral de Aracati,CE,Jaguaribe,-4.6669,-37.6721,True,100.0,26,12.2,58.1,28.5,0.529,ALTO
2023,8,Ago,23022,Litoral de Aracati,CE,Jaguaribe,-4.6669,-37.6721,True,100.0,46,3.8,58.4,28.6,0.546,ALTO
2023,9,Set,23022,Litoral de Aracati,CE,Jaguaribe,-4.6669,-37.6721,True,100.0,49,2.3,55.9,28.5,0.561,ALTO
2023,10,Out,23022,Litoral de Aracati,CE,Jaguaribe,-4.6669,-37.6721,True,100.0,43,2.8,57.4,28.3,0.543,ALTO
2023,11,Nov,23022,Litoral de Aracati,CE,Jaguaribe,-4.6669,-37.6721,True,100.0,100,2.5,57.7,28.3,0.576,ALTO
2023,12,Dez,23022,Litoral de Aracati,CE,Jaguaribe,-4.6669,-37.6721,True,100.0,94,21.7,58.8,28.2,0.538,ALTO
2024,1,Jan,23022,Litoral de Aracati,CE,Jaguaribe,-4.6669,-37.6721,True,100.0,111,23.9,66.4,27.6,0.481,MEDIO
2024,2,Fev,23022,Litoral de Aracati,CE,Jaguaribe,-4.6669,-37.6721,True,100.0,55,201.6,66.5,27.8,0.181,BAIXO
2024,3,Mar,23022,Litoral de Aracati,CE,Jaguaribe,-4.6669,-37.6721,True,100.0,2,289.1,67.6,27.8,0.142,BAIXO
2024,4,Abr,23022,Litoral de Aracati,CE,Jaguaribe,-4.6669,-37.6721,True,100.0,6,251.5,68.5,27.4,0.129,BAIXO
2024,5,Mai,23022,Litoral de Aracati,CE,Jaguaribe,-4.6669,-37.6721,True,100.0,4,54.5,66.7,27.6,0.349,MEDIO
2024,6,Jun,23022,Litoral de Aracati,CE,Jaguaribe,-4.6669,-37.6721,True,100.0,8,52.0,65.4,27.9,0.372,MEDIO
2024,7,Jul,23022,Litoral de Aracati,CE,Jaguaribe,-4.6669,-37.6721,True,100.0,15,8.8,66.7,27.9,0.458,MEDIO
2024,8,Ago,23022,Litoral de Aracati,CE,Jaguaribe,-4.6669,-37.6721,True,100.0,45,3.2,66.8,27.7,0.471,MEDIO
2024,9,Set,23022,Litoral de Aracati,CE,Jaguaribe,-4.6669,-37.6721,True,100.0,38,2.2,67.1,28.0,0.472,MEDIO
2024,10,Out,23022,Litoral de Aracati,CE,Jaguaribe,-4.6669,-37.6721,True,100.0,58,2.5,66.3,27.9,0.487,MEDIO
2024,11,Nov,23022,Litoral de Aracati,CE,Jaguaribe,-4.6669,-37.6721,True,100.0,69,2.6,65.6,27.9,0.498,MEDIO
2024,12,Dez,23022,Litoral de Aracati,CE,Jaguaribe,-4.6669,-37.6721,True,100.0,79,13.4,66.8,28.0,0.491,MEDIO
2022,1,Jan,23023,Baixo Jaguaribe,CE,Jaguaribe,-5.0834,-38.1818,True,100.0,148,110.9,65.4,27.4,0.229,BAIXO
2022,2,Fev,23023,Baixo Jaguaribe,CE,Jaguaribe,-5.0834,-38.1818,True,100.0,101,44.4,62.8,27.4,0.388,MEDIO
2022,3,Mar,23023,Baixo Jaguaribe,CE,Jaguaribe,-5.0834,-38.1818,True,100.0,106,310.3,65.8,27.1,0.135,BAIXO
2022,4,Abr,23023,Baixo Jaguaribe,CE,Jaguaribe,-5.0834,-38.1818,True,100.0,14,196.1,64.9,27.1,0.141,BAIXO
2022,5,Mai,23023,Baixo Jaguaribe,CE,Jaguaribe,-5.0834,-38.1818,True,100.0,0,211.2,62.2,27.4,0.165,BAIXO
2022,6,Jun,23023,Baixo Jaguaribe,CE,Jaguaribe,-5.0834,-38.1818,True,100.0,8,68.0,65.0,27.2,0.318,MEDIO
2022,7,Jul,23023,Baixo Jaguaribe,CE,Jaguaribe,-5.0834,-38.1818,True,100.0,101,36.8,62.9,27.1,0.396,MEDIO
2022,8,Ago,23023,Baixo Jaguaribe,CE,Jaguaribe,-5.0834,-38.1818,True,100.0,157,13.9,62.9,27.4,0.452,MEDIO
2022,9,Set,23023,Baixo Jaguaribe,CE,Jaguaribe,-5.0834,-38.1818,True,100.0,409,1.9,63.9,27.2,0.449,MEDIO
2022,10,Out,23023,Baixo Jaguaribe,CE,Jaguaribe,-5.0834,-38.1818,True,100.0,397,2.6,64.6,27.4,0.45,MEDIO
2022,11,Nov,23023,Baixo Jaguaribe,CE,Jaguaribe,-5.0834,-38.1818,True,100.0,224,13.1,64.1,27.2,0.441,MEDIO
2022,12,Dez,23023,Baixo Jaguaribe,CE,Jaguaribe,-5.0834,-38.1818,True,100.0,330,19.1,65.8,27.1,0.416,MEDIO
2023,1,Jan,23023,Baixo Jaguaribe,CE,Jaguaribe,-5.0834,-38.1818,True,100.0,159,77.0,58.6,28.2,0.459,MEDIO
2023,2,Fev,23023,Baixo Jaguaribe,CE,Jaguaribe,-5.0834,-38.1818,True,100.0,92,139.5,60.8,28.1,0.269,BAIXO
2023,3,Mar,23023,Baixo Jaguaribe,CE,Jaguaribe,-5.0834,-38.1818,True,100.0,32,265.8,62.1,28.1,0.202,BAIXO
2023,4,Abr,23023,Baixo Jaguaribe,CE,Jaguaribe,-5.0834,-38.1818,True,100.0,11,171.7,59.2,28.1,0.208,BAIXO
2023,5,Mai,23023,Baixo Jaguaribe,CE,Jaguaribe,-5.0834,-38.1818,True,100.0,27,40.7,60.9,28.1,0.441,MEDIO
2023,6,Jun,23023,Baixo Jaguaribe,CE,Jaguaribe,-5.0834,-38.1818,True,100.0,37,34.5,61.1,28.0,0.457,MEDIO
2023,7,Jul,23023,Baixo Jaguaribe,CE,Jaguaribe,-5.0834,-38.1818,True,100.0,161,10.9,57.8,28.1,0.605,ALTO
2023,8,Ago,23023,Baixo Jaguaribe,CE,Jaguaribe,-5.0834,-38.1818,True,100.0,237,2.6,58.5,28.2,0.65,ALTO
2023,9,Set,23023,Baixo Jaguaribe,CE,Jaguaribe,-5.0834,-38.1818,True,100.0,350,1.7,57.2,28.3,0.729,CRITICO
2023,10,Out,23023,Baixo Jaguaribe,CE,Jaguaribe,-5.0834,-38.1818,True,100.0,329,1.9,58.6,28.1,0.702,CRITICO
2023,11,Nov,23023,Baixo Jaguaribe,CE,Jaguaribe,-5.0834,-38.1818,True,100.0,414,3.0,57.3,28.2,0.764,CRITICO
2023,12,Dez,23023,Baixo Jaguaribe,CE,Jaguaribe,-5.0834,-38.1818,True,100.0,438,59.9,58.2,28.1,0.663,ALTO
2024,1,Jan,23023,Baixo Jaguaribe,CE,Jaguaribe,-5.0834,-38.1818,True,100.0,324,32.6,58.1,28.0,0.652,ALTO
2024,2,Fev,23023,Baixo Jaguaribe,CE,Jaguaribe,-5.0834,-38.1818,True,100.0,127,196.6,57.4,28.2,0.291,BAIXO
2024,3,Mar,23023,Baixo Jaguaribe,CE,Jaguaribe,-5.0834,-38.1818,True,100.0,51,251.7,60.5,28.0,0.221,BAIXO
2024,4,Abr,23023,Baixo Jaguaribe,CE,Jaguaribe,-5.0834,-38.1818,True,100.0,1,257.8,58.3,27.9,0.202,BAIXO
2024,5,Mai,23023,Baixo Jaguaribe,CE,Jaguaribe,-5.0834,-38.1818,True,100.0,37,56.8,58.2,28.0,0.427,MEDIO
2024,6,Jun,23023,Baixo Jaguaribe,CE,Jaguaribe,-5.0834,-38.1818,True,100.0,49,51.8,59.2,28.1,0.441,MEDIO
2024,7,Jul,23023,Baixo Jaguaribe,CE,Jaguaribe,-5.0834,-38.1818,True,100.0,164,11.0,60.0,28.3,0.598,ALTO
2024,8,Ago,23023,Baixo Jaguaribe,CE,Jaguaribe,-5.0834,-38.1818,True,100.0,342,2.5,58.5,28.2,0.713,CRITICO
2024,9,Set,23023,Baixo Jaguaribe,CE,Jaguaribe,-5.0834,-38.1818,True,100.0,505,1.6,61.4,28.2,0.79,CRITICO
2024,10,Out,23023,Baixo Jaguaribe,CE,Jaguaribe,-5.0834,-38.1818,True,100.0,317,1.8,60.1,28.1,0.686,ALTO
2024,11,Nov,23023,Baixo Jaguaribe,CE,Jaguaribe,-5.0834,-38.1818,True,100.0,389,2.6,57.8,28.1,0.743,CRITICO
2024,12,Dez,23023,Baixo Jaguaribe,CE,Jaguaribe,-5.0834,-38.1818,True,100.0,482,18.2,61.1,28.3,0.766,CRITICO
2022,1,Jan,23024,Médio Jaguaribe,CE,Jaguaribe,-5.7147,-38.6974,True,100.0,19,128.2,49.7,29.1,0.332,MEDIO
2022,2,Fev,23024,Médio Jaguaribe,CE,Jaguaribe,-5.7147,-38.6974,True,100.0,38,27.6,49.6,29.6,0.561,ALTO
2022,3,Mar,23024,Médio Jaguaribe,CE,Jaguaribe,-5.7147,-38.6974,True,100.0,14,330.3,51.1,29.7,0.292,BAIXO
2022,4,Abr,23024,Médio Jaguaribe,CE,Jaguaribe,-5.7147,-38.6974,True,100.0,0,172.7,54.2,29.0,0.255,BAIXO
2022,5,Mai,23024,Médio Jaguaribe,CE,Jaguaribe,-5.7147,-38.6974,True,100.0,0,139.1,47.4,29.9,0.343,MEDIO
2022,6,Jun,23024,Médio Jaguaribe,CE,Jaguaribe,-5.7147,-38.6974,True,100.0,4,68.7,49.7,29.6,0.472,MEDIO
2022,7,Jul,23024,Médio Jaguaribe,CE,Jaguaribe,-5.7147,-38.6974,True,100.0,1,33.0,49.6,29.0,0.534,ALTO
2022,8,Ago,23024,Médio Jaguaribe,CE,Jaguaribe,-5.7147,-38.6974,True,100.0,6,16.3,50.3,30.1,0.591,ALTO
2022,9,Set,23024,Médio Jaguaribe,CE,Jaguaribe,-5.7147,-38.6974,True,100.0,56,2.6,49.9,29.6,0.597,ALTO
2022,10,Out,23024,Médio Jaguaribe,CE,Jaguaribe,-5.7147,-38.6974,True,100.0,519,2.7,54.1,29.4,0.566,ALTO
2022,11,Nov,23024,Médio Jaguaribe,CE,Jaguaribe,-5.7147,-38.6974,True,100.0,87,25.6,53.7,29.4,0.535,ALTO
2022,12,Dez,23024,Médio Jaguaribe,CE,Jaguaribe,-5.7147,-38.6974,True,100.0,101,14.7,53.7,29.5,0.561,ALTO
2023,1,Jan,23024,Médio Jaguaribe,CE,Jaguaribe,-5.7147,-38.6974,True,100.0,62,56.0,52.3,29.4,0.516,ALTO
2023,2,Fev,23024,Médio Jaguaribe,CE,Jaguaribe,-5.7147,-38.6974,True,100.0,21,106.1,55.0,29.3,0.364,MEDIO
2023,3,Mar,23024,Médio Jaguaribe,CE,Jaguaribe,-5.7147,-38.6974,True,100.0,6,265.4,55.2,28.9,0.25,BAIXO
2023,4,Abr,23024,Médio Jaguaribe,CE,Jaguaribe,-5.7147,-38.6974,True,100.0,0,138.6,50.2,29.5,0.317,MEDIO
2023,5,Mai,23024,Médio Jaguaribe,CE,Jaguaribe,-5.7147,-38.6974,True,100.0,2,31.0,53.7,29.5,0.527,ALTO
2023,6,Jun,23024,Médio Jaguaribe,CE,Jaguaribe,-5.7147,-38.6974,True,100.0,4,30.4,50.7,29.4,0.546,ALTO
2023,7,Jul,23024,Médio Jaguaribe,CE,Jaguaribe,-5.7147,-38.6974,True,100.0,16,18.0,52.3,29.3,0.567,ALTO
2023,8,Ago,23024,Médio Jaguaribe,CE,Jaguaribe,-5.7147,-38.6974,True,100.0,26,2.6,52.6,29.5,0.593,ALTO
2023,9,Set,23024,Médio Jaguaribe,CE,Jaguaribe,-5.7147,-38.6974,True,100.0,27,2.7,51.9,29.3,0.593,ALTO
2023,10,Out,23024,Médio Jaguaribe,CE,Jaguaribe,-5.7147,-38.6974,True,100.0,109,2.4,52.5,29.4,0.641,ALTO
2023,11,Nov,23024,Médio Jaguaribe,CE,Jaguaribe,-5.7147,-38.6974,True,100.0,182,3.2,52.0,29.5,0.69,ALTO
2023,12,Dez,23024,Médio Jaguaribe,CE,Jaguaribe,-5.7147,-38.6974,True,100.0,208,31.5,52.1,29.6,0.662,ALTO
2024,1,Jan,23024,Médio Jaguaribe,CE,Jaguaribe,-5.7147,-38.6974,True,100.0,163,47.5,47.1,30.3,0.642,ALTO
2024,2,Fev,23024,Médio Jaguaribe,CE,Jaguaribe,-5.7147,-38.6974,True,100.0,39,185.8,47.6,30.9,0.345,MEDIO
2024,3,Mar,23024,Médio Jaguaribe,CE,Jaguaribe,-5.7147,-38.6974,True,100.0,39,268.3,49.1,30.4,0.335,MEDIO
2024,4,Abr,23024,Médio Jaguaribe,CE,Jaguaribe,-5.7147,-38.6974,True,100.0,3,201.1,47.4,30.5,0.324,MEDIO
2024,5,Mai,23024,Médio Jaguaribe,CE,Jaguaribe,-5.7147,-38.6974,True,100.0,0,44.2,44.9,30.4,0.565,ALTO
2024,6,Jun,23024,Médio Jaguaribe,CE,Jaguaribe,-5.7147,-38.6974,True,100.0,0,55.0,46.5,31.1,0.532,ALTO
2024,7,Jul,23024,Médio Jaguaribe,CE,Jaguaribe,-5.7147,-38.6974,True,100.0,3,19.3,48.2,30.7,0.599,ALTO
2024,8,Ago,23024,Médio Jaguaribe,CE,Jaguaribe,-5.7147,-38.6974,True,100.0,29,2.3,44.7,31.3,0.657,ALTO
2024,9,Set,23024,Médio Jaguaribe,CE,Jaguaribe,-5.7147,-38.6974,True,100.0,270,2.5,45.6,31.7,0.796,CRITICO
2024,10,Out,23024,Médio Jaguaribe,CE,Jaguaribe,-5.7147,-38.6974,True,100.0,38,2.0,42.2,31.0,0.678,ALTO
2024,11,Nov,23024,Médio Jaguaribe,CE,Jaguaribe,-5.7147,-38.6974,True,100.0,187,2.6,44.0,31.0,0.756,CRITICO
2024,12,Dez,23024,Médio Jaguaribe,CE,Jaguaribe,-5.7147,-38.6974,True,100.0,182,26.8,45.7,30.8,0.706,CRITICO
2022,1,Jan,23025,Serra do Pereiro,CE,Jaguaribe,-5.8644,-38.3312,True,100.0,40,201.2,65.4,27.5,0.147,BAIXO
2022,2,Fev,23025,Serra do Pereiro,CE,Jaguaribe,-5.8644,-38.3312,True,100.0,24,19.3,65.0,27.7,0.435,MEDIO
2022,3,Mar,23025,Serra do Pereiro,CE,Jaguaribe,-5.8644,-38.3312,True,100.0,13,212.8,66.8,27.5,0.138,BAIXO
2022,4,Abr,23025,Serra do Pereiro,CE,Jaguaribe,-5.8644,-38.3312,True,100.0,0,180.3,65.7,27.5,0.146,BAIXO
2022,5,Mai,23025,Serra do Pereiro,CE,Jaguaribe,-5.8644,-38.3312,True,100.0,0,179.5,65.3,27.6,0.152,BAIXO
2022,6,Jun,23025,Serra do Pereiro,CE,Jaguaribe,-5.8644,-38.3312,True,100.0,1,79.3,65.4,27.6,0.302,MEDIO
2022,7,Jul,23025,Serra do Pereiro,CE,Jaguaribe,-5.8644,-38.3312,True,100.0,9,35.8,65.7,27.6,0.393,MEDIO
2022,8,Ago,23025,Serra do Pereiro,CE,Jaguaribe,-5.8644,-38.3312,True,100.0,18,16.4,65.7,27.7,0.437,MEDIO
2022,9,Set,23025,Serra do Pereiro,CE,Jaguaribe,-5.8644,-38.3312,True,100.0,83,3.4,66.7,27.8,0.448,MEDIO
2022,10,Out,23025,Serra do Pereiro,CE,Jaguaribe,-5.8644,-38.3312,True,100.0,200,3.0,66.2,27.5,0.442,MEDIO
2022,11,Nov,23025,Serra do Pereiro,CE,Jaguaribe,-5.8644,-38.3312,True,100.0,304,27.3,64.4,27.7,0.422,MEDIO
2022,12,Dez,23025,Serra do Pereiro,CE,Jaguaribe,-5.8644,-38.3312,True,100.0,337,16.6,65.8,27.8,0.437,MEDIO
2023,1,Jan,23025,Serra do Pereiro,CE,Jaguaribe,-5.8644,-38.3312,True,100.0,99,58.6,65.4,27.5,0.403,MEDIO
2023,2,Fev,23025,Serra do Pereiro,CE,Jaguaribe,-5.8644,-38.3312,True,100.0,20,115.3,65.0,27.7,0.242,BAIXO
2023,3,Mar,23025,Serra do Pereiro,CE,Jaguaribe,-5.8644,-38.3312,True,100.0,7,233.2,66.8,27.5,0.143,BAIXO
2023,4,Abr,23025,Serra do Pereiro,CE,Jaguaribe,-5.8644,-38.3312,True,100.0,0,141.7,65.7,27.5,0.163,BAIXO
2023,5,Mai,23025,Serra do Pereiro,CE,Jaguaribe,-5.8644,-38.3312,True,100.0,7,54.7,65.3,27.6,0.36,MEDIO
2023,6,Jun,23025,Serra do Pereiro,CE,Jaguaribe,-5.8644,-38.3312,True,100.0,3,38.2,65.4,27.6,0.391,MEDIO
2023,7,Jul,23025,Serra do Pereiro,CE,Jaguaribe,-5.8644,-38.3312,True,100.0,9,22.0,65.7,27.6,0.428,MEDIO
2023,8,Ago,23025,Serra do Pereiro,CE,Jaguaribe,-5.8644,-38.3312,True,100.0,25,2.9,65.7,27.7,0.466,MEDIO
2023,9,Set,23025,Serra do Pereiro,CE,Jaguaribe,-5.8644,-38.3312,True,100.0,42,3.9,66.7,27.8,0.473,MEDIO
2023,10,Out,23025,Serra do Pereiro,CE,Jaguaribe,-5.8644,-38.3312,True,100.0,156,2.7,66.2,27.5,0.536,ALTO
2023,11,Nov,23025,Serra do Pereiro,CE,Jaguaribe,-5.8644,-38.3312,True,100.0,469,3.7,64.4,27.7,0.74,CRITICO
2023,12,Dez,23025,Serra do Pereiro,CE,Jaguaribe,-5.8644,-38.3312,True,100.0,347,82.7,65.8,27.8,0.504,ALTO
2024,1,Jan,23025,Serra do Pereiro,CE,Jaguaribe,-5.8644,-38.3312,True,100.0,120,55.9,65.4,27.5,0.421,MEDIO
2024,2,Fev,23025,Serra do Pereiro,CE,Jaguaribe,-5.8644,-38.3312,True,100.0,47,179.0,65.0,27.7,0.184,BAIXO
2024,3,Mar,23025,Serra do Pereiro,CE,Jaguaribe,-5.8644,-38.3312,True,100.0,1,301.2,66.8,27.5,0.139,BAIXO
2024,4,Abr,23025,Serra do Pereiro,CE,Jaguaribe,-5.8644,-38.3312,True,100.0,0,221.4,65.7,27.5,0.146,BAIXO
2024,5,Mai,23025,Serra do Pereiro,CE,Jaguaribe,-5.8644,-38.3312,True,100.0,1,63.0,65.3,27.6,0.339,MEDIO
2024,6,Jun,23025,Serra do Pereiro,CE,Jaguaribe,-5.8644,-38.3312,True,100.0,9,61.2,65.4,27.6,0.346,MEDIO
2024,7,Jul,23025,Serra do Pereiro,CE,Jaguaribe,-5.8644,-38.3312,True,100.0,31,17.6,65.7,27.6,0.45,MEDIO
2024,8,Ago,23025,Serra do Pereiro,CE,Jaguaribe,-5.8644,-38.3312,True,100.0,53,2.7,65.7,27.7,0.482,MEDIO
2024,9,Set,23025,Serra do Pereiro,CE,Jaguaribe,-5.8644,-38.3312,True,100.0,26,3.1,66.7,27.8,0.464,MEDIO
2024,10,Out,23025,Serra do Pereiro,CE,Jaguaribe,-5.8644,-38.3312,True,100.0,150,2.6,66.2,27.5,0.532,ALTO
2024,11,Nov,23025,Serra do Pereiro,CE,Jaguaribe,-5.8644,-38.3312,True,100.0,364,3.2,64.4,27.7,0.677,ALTO
2024,12,Dez,23025,Serra do Pereiro,CE,Jaguaribe,-5.8644,-38.3312,True,100.0,573,32.1,65.8,27.8,0.704,CRITICO
2022,1,Jan,23026,Iguatu,CE,Centro-Sul Cearense,-6.3659,-38.9967,True,100.0,38,214.9,65.2,26.7,0.129,BAIXO
2022,2,Fev,23026,Iguatu,CE,Centro-Sul Cearense,-6.3659,-38.9967,True,100.0,43,66.3,64.2,26.8,0.317,MEDIO
2022,3,Mar,23026,Iguatu,CE,Centro-Sul Cearense,-6.3659,-38.9967,True,100.0,10,325.6,63.7,27.0,0.146,BAIXO
2022,4,Abr,23026,Iguatu,CE,Centro-Sul Cearense,-6.3659,-38.9967,True,100.0,0,143.5,65.6,26.7,0.14,BAIXO
2022,5,Mai,23026,Iguatu,CE,Centro-Sul Cearense,-6.3659,-38.9967,True,100.0,1,96.3,64.5,27.1,0.258,BAIXO
2022,6,Jun,23026,Iguatu,CE,Centro-Sul Cearense,-6.3659,-38.9967,True,100.0,5,82.4,65.1,27.0,0.282,BAIXO
2022,7,Jul,23026,Iguatu,CE,Centro-Sul Cearense,-6.3659,-38.9967,True,100.0,40,18.7,65.2,26.9,0.415,MEDIO
2022,8,Ago,23026,Iguatu,CE,Centro-Sul Cearense,-6.3659,-38.9967,True,100.0,158,17.5,65.4,27.0,0.419,MEDIO
2022,9,Set,23026,Iguatu,CE,Centro-Sul Cearense,-6.3659,-38.9967,True,100.0,778,3.5,65.1,27.1,0.439,MEDIO
2022,10,Out,23026,Iguatu,CE,Centro-Sul Cearense,-6.3659,-38.9967,True,100.0,1429,3.9,65.0,27.4,0.447,MEDIO
2022,11,Nov,23026,Iguatu,CE,Centro-Sul Cearense,-6.3659,-38.9967,True,100.0,699,64.9,63.8,27.6,0.342,MEDIO
2022,12,Dez,23026,Iguatu,CE,Centro-Sul Cearense,-6.3659,-38.9967,True,100.0,820,33.4,63.2,27.4,0.409,MEDIO
2023,1,Jan,23026,Iguatu,CE,Centro-Sul Cearense,-6.3659,-38.9967,True,100.0,158,143.8,53.3,27.7,0.336,MEDIO
2023,2,Fev,23026,Iguatu,CE,Centro-Sul Cearense,-6.3659,-38.9967,True,100.0,35,156.7,56.2,27.8,0.233,BAIXO
2023,3,Mar,23026,Iguatu,CE,Centro-Sul Cearense,-6.3659,-38.9967,True,100.0,9,234.3,59.9,27.4,0.185,BAIXO
2023,4,Abr,23026,Iguatu,CE,Centro-Sul Cearense,-6.3659,-38.9967,True,100.0,8,160.7,54.8,27.5,0.219,BAIXO
2023,5,Mai,23026,Iguatu,CE,Centro-Sul Cearense,-6.3659,-38.9967,True,100.0,20,59.3,54.8,27.4,0.418,MEDIO
2023,6,Jun,23026,Iguatu,CE,Centro-Sul Cearense,-6.3659,-38.9967,True,100.0,11,16.6,53.0,27.6,0.52,ALTO
2023,7,Jul,23026,Iguatu,CE,Centro-Sul Cearense,-6.3659,-38.9967,True,100.0,125,18.1,55.7,27.7,0.571,ALTO
2023,8,Ago,23026,Iguatu,CE,Centro-Sul Cearense,-6.3659,-38.9967,True,100.0,172,3.5,55.1,27.8,0.623,ALTO
2023,9,Set,23026,Iguatu,CE,Centro-Sul Cearense,-6.3659,-38.9967,True,100.0,1460,3.6,55.1,27.9,0.822,CRITICO
2023,10,Out,23026,Iguatu,CE,Centro-Sul Cearense,-6.3659,-38.9967,True,100.0,1991,3.2,54.9,28.0,0.826,CRITICO
2023,11,Nov,23026,Iguatu,CE,Centro-Sul Cearense,-6.3659,-38.9967,True,100.0,1206,6.1,55.8,27.9,0.817,CRITICO
2023,12,Dez,23026,Iguatu,CE,Centro-Sul Cearense,-6.3659,-38.9967,True,100.0,692,35.1,56.6,27.7,0.754,CRITICO
2024,1,Jan,23026,Iguatu,CE,Centro-Sul Cearense,-6.3659,-38.9967,True,100.0,277,75.7,57.8,27.1,0.51,ALTO
2024,2,Fev,23026,Iguatu,CE,Centro-Sul Cearense,-6.3659,-38.9967,True,100.0,79,143.9,56.5,28.4,0.286,BAIXO
2024,3,Mar,23026,Iguatu,CE,Centro-Sul Cearense,-6.3659,-38.9967,True,100.0,18,234.4,63.4,27.9,0.181,BAIXO
2024,4,Abr,23026,Iguatu,CE,Centro-Sul Cearense,-6.3659,-38.9967,True,100.0,15,183.6,60.8,27.6,0.188,BAIXO
2024,5,Mai,23026,Iguatu,CE,Centro-Sul Cearense,-6.3659,-38.9967,True,100.0,3,39.2,65.3,27.3,0.382,MEDIO
2024,6,Jun,23026,Iguatu,CE,Centro-Sul Cearense,-6.3659,-38.9967,True,100.0,11,31.7,62.4,28.0,0.439,MEDIO
2024,7,Jul,23026,Iguatu,CE,Centro-Sul Cearense,-6.3659,-38.9967,True,100.0,39,14.6,63.0,28.0,0.489,MEDIO
2024,8,Ago,23026,Iguatu,CE,Centro-Sul Cearense,-6.3659,-38.9967,True,100.0,182,3.3,57.5,28.4,0.629,ALTO
2024,9,Set,23026,Iguatu,CE,Centro-Sul Cearense,-6.3659,-38.9967,True,100.0,294,3.7,54.7,28.7,0.721,CRITICO
2024,10,Out,23026,Iguatu,CE,Centro-Sul Cearense,-6.3659,-38.9967,True,100.0,768,4.9,57.2,28.3,0.819,CRITICO
2024,11,Nov,23026,Iguatu,CE,Centro-Sul Cearense,-6.3659,-38.9967,True,100.0,741,4.2,52.8,28.2,0.844,CRITICO
2024,12,Dez,23026,Iguatu,CE,Centro-Sul Cearense,-6.3659,-38.9967,True,100.0,1010,59.0,55.5,28.2,0.722,CRITICO
2022,1,Jan,23027,Várzea Alegre,CE,Centro-Sul Cearense,-6.6455,-39.538,True,100.0,45,183.6,65.4,27.5,0.147,BAIXO
2022,2,Fev,23027,Várzea Alegre,CE,Centro-Sul Cearense,-6.6455,-39.538,True,100.0,29,92.2,65.0,27.7,0.279,BAIXO
2022,3,Mar,23027,Várzea Alegre,CE,Centro-Sul Cearense,-6.6455,-39.538,True,100.0,1,333.7,66.8,27.5,0.138,BAIXO
2022,4,Abr,23027,Várzea Alegre,CE,Centro-Sul Cearense,-6.6455,-39.538,True,100.0,3,136.8,65.7,27.5,0.174,BAIXO
2022,5,Mai,23027,Várzea Alegre,CE,Centro-Sul Cearense,-6.6455,-39.538,True,100.0,6,110.3,65.3,27.6,0.237,BAIXO
2022,6,Jun,23027,Várzea Alegre,CE,Centro-Sul Cearense,-6.6455,-39.538,True,100.0,9,40.8,65.4,27.6,0.384,MEDIO
2022,7,Jul,23027,Várzea Alegre,CE,Centro-Sul Cearense,-6.6455,-39.538,True,100.0,23,14.0,65.7,27.6,0.44,MEDIO
2022,8,Ago,23027,Várzea Alegre,CE,Centro-Sul Cearense,-6.6455,-39.538,True,100.0,55,10.6,65.7,27.7,0.449,MEDIO
2022,9,Set,23027,Várzea Alegre,CE,Centro-Sul Cearense,-6.6455,-39.538,True,100.0,353,3.5,66.7,27.8,0.448,MEDIO
2022,10,Out,23027,Várzea Alegre,CE,Centro-Sul Cearense,-6.6455,-39.538,True,100.0,750,7.4,66.2,27.5,0.442,MEDIO
2022,11,Nov,23027,Várzea Alegre,CE,Centro-Sul Cearense,-6.6455,-39.538,True,100.0,390,70.1,64.4,27.7,0.33,MEDIO
2022,12,Dez,23027,Várzea Alegre,CE,Centro-Sul Cearense,-6.6455,-39.538,True,100.0,863,42.6,65.8,27.8,0.381,MEDIO
2023,1,Jan,23027,Várzea Alegre,CE,Centro-Sul Cearense,-6.6455,-39.538,True,100.0,115,155.6,65.4,27.5,0.216,BAIXO
2023,2,Fev,23027,Várzea Alegre,CE,Centro-Sul Cearense,-6.6455,-39.538,True,100.0,18,161.0,65.0,27.7,0.166,BAIXO
2023,3,Mar,23027,Várzea Alegre,CE,Centro-Sul Cearense,-6.6455,-39.538,True,100.0,18,212.8,66.8,27.5,0.149,BAIXO
2023,4,Abr,23027,Várzea Alegre,CE,Centro-Sul Cearense,-6.6455,-39.538,True,100.0,13,148.1,65.7,27.5,0.157,BAIXO
2023,5,Mai,23027,Várzea Alegre,CE,Centro-Sul Cearense,-6.6455,-39.538,True,100.0,11,48.1,65.3,27.6,0.377,MEDIO
2023,6,Jun,23027,Várzea Alegre,CE,Centro-Sul Cearense,-6.6455,-39.538,True,100.0,12,13.0,65.4,27.6,0.451,MEDIO
2023,7,Jul,23027,Várzea Alegre,CE,Centro-Sul Cearense,-6.6455,-39.538,True,100.0,40,10.2,65.7,27.6,0.472,MEDIO
2023,8,Ago,23027,Várzea Alegre,CE,Centro-Sul Cearense,-6.6455,-39.538,True,100.0,135,4.5,65.7,27.7,0.532,ALTO
2023,9,Set,23027,Várzea Alegre,CE,Centro-Sul Cearense,-6.6455,-39.538,True,100.0,864,3.2,66.7,27.8,0.748,CRITICO
2023,10,Out,23027,Várzea Alegre,CE,Centro-Sul Cearense,-6.6455,-39.538,True,100.0,2944,3.1,66.2,27.5,0.742,CRITICO
2023,11,Nov,23027,Várzea Alegre,CE,Centro-Sul Cearense,-6.6455,-39.538,True,100.0,1122,9.7,64.4,27.7,0.759,CRITICO
2023,12,Dez,23027,Várzea Alegre,CE,Centro-Sul Cearense,-6.6455,-39.538,True,100.0,657,36.4,65.8,27.8,0.695,ALTO
2024,1,Jan,23027,Várzea Alegre,CE,Centro-Sul Cearense,-6.6455,-39.538,True,100.0,418,57.3,65.4,27.5,0.597,ALTO
2024,2,Fev,23027,Várzea Alegre,CE,Centro-Sul Cearense,-6.6455,-39.538,True,100.0,84,131.7,65.0,27.7,0.245,BAIXO
2024,3,Mar,23027,Várzea Alegre,CE,Centro-Sul Cearense,-6.6455,-39.538,True,100.0,38,221.1,66.8,27.5,0.161,BAIXO
2024,4,Abr,23027,Várzea Alegre,CE,Centro-Sul Cearense,-6.6455,-39.538,True,100.0,1,221.7,65.7,27.5,0.146,BAIXO
2024,5,Mai,23027,Várzea Alegre,CE,Centro-Sul Cearense,-6.6455,-39.538,True,100.0,14,31.3,65.3,27.6,0.415,MEDIO
2024,6,Jun,23027,Várzea Alegre,CE,Centro-Sul Cearense,-6.6455,-39.538,True,100.0,3,20.0,65.4,27.6,0.43,MEDIO
2024,7,Jul,23027,Várzea Alegre,CE,Centro-Sul Cearense,-6.6455,-39.538,True,100.0,43,15.6,65.7,27.6,0.462,MEDIO
2024,8,Ago,23027,Várzea Alegre,CE,Centro-Sul Cearense,-6.6455,-39.538,True,100.0,36,4.5,65.7,27.7,0.472,MEDIO
2024,9,Set,23027,Várzea Alegre,CE,Centro-Sul Cearense,-6.6455,-39.538,True,100.0,437,3.6,66.7,27.8,0.71,CRITICO
2024,10,Out,23027,Várzea Alegre,CE,Centro-Sul Cearense,-6.6455,-39.538,True,100.0,604,5.9,66.2,27.5,0.742,CRITICO
2024,11,Nov,23027,Várzea Alegre,CE,Centro-Sul Cearense,-6.6455,-39.538,True,100.0,756,7.8,64.4,27.7,0.759,CRITICO
2024,12,Dez,23027,Várzea Alegre,CE,Centro-Sul Cearense,-6.6455,-39.538,True,100.0,733,83.1,65.8,27.8,0.595,ALTO
2022,1,Jan,23028,Lavras da Mangabeira,CE,Centro-Sul Cearense,-6.7522,-38.888,True,100.0,22,224.8,65.4,27.5,0.147,BAIXO
2022,2,Fev,23028,Lavras da Mangabeira,CE,Centro-Sul Cearense,-6.7522,-38.888,True,100.0,15,82.6,65.0,27.7,0.3,MEDIO
2022,3,Mar,23028,Lavras da Mangabeira,CE,Centro-Sul Cearense,-6.7522,-38.888,True,100.0,6,325.1,66.8,27.5,0.138,BAIXO
2022,4,Abr,23028,Lavras da Mangabeira,CE,Centro-Sul Cearense,-6.7522,-38.888,True,100.0,0,165.4,65.7,27.5,0.146,BAIXO
2022,5,Mai,23028,Lavras da Mangabeira,CE,Centro-Sul Cearense,-6.7522,-38.888,True,100.0,9,90.5,65.3,27.6,0.279,BAIXO
2022,6,Jun,23028,Lavras da Mangabeira,CE,Centro-Sul Cearense,-6.7522,-38.888,True,100.0,3,81.5,65.4,27.6,0.297,BAIXO
2022,7,Jul,23028,Lavras da Mangabeira,CE,Centro-Sul Cearense,-6.7522,-38.888,True,100.0,10,16.9,65.7,27.6,0.433,MEDIO
2022,8,Ago,23028,Lavras da Mangabeira,CE,Centro-Sul Cearense,-6.7522,-38.888,True,100.0,11,13.8,65.7,27.7,0.442,MEDIO
2022,9,Set,23028,Lavras da Mangabeira,CE,Centro-Sul Cearense,-6.7522,-38.888,True,100.0,41,3.9,66.7,27.8,0.448,MEDIO
2022,10,Out,23028,Lavras da Mangabeira,CE,Centro-Sul Cearense,-6.7522,-38.888,True,100.0,162,4.2,66.2,27.5,0.442,MEDIO
2022,11,Nov,23028,Lavras da Mangabeira,CE,Centro-Sul Cearense,-6.7522,-38.888,True,100.0,485,123.9,64.4,27.7,0.215,BAIXO
2022,12,Dez,23028,Lavras da Mangabeira,CE,Centro-Sul Cearense,-6.7522,-38.888,True,100.0,425,44.6,65.8,27.8,0.377,MEDIO
2023,1,Jan,23028,Lavras da Mangabeira,CE,Centro-Sul Cearense,-6.7522,-38.888,True,100.0,55,193.1,65.4,27.5,0.18,BAIXO
2023,2,Fev,23028,Lavras da Mangabeira,CE,Centro-Sul Cearense,-6.7522,-38.888,True,100.0,24,153.0,65.0,27.7,0.17,BAIXO
2023,3,Mar,23028,Lavras da Mangabeira,CE,Centro-Sul Cearense,-6.7522,-38.888,True,100.0,7,200.5,66.8,27.5,0.143,BAIXO
2023,4,Abr,23028,Lavras da Mangabeira,CE,Centro-Sul Cearense,-6.7522,-38.888,True,100.0,0,147.9,65.7,27.5,0.15,BAIXO
2023,5,Mai,23028,Lavras da Mangabeira,CE,Centro-Sul Cearense,-6.7522,-38.888,True,100.0,12,72.7,65.3,27.6,0.325,MEDIO
2023,6,Jun,23028,Lavras da Mangabeira,CE,Centro-Sul Cearense,-6.7522,-38.888,True,100.0,5,15.3,65.4,27.6,0.442,MEDIO
2023,7,Jul,23028,Lavras da Mangabeira,CE,Centro-Sul Cearense,-6.7522,-38.888,True,100.0,31,11.9,65.7,27.6,0.463,MEDIO
2023,8,Ago,23028,Lavras da Mangabeira,CE,Centro-Sul Cearense,-6.7522,-38.888,True,100.0,18,5.1,65.7,27.7,0.461,MEDIO
2023,9,Set,23028,Lavras da Mangabeira,CE,Centro-Sul Cearense,-6.7522,-38.888,True,100.0,114,3.7,66.7,27.8,0.517,ALTO
2023,10,Out,23028,Lavras da Mangabeira,CE,Centro-Sul Cearense,-6.7522,-38.888,True,100.0,315,3.2,66.2,27.5,0.632,ALTO
2023,11,Nov,23028,Lavras da Mangabeira,CE,Centro-Sul Cearense,-6.7522,-38.888,True,100.0,478,11.3,64.4,27.7,0.743,CRITICO
2023,12,Dez,23028,Lavras da Mangabeira,CE,Centro-Sul Cearense,-6.7522,-38.888,True,100.0,272,35.1,65.8,27.8,0.561,ALTO
2024,1,Jan,23028,Lavras da Mangabeira,CE,Centro-Sul Cearense,-6.7522,-38.888,True,100.0,99,95.5,65.4,27.5,0.324,MEDIO
2024,2,Fev,23028,Lavras da Mangabeira,CE,Centro-Sul Cearense,-6.7522,-38.888,True,100.0,16,151.6,65.0,27.7,0.165,BAIXO
2024,3,Mar,23028,Lavras da Mangabeira,CE,Centro-Sul Cearense,-6.7522,-38.888,True,100.0,2,206.0,66.8,27.5,0.14,BAIXO
2024,4,Abr,23028,Lavras da Mangabeira,CE,Centro-Sul Cearense,-6.7522,-38.888,True,100.0,0,195.7,65.7,27.5,0.146,BAIXO
2024,5,Mai,23028,Lavras da Mangabeira,CE,Centro-Sul Cearense,-6.7522,-38.888,True,100.0,1,35.3,65.3,27.6,0.398,MEDIO
2024,6,Jun,23028,Lavras da Mangabeira,CE,Centro-Sul Cearense,-6.7522,-38.888,True,100.0,5,30.2,65.4,27.6,0.41,MEDIO
2024,7,Jul,23028,Lavras da Mangabeira,CE,Centro-Sul Cearense,-6.7522,-38.888,True,100.0,13,15.0,65.7,27.6,0.445,MEDIO
2024,8,Ago,23028,Lavras da Mangabeira,CE,Centro-Sul Cearense,-6.7522,-38.888,True,100.0,23,3.5,65.7,27.7,0.464,MEDIO
2024,9,Set,23028,Lavras da Mangabeira,CE,Centro-Sul Cearense,-6.7522,-38.888,True,100.0,119,3.5,66.7,27.8,0.52,ALTO
2024,10,Out,23028,Lavras da Mangabeira,CE,Centro-Sul Cearense,-6.7522,-38.888,True,100.0,136,6.3,66.2,27.5,0.524,ALTO
2024,11,Nov,23028,Lavras da Mangabeira,CE,Centro-Sul Cearense,-6.7522,-38.888,True,100.0,418,5.4,64.4,27.7,0.71,CRITICO
2024,12,Dez,23028,Lavras da Mangabeira,CE,Centro-Sul Cearense,-6.7522,-38.888,True,100.0,519,67.6,65.8,27.8,0.628,ALTO
2022,1,Jan,23029,Chapada do Araripe,CE,Sul Cearense,-7.0645,-40.1211,True,100.0,28,119.6,65.4,27.5,0.213,BAIXO
2022,2,Fev,23029,Chapada do Araripe,CE,Sul Cearense,-7.0645,-40.1211,True,100.0,10,67.4,65.0,27.7,0.332,MEDIO
2022,3,Mar,23029,Chapada do Araripe,CE,Sul Cearense,-7.0645,-40.1211,True,100.0,8,224.5,66.8,27.5,0.138,BAIXO
2022,4,Abr,23029,Chapada do Araripe,CE,Sul Cearense,-7.0645,-40.1211,True,100.0,0,87.0,65.7,27.5,0.281,BAIXO
2022,5,Mai,23029,Chapada do Araripe,CE,Sul Cearense,-7.0645,-40.1211,True,100.0,1,63.9,65.3,27.6,0.336,MEDIO
2022,6,Jun,23029,Chapada do Araripe,CE,Sul Cearense,-7.0645,-40.1211,True,100.0,13,19.0,65.4,27.6,0.431,MEDIO
2022,7,Jul,23029,Chapada do Araripe,CE,Sul Cearense,-7.0645,-40.1211,True,100.0,47,20.4,65.7,27.6,0.426,MEDIO
2022,8,Ago,23029,Chapada do Araripe,CE,Sul Cearense,-7.0645,-40.1211,True,100.0,33,7.5,65.7,27.7,0.451,MEDIO
2022,9,Set,23029,Chapada do Araripe,CE,Sul Cearense,-7.0645,-40.1211,True,100.0,338,4.5,66.7,27.8,0.448,MEDIO
2022,10,Out,23029,Chapada do Araripe,CE,Sul Cearense,-7.0645,-40.1211,True,100.0,939,10.6,66.2,27.5,0.441,MEDIO
2022,11,Nov,23029,Chapada do Araripe,CE,Sul Cearense,-7.0645,-40.1211,True,100.0,639,82.0,64.4,27.7,0.305,MEDIO
2022,12,Dez,23029,Chapada do Araripe,CE,Sul Cearense,-7.0645,-40.1211,True,100.0,566,53.3,65.8,27.8,0.358,MEDIO
2023,1,Jan,23029,Chapada do Araripe,CE,Sul Cearense,-7.0645,-40.1211,True,100.0,63,104.0,59.9,26.1,0.283,BAIXO
2023,2,Fev,23029,Chapada do Araripe,CE,Sul Cearense,-7.0645,-40.1211,True,100.0,22,129.0,62.2,26.0,0.188,BAIXO
2023,3,Mar,23029,Chapada do Araripe,CE,Sul Cearense,-7.0645,-40.1211,True,100.0,18,169.6,64.6,26.2,0.131,BAIXO
2023,4,Abr,23029,Chapada do Araripe,CE,Sul Cearense,-7.0645,-40.1211,True,100.0,13,101.7,61.9,26.1,0.246,BAIXO
2023,5,Mai,23029,Chapada do Araripe,CE,Sul Cearense,-7.0645,-40.1211,True,100.0,5,34.4,64.6,25.8,0.361,MEDIO
2023,6,Jun,23029,Chapada do Araripe,CE,Sul Cearense,-7.0645,-40.1211,True,100.0,35,10.3,62.6,26.0,0.448,MEDIO
2023,7,Jul,23029,Chapada do Araripe,CE,Sul Cearense,-7.0645,-40.1211,True,100.0,65,6.0,63.3,26.0,0.462,MEDIO
2023,8,Ago,23029,Chapada do Araripe,CE,Sul Cearense,-7.0645,-40.1211,True,100.0,97,2.8,63.3,26.2,0.486,MEDIO
2023,9,Set,23029,Chapada do Araripe,CE,Sul Cearense,-7.0645,-40.1211,True,100.0,1089,2.8,60.9,26.3,0.746,CRITICO
2023,10,Out,23029,Chapada do Araripe,CE,Sul Cearense,-7.0645,-40.1211,True,100.0,1950,4.3,62.0,26.0,0.731,CRITICO
2023,11,Nov,23029,Chapada do Araripe,CE,Sul Cearense,-7.0645,-40.1211,True,100.0,1084,17.5,61.7,26.1,0.72,CRITICO
2023,12,Dez,23029,Chapada do Araripe,CE,Sul Cearense,-7.0645,-40.1211,True,100.0,331,29.9,61.8,25.9,0.586,ALTO
2024,1,Jan,23029,Chapada do Araripe,CE,Sul Cearense,-7.0645,-40.1211,True,100.0,275,33.3,80.5,25.2,0.445,MEDIO
2024,2,Fev,23029,Chapada do Araripe,CE,Sul Cearense,-7.0645,-40.1211,True,100.0,67,159.3,80.3,25.6,0.08,BAIXO
2024,3,Mar,23029,Chapada do Araripe,CE,Sul Cearense,-7.0645,-40.1211,True,100.0,15,135.5,81.5,25.3,0.073,BAIXO
2024,4,Abr,23029,Chapada do Araripe,CE,Sul Cearense,-7.0645,-40.1211,True,100.0,0,198.8,79.1,25.8,0.045,BAIXO
2024,5,Mai,23029,Chapada do Araripe,CE,Sul Cearense,-7.0645,-40.1211,True,100.0,28,28.2,75.5,25.8,0.323,MEDIO
2024,6,Jun,23029,Chapada do Araripe,CE,Sul Cearense,-7.0645,-40.1211,True,100.0,36,11.1,77.3,25.9,0.367,MEDIO
2024,7,Jul,23029,Chapada do Araripe,CE,Sul Cearense,-7.0645,-40.1211,True,100.0,63,8.0,77.3,25.9,0.385,MEDIO
2024,8,Ago,23029,Chapada do Araripe,CE,Sul Cearense,-7.0645,-40.1211,True,100.0,212,3.6,73.9,26.0,0.484,MEDIO
2024,9,Set,23029,Chapada do Araripe,CE,Sul Cearense,-7.0645,-40.1211,True,100.0,137,2.8,73.7,25.8,0.435,MEDIO
2024,10,Out,23029,Chapada do Araripe,CE,Sul Cearense,-7.0645,-40.1211,True,100.0,763,4.5,75.4,26.0,0.65,ALTO
2024,11,Nov,23029,Chapada do Araripe,CE,Sul Cearense,-7.0645,-40.1211,True,100.0,875,23.2,79.5,25.3,0.604,ALTO
2024,12,Dez,23029,Chapada do Araripe,CE,Sul Cearense,-7.0645,-40.1211,True,100.0,642,33.4,79.8,25.2,0.58,ALTO
2022,1,Jan,23030,Caririaçu,CE,Sul Cearense,-6.9688,-39.4001,True,100.0,14,157.0,65.4,27.5,0.147,BAIXO
2022,2,Fev,23030,Caririaçu,CE,Sul Cearense,-6.9688,-39.4001,True,100.0,9,102.4,65.0,27.7,0.257,BAIXO
2022,3,Mar,23030,Caririaçu,CE,Sul Cearense,-6.9688,-39.4001,True,100.0,0,354.9,66.8,27.5,0.138,BAIXO
2022,4,Abr,23030,Caririaçu,CE,Sul Cearense,-6.9688,-39.4001,True,100.0,0,154.5,65.7,27.5,0.146,BAIXO
2022,5,Mai,23030,Caririaçu,CE,Sul Cearense,-6.9688,-39.4001,True,100.0,0,97.5,65.3,27.6,0.264,BAIXO
2022,6,Jun,23030,Caririaçu,CE,Sul Cearense,-6.9688,-39.4001,True,100.0,1,32.1,65.4,27.6,0.403,MEDIO
2022,7,Jul,23030,Caririaçu,CE,Sul Cearense,-6.9688,-39.4001,True,100.0,10,17.2,65.7,27.6,0.433,MEDIO
2022,8,Ago,23030,Caririaçu,CE,Sul Cearense,-6.9688,-39.4001,True,100.0,20,7.1,65.7,27.7,0.451,MEDIO
2022,9,Set,23030,Caririaçu,CE,Sul Cearense,-6.9688,-39.4001,True,100.0,38,5.4,66.7,27.8,0.448,MEDIO
2022,10,Out,23030,Caririaçu,CE,Sul Cearense,-6.9688,-39.4001,True,100.0,223,13.7,66.2,27.5,0.435,MEDIO
2022,11,Nov,23030,Caririaçu,CE,Sul Cearense,-6.9688,-39.4001,True,100.0,216,67.5,64.4,27.7,0.336,MEDIO
2022,12,Dez,23030,Caririaçu,CE,Sul Cearense,-6.9688,-39.4001,True,100.0,379,60.8,65.8,27.8,0.342,MEDIO
2023,1,Jan,23030,Caririaçu,CE,Sul Cearense,-6.9688,-39.4001,True,100.0,25,166.9,65.4,27.5,0.162,BAIXO
2023,2,Fev,23030,Caririaçu,CE,Sul Cearense,-6.9688,-39.4001,True,100.0,7,197.9,65.0,27.7,0.16,BAIXO
2023,3,Mar,23030,Caririaçu,CE,Sul Cearense,-6.9688,-39.4001,True,100.0,2,239.5,66.8,27.5,0.14,BAIXO
2023,4,Abr,23030,Caririaçu,CE,Sul Cearense,-6.9688,-39.4001,True,100.0,1,136.5,65.7,27.5,0.175,BAIXO
2023,5,Mai,23030,Caririaçu,CE,Sul Cearense,-6.9688,-39.4001,True,100.0,0,47.0,65.3,27.6,0.373,MEDIO
2023,6,Jun,23030,Caririaçu,CE,Sul Cearense,-6.9688,-39.4001,True,100.0,2,14.4,65.4,27.6,0.442,MEDIO
2023,7,Jul,23030,Caririaçu,CE,Sul Cearense,-6.9688,-39.4001,True,100.0,7,9.8,65.7,27.6,0.452,MEDIO
2023,8,Ago,23030,Caririaçu,CE,Sul Cearense,-6.9688,-39.4001,True,100.0,22,8.1,65.7,27.7,0.464,MEDIO
2023,9,Set,23030,Caririaçu,CE,Sul Cearense,-6.9688,-39.4001,True,100.0,403,4.3,66.7,27.8,0.69,ALTO
2023,10,Out,23030,Caririaçu,CE,Sul Cearense,-6.9688,-39.4001,True,100.0,910,4.4,66.2,27.5,0.742,CRITICO
2023,11,Nov,23030,Caririaçu,CE,Sul Cearense,-6.9688,-39.4001,True,100.0,576,18.2,64.4,27.7,0.741,CRITICO
2023,12,Dez,23030,Caririaçu,CE,Sul Cearense,-6.9688,-39.4001,True,100.0,127,38.3,65.8,27.8,0.467,MEDIO
2024,1,Jan,23030,Caririaçu,CE,Sul Cearense,-6.9688,-39.4001,True,100.0,49,59.8,65.4,27.5,0.37,MEDIO
2024,2,Fev,23030,Caririaçu,CE,Sul Cearense,-6.9688,-39.4001,True,100.0,18,184.3,65.0,27.7,0.166,BAIXO
2024,3,Mar,23030,Caririaçu,CE,Sul Cearense,-6.9688,-39.4001,True,100.0,4,252.7,66.8,27.5,0.141,BAIXO
2024,4,Abr,23030,Caririaçu,CE,Sul Cearense,-6.9688,-39.4001,True,100.0,0,241.7,65.7,27.5,0.146,BAIXO
2024,5,Mai,23030,Caririaçu,CE,Sul Cearense,-6.9688,-39.4001,True,100.0,6,29.7,65.3,27.6,0.413,MEDIO
2024,6,Jun,23030,Caririaçu,CE,Sul Cearense,-6.9688,-39.4001,True,100.0,3,14.7,65.4,27.6,0.442,MEDIO
2024,7,Jul,23030,Caririaçu,CE,Sul Cearense,-6.9688,-39.4001,True,100.0,5,15.0,65.7,27.6,0.44,MEDIO
2024,8,Ago,23030,Caririaçu,CE,Sul Cearense,-6.9688,-39.4001,True,100.0,64,5.0,65.7,27.7,0.489,MEDIO
2024,9,Set,23030,Caririaçu,CE,Sul Cearense,-6.9688,-39.4001,True,100.0,68,5.2,66.7,27.8,0.489,MEDIO
2024,10,Out,23030,Caririaçu,CE,Sul Cearense,-6.9688,-39.4001,True,100.0,241,6.6,66.2,27.5,0.587,ALTO
2024,11,Nov,23030,Caririaçu,CE,Sul Cearense,-6.9688,-39.4001,True,100.0,356,13.5,64.4,27.7,0.665,ALTO
2024,12,Dez,23030,Caririaçu,CE,Sul Cearense,-6.9688,-39.4001,True,100.0,250,76.1,65.8,27.8,0.46,MEDIO
2022,1,Jan,23031,Barro,CE,Sul Cearense,-7.1877,-38.8206,True,100.0,51,162.0,65.4,27.5,0.147,BAIXO
2022,2,Fev,23031,Barro,CE,Sul Cearense,-7.1877,-38.8206,True,100.0,8,79.3,65.0,27.7,0.307,MEDIO
2022,3,Mar,23031,Barro,CE,Sul Cearense,-7.1877,-38.8206,True,100.0,4,290.1,66.8,27.5,0.138,BAIXO
2022,4,Abr,23031,Barro,CE,Sul Cearense,-7.1877,-38.8206,True,100.0,1,151.3,65.7,27.5,0.146,BAIXO
2022,5,Mai,23031,Barro,CE,Sul Cearense,-7.1877,-38.8206,True,100.0,1,76.1,65.3,27.6,0.31,MEDIO
2022,6,Jun,23031,Barro,CE,Sul Cearense,-7.1877,-38.8206,True,100.0,5,66.7,65.4,27.6,0.328,MEDIO
2022,7,Jul,23031,Barro,CE,Sul Cearense,-7.1877,-38.8206,True,100.0,5,15.6,65.7,27.6,0.436,MEDIO
2022,8,Ago,23031,Barro,CE,Sul Cearense,-7.1877,-38.8206,True,100.0,9,9.2,65.7,27.7,0.451,MEDIO
2022,9,Set,23031,Barro,CE,Sul Cearense,-7.1877,-38.8206,True,100.0,88,5.9,66.7,27.8,0.448,MEDIO
2022,10,Out,23031,Barro,CE,Sul Cearense,-7.1877,-38.8206,True,100.0,216,15.0,66.2,27.5,0.432,MEDIO
2022,11,Nov,23031,Barro,CE,Sul Cearense,-7.1877,-38.8206,True,100.0,645,110.3,64.4,27.7,0.244,BAIXO
2022,12,Dez,23031,Barro,CE,Sul Cearense,-7.1877,-38.8206,True,100.0,663,46.4,65.8,27.8,0.373,MEDIO
2023,1,Jan,23031,Barro,CE,Sul Cearense,-7.1877,-38.8206,True,100.0,86,160.6,65.4,27.5,0.199,BAIXO
2023,2,Fev,23031,Barro,CE,Sul Cearense,-7.1877,-38.8206,True,100.0,29,131.0,65.0,27.7,0.213,BAIXO
2023,3,Mar,23031,Barro,CE,Sul Cearense,-7.1877,-38.8206,True,100.0,14,216.0,66.8,27.5,0.147,BAIXO
2023,4,Abr,23031,Barro,CE,Sul Cearense,-7.1877,-38.8206,True,100.0,1,106.0,65.7,27.5,0.241,BAIXO
2023,5,Mai,23031,Barro,CE,Sul Cearense,-7.1877,-38.8206,True,100.0,3,49.8,65.3,27.6,0.368,MEDIO
2023,6,Jun,23031,Barro,CE,Sul Cearense,-7.1877,-38.8206,True,100.0,6,18.5,65.4,27.6,0.435,MEDIO
2023,7,Jul,23031,Barro,CE,Sul Cearense,-7.1877,-38.8206,True,100.0,5,10.3,65.7,27.6,0.45,MEDIO
2023,8,Ago,23031,Barro,CE,Sul Cearense,-7.1877,-38.8206,True,100.0,31,6.1,65.7,27.7,0.469,MEDIO
2023,9,Set,23031,Barro,CE,Sul Cearense,-7.1877,-38.8206,True,100.0,311,5.8,66.7,27.8,0.635,ALTO
2023,10,Out,23031,Barro,CE,Sul Cearense,-7.1877,-38.8206,True,100.0,777,3.6,66.2,27.5,0.742,CRITICO
2023,11,Nov,23031,Barro,CE,Sul Cearense,-7.1877,-38.8206,True,100.0,675,19.4,64.4,27.7,0.739,CRITICO
2023,12,Dez,23031,Barro,CE,Sul Cearense,-7.1877,-38.8206,True,100.0,263,33.9,65.8,27.8,0.558,ALTO
2024,1,Jan,23031,Barro,CE,Sul Cearense,-7.1877,-38.8206,True,100.0,142,126.5,65.4,27.5,0.283,BAIXO
2024,2,Fev,23031,Barro,CE,Sul Cearense,-7.1877,-38.8206,True,100.0,36,224.4,65.0,27.7,0.177,BAIXO
2024,3,Mar,23031,Barro,CE,Sul Cearense,-7.1877,-38.8206,True,100.0,10,200.4,66.8,27.5,0.144,BAIXO
2024,4,Abr,23031,Barro,CE,Sul Cearense,-7.1877,-38.8206,True,100.0,0,220.4,65.7,27.5,0.146,BAIXO
2024,5,Mai,23031,Barro,CE,Sul Cearense,-7.1877,-38.8206,True,100.0,0,32.1,65.3,27.6,0.405,MEDIO
2024,6,Jun,23031,Barro,CE,Sul Cearense,-7.1877,-38.8206,True,100.0,2,27.8,65.4,27.6,0.413,MEDIO
2024,7,Jul,23031,Barro,CE,Sul Cearense,-7.1877,-38.8206,True,100.0,8,15.1,65.7,27.6,0.442,MEDIO
2024,8,Ago,23031,Barro,CE,Sul Cearense,-7.1877,-38.8206,True,100.0,49,3.6,65.7,27.7,0.48,MEDIO
2024,9,Set,23031,Barro,CE,Sul Cearense,-7.1877,-38.8206,True,100.0,134,4.3,66.7,27.8,0.529,ALTO
2024,10,Out,23031,Barro,CE,Sul Cearense,-7.1877,-38.8206,True,100.0,566,7.7,66.2,27.5,0.742,CRITICO
2024,11,Nov,23031,Barro,CE,Sul Cearense,-7.1877,-38.8206,True,100.0,520,10.7,64.4,27.7,0.758,CRITICO
2024,12,Dez,23031,Barro,CE,Sul Cearense,-7.1877,-38.8206,True,100.0,518,56.7,65.8,27.8,0.651,ALTO
2022,1,Jan,23032,Cariri,CE,Sul Cearense,-7.3111,-39.4251,True,100.0,37,151.6,65.4,27.5,0.147,BAIXO
2022,2,Fev,23032,Cariri,CE,Sul Cearense,-7.3111,-39.4251,True,100.0,27,80.3,65.0,27.7,0.305,MEDIO
2022,3,Mar,23032,Cariri,CE,Sul Cearense,-7.3111,-39.4251,True,100.0,6,275.5,66.8,27.5,0.138,BAIXO
2022,4,Abr,23032,Cariri,CE,Sul Cearense,-7.3111,-39.4251,True,100.0,8,137.7,65.7,27.5,0.172,BAIXO
2022,5,Mai,23032,Cariri,CE,Sul Cearense,-7.3111,-39.4251,True,100.0,10,92.5,65.3,27.6,0.275,BAIXO
2022,6,Jun,23032,Cariri,CE,Sul Cearense,-7.3111,-39.4251,True,100.0,20,42.5,65.4,27.6,0.38,MEDIO
2022,7,Jul,23032,Cariri,CE,Sul Cearense,-7.3111,-39.4251,True,100.0,36,20.9,65.7,27.6,0.425,MEDIO
2022,8,Ago,23032,Cariri,CE,Sul Cearense,-7.3111,-39.4251,True,100.0,130,6.8,65.7,27.7,0.451,MEDIO
2022,9,Set,23032,Cariri,CE,Sul Cearense,-7.3111,-39.4251,True,100.0,304,11.5,66.7,27.8,0.445,MEDIO
2022,10,Out,23032,Cariri,CE,Sul Cearense,-7.3111,-39.4251,True,100.0,686,47.9,66.2,27.5,0.361,MEDIO
2022,11,Nov,23032,Cariri,CE,Sul Cearense,-7.3111,-39.4251,True,100.0,874,75.9,64.4,27.7,0.318,MEDIO
2022,12,Dez,23032,Cariri,CE,Sul Cearense,-7.3111,-39.4251,True,100.0,570,81.3,65.8,27.8,0.298,BAIXO
2023,1,Jan,23032,Cariri,CE,Sul Cearense,-7.3111,-39.4251,True,100.0,76,168.1,63.8,25.2,0.146,BAIXO
2023,2,Fev,23032,Cariri,CE,Sul Cearense,-7.3111,-39.4251,True,100.0,30,180.4,65.7,25.0,0.101,BAIXO
2023,3,Mar,23032,Cariri,CE,Sul Cearense,-7.3111,-39.4251,True,100.0,16,229.0,68.9,25.4,0.083,BAIXO
2023,4,Abr,23032,Cariri,CE,Sul Cearense,-7.3111,-39.4251,True,100.0,4,118.7,65.8,25.4,0.162,BAIXO
2023,5,Mai,23032,Cariri,CE,Sul Cearense,-7.3111,-39.4251,True,100.0,16,54.2,69.9,24.4,0.257,BAIXO
2023,6,Jun,23032,Cariri,CE,Sul Cearense,-7.3111,-39.4251,True,100.0,29,24.6,67.6,24.9,0.355,MEDIO
2023,7,Jul,23032,Cariri,CE,Sul Cearense,-7.3111,-39.4251,True,100.0,93,11.5,67.6,25.4,0.434,MEDIO
2023,8,Ago,23032,Cariri,CE,Sul Cearense,-7.3111,-39.4251,True,100.0,146,7.1,66.7,25.6,0.479,MEDIO
2023,9,Set,23032,Cariri,CE,Sul Cearense,-7.3111,-39.4251,True,100.0,539,4.8,66.9,25.2,0.681,ALTO
2023,10,Out,23032,Cariri,CE,Sul Cearense,-7.3111,-39.4251,True,100.0,1345,5.9,65.1,25.4,0.697,ALTO
2023,11,Nov,23032,Cariri,CE,Sul Cearense,-7.3111,-39.4251,True,100.0,835,21.1,64.1,25.6,0.684,ALTO
2023,12,Dez,23032,Cariri,CE,Sul Cearense,-7.3111,-39.4251,True,100.0,360,40.2,65.9,25.1,0.536,ALTO
2024,1,Jan,23032,Cariri,CE,Sul Cearense,-7.3111,-39.4251,True,100.0,258,47.7,75.4,23.6,0.374,MEDIO
2024,2,Fev,23032,Cariri,CE,Sul Cearense,-7.3111,-39.4251,True,100.0,35,184.0,76.7,25.2,0.051,BAIXO
2024,3,Mar,23032,Cariri,CE,Sul Cearense,-7.3111,-39.4251,True,100.0,14,228.5,77.5,24.5,0.021,BAIXO
2024,4,Abr,23032,Cariri,CE,Sul Cearense,-7.3111,-39.4251,True,100.0,5,213.1,77.5,23.1,0.003,BAIXO
2024,5,Mai,23032,Cariri,CE,Sul Cearense,-7.3111,-39.4251,True,100.0,28,32.1,73.3,22.4,0.28,BAIXO
2024,6,Jun,23032,Cariri,CE,Sul Cearense,-7.3111,-39.4251,True,100.0,164,18.2,82.3,23.4,0.381,MEDIO
2024,7,Jul,23032,Cariri,CE,Sul Cearense,-7.3111,-39.4251,True,100.0,125,13.2,78.1,25.4,0.403,MEDIO
2024,8,Ago,23032,Cariri,CE,Sul Cearense,-7.3111,-39.4251,True,100.0,388,4.7,80.4,24.0,0.533,ALTO
2024,9,Set,23032,Cariri,CE,Sul Cearense,-7.3111,-39.4251,True,100.0,364,6.1,80.8,22.3,0.518,ALTO
2024,10,Out,23032,Cariri,CE,Sul Cearense,-7.3111,-39.4251,True,100.0,830,7.8,78.0,24.9,0.622,ALTO
2024,11,Nov,23032,Cariri,CE,Sul Cearense,-7.3111,-39.4251,True,100.0,1017,25.9,85.4,23.2,0.566,ALTO
2024,12,Dez,23032,Cariri,CE,Sul Cearense,-7.3111,-39.4251,True,100.0,663,53.0,84.6,23.9,0.508,ALTO
2022,1,Jan,23033,Brejo Santo,CE,Sul Cearense,-7.4932,-38.9593,True,100.0,19,127.7,65.4,27.5,0.195,BAIXO
2022,2,Fev,23033,Brejo Santo,CE,Sul Cearense,-7.4932,-38.9593,True,100.0,19,62.5,65.0,27.7,0.343,MEDIO
2022,3,Mar,23033,Brejo Santo,CE,Sul Cearense,-7.4932,-38.9593,True,100.0,3,289.4,66.8,27.5,0.138,BAIXO
2022,4,Abr,23033,Brejo Santo,CE,Sul Cearense,-7.4932,-38.9593,True,100.0,3,118.6,65.7,27.5,0.213,BAIXO
2022,5,Mai,23033,Brejo Santo,CE,Sul Cearense,-7.4932,-38.9593,True,100.0,10,63.2,65.3,27.6,0.338,MEDIO
2022,6,Jun,23033,Brejo Santo,CE,Sul Cearense,-7.4932,-38.9593,True,100.0,15,41.5,65.4,27.6,0.382,MEDIO
2022,7,Jul,23033,Brejo Santo,CE,Sul Cearense,-7.4932,-38.9593,True,100.0,10,15.7,65.7,27.6,0.436,MEDIO
2022,8,Ago,23033,Brejo Santo,CE,Sul Cearense,-7.4932,-38.9593,True,100.0,14,4.7,65.7,27.7,0.451,MEDIO
2022,9,Set,23033,Brejo Santo,CE,Sul Cearense,-7.4932,-38.9593,True,100.0,121,11.5,66.7,27.8,0.445,MEDIO
2022,10,Out,23033,Brejo Santo,CE,Sul Cearense,-7.4932,-38.9593,True,100.0,246,41.3,66.2,27.5,0.375,MEDIO
2022,11,Nov,23033,Brejo Santo,CE,Sul Cearense,-7.4932,-38.9593,True,100.0,483,71.4,64.4,27.7,0.327,MEDIO
2022,12,Dez,23033,Brejo Santo,CE,Sul Cearense,-7.4932,-38.9593,True,100.0,298,62.5,65.8,27.8,0.339,MEDIO
2023,1,Jan,23033,Brejo Santo,CE,Sul Cearense,-7.4932,-38.9593,True,100.0,41,134.7,65.4,27.5,0.205,BAIXO
2023,2,Fev,23033,Brejo Santo,CE,Sul Cearense,-7.4932,-38.9593,True,100.0,18,125.7,65.0,27.7,0.218,BAIXO
2023,3,Mar,23033,Brejo Santo,CE,Sul Cearense,-7.4932,-38.9593,True,100.0,8,250.0,66.8,27.5,0.143,BAIXO
2023,4,Abr,23033,Brejo Santo,CE,Sul Cearense,-7.4932,-38.9593,True,100.0,5,78.7,65.7,27.5,0.301,MEDIO
2023,5,Mai,23033,Brejo Santo,CE,Sul Cearense,-7.4932,-38.9593,True,100.0,5,44.3,65.3,27.6,0.381,MEDIO
2023,6,Jun,23033,Brejo Santo,CE,Sul Cearense,-7.4932,-38.9593,True,100.0,9,25.4,65.4,27.6,0.422,MEDIO
2023,7,Jul,23033,Brejo Santo,CE,Sul Cearense,-7.4932,-38.9593,True,100.0,11,11.3,65.7,27.6,0.452,MEDIO
2023,8,Ago,23033,Brejo Santo,CE,Sul Cearense,-7.4932,-38.9593,True,100.0,81,4.5,65.7,27.7,0.499,MEDIO
2023,9,Set,23033,Brejo Santo,CE,Sul Cearense,-7.4932,-38.9593,True,100.0,244,5.3,66.7,27.8,0.595,ALTO
2023,10,Out,23033,Brejo Santo,CE,Sul Cearense,-7.4932,-38.9593,True,100.0,402,4.4,66.2,27.5,0.684,ALTO
2023,11,Nov,23033,Brejo Santo,CE,Sul Cearense,-7.4932,-38.9593,True,100.0,592,19.1,64.4,27.7,0.74,CRITICO
2023,12,Dez,23033,Brejo Santo,CE,Sul Cearense,-7.4932,-38.9593,True,100.0,301,43.4,65.8,27.8,0.56,ALTO
2024,1,Jan,23033,Brejo Santo,CE,Sul Cearense,-7.4932,-38.9593,True,100.0,156,91.9,65.4,27.5,0.366,MEDIO
2024,2,Fev,23033,Brejo Santo,CE,Sul Cearense,-7.4932,-38.9593,True,100.0,10,222.3,65.0,27.7,0.161,BAIXO
2024,3,Mar,23033,Brejo Santo,CE,Sul Cearense,-7.4932,-38.9593,True,100.0,42,215.8,66.8,27.5,0.164,BAIXO
2024,4,Abr,23033,Brejo Santo,CE,Sul Cearense,-7.4932,-38.9593,True,100.0,6,175.1,65.7,27.5,0.149,BAIXO
2024,5,Mai,23033,Brejo Santo,CE,Sul Cearense,-7.4932,-38.9593,True,100.0,8,24.7,65.3,27.6,0.425,MEDIO
2024,6,Jun,23033,Brejo Santo,CE,Sul Cearense,-7.4932,-38.9593,True,100.0,7,23.2,65.4,27.6,0.426,MEDIO
2024,7,Jul,23033,Brejo Santo,CE,Sul Cearense,-7.4932,-38.9593,True,100.0,19,20.6,65.7,27.6,0.437,MEDIO
2024,8,Ago,23033,Brejo Santo,CE,Sul Cearense,-7.4932,-38.9593,True,100.0,21,3.4,65.7,27.7,0.463,MEDIO
2024,9,Set,23033,Brejo Santo,CE,Sul Cearense,-7.4932,-38.9593,True,100.0,93,5.9,66.7,27.8,0.504,ALTO
2024,10,Out,23033,Brejo Santo,CE,Sul Cearense,-7.4932,-38.9593,True,100.0,179,8.2,66.2,27.5,0.55,ALTO
2024,11,Nov,23033,Brejo Santo,CE,Sul Cearense,-7.4932,-38.9593,True,100.0,302,24.8,64.4,27.7,0.609,ALTO
2024,12,Dez,23033,Brejo Santo,CE,Sul Cearense,-7.4932,-38.9593,True,100.0,235,43.1,65.8,27.8,0.521,ALTO
2022,1,Jan,24001,Mossoró,RN,Oeste Potiguar,-5.1252,-37.3104,True,100.0,78,117.9,66.6,26.4,0.181,BAIXO
2022,2,Fev,24001,Mossoró,RN,Oeste Potiguar,-5.1252,-37.3104,True,100.0,157,32.1,67.5,25.9,0.347,MEDIO
2022,3,Mar,24001,Mossoró,RN,Oeste Potiguar,-5.1252,-37.3104,True,100.0,108,216.6,66.8,26.2,0.106,BAIXO
2022,4,Abr,24001,Mossoró,RN,Oeste Potiguar,-5.1252,-37.3104,True,100.0,8,153.2,67.8,26.3,0.103,BAIXO
2022,5,Mai,24001,Mossoró,RN,Oeste Potiguar,-5.1252,-37.3104,True,100.0,38,200.0,69.2,26.2,0.091,BAIXO
2022,6,Jun,24001,Mossoró,RN,Oeste Potiguar,-5.1252,-37.3104,True,100.0,20,62.0,69.9,26.3,0.278,BAIXO
2022,7,Jul,24001,Mossoró,RN,Oeste Potiguar,-5.1252,-37.3104,True,100.0,41,50.3,66.1,26.4,0.329,MEDIO
2022,8,Ago,24001,Mossoró,RN,Oeste Potiguar,-5.1252,-37.3104,True,100.0,89,6.8,65.7,26.2,0.413,MEDIO
2022,9,Set,24001,Mossoró,RN,Oeste Potiguar,-5.1252,-37.3104,True,100.0,277,2.3,68.5,26.1,0.393,MEDIO
2022,10,Out,24001,Mossoró,RN,Oeste Potiguar,-5.1252,-37.3104,True,100.0,791,3.9,68.7,26.4,0.399,MEDIO
2022,11,Nov,24001,Mossoró,RN,Oeste Potiguar,-5.1252,-37.3104,True,100.0,434,3.9,66.4,26.3,0.411,MEDIO
2022,12,Dez,24001,Mossoró,RN,Oeste Potiguar,-5.1252,-37.3104,True,100.0,411,18.4,66.3,26.3,0.394,MEDIO
2023,1,Jan,24001,Mossoró,RN,Oeste Potiguar,-5.1252,-37.3104,True,100.0,124,46.6,68.2,27.8,0.433,MEDIO
2023,2,Fev,24001,Mossoró,RN,Oeste Potiguar,-5.1252,-37.3104,True,100.0,49,81.9,70.5,27.8,0.298,BAIXO
2023,3,Mar,24001,Mossoró,RN,Oeste Potiguar,-5.1252,-37.3104,True,100.0,24,184.3,69.1,28.0,0.151,BAIXO
2023,4,Abr,24001,Mossoró,RN,Oeste Potiguar,-5.1252,-37.3104,True,100.0,8,183.2,68.9,28.0,0.143,BAIXO
2023,5,Mai,24001,Mossoró,RN,Oeste Potiguar,-5.1252,-37.3104,True,100.0,22,47.3,67.9,28.2,0.383,MEDIO
2023,6,Jun,24001,Mossoró,RN,Oeste Potiguar,-5.1252,-37.3104,True,100.0,30,32.0,66.9,28.1,0.424,MEDIO
2023,7,Jul,24001,Mossoró,RN,Oeste Potiguar,-5.1252,-37.3104,True,100.0,72,13.8,66.6,28.1,0.49,MEDIO
2023,8,Ago,24001,Mossoró,RN,Oeste Potiguar,-5.1252,-37.3104,True,100.0,163,2.7,67.2,28.0,0.547,ALTO
2023,9,Set,24001,Mossoró,RN,Oeste Potiguar,-5.1252,-37.3104,True,100.0,332,2.1,64.4,28.1,0.668,ALTO
2023,10,Out,24001,Mossoró,RN,Oeste Potiguar,-5.1252,-37.3104,True,100.0,389,2.0,66.4,27.7,0.68,ALTO
2023,11,Nov,24001,Mossoró,RN,Oeste Potiguar,-5.1252,-37.3104,True,100.0,368,3.6,66.5,27.7,0.666,ALTO
2023,12,Dez,24001,Mossoró,RN,Oeste Potiguar,-5.1252,-37.3104,True,100.0,338,37.0,67.0,27.8,0.59,ALTO
2024,1,Jan,24001,Mossoró,RN,Oeste Potiguar,-5.1252,-37.3104,True,100.0,169,23.9,74.1,27.2,0.457,MEDIO
2024,2,Fev,24001,Mossoró,RN,Oeste Potiguar,-5.1252,-37.3104,True,100.0,71,118.6,74.5,27.3,0.196,BAIXO
2024,3,Mar,24001,Mossoró,RN,Oeste Potiguar,-5.1252,-37.3104,True,100.0,104,260.5,74.8,27.5,0.151,BAIXO
2024,4,Abr,24001,Mossoró,RN,Oeste Potiguar,-5.1252,-37.3104,True,100.0,4,209.1,75.1,27.3,0.085,BAIXO
2024,5,Mai,24001,Mossoró,RN,Oeste Potiguar,-5.1252,-37.3104,True,100.0,60,37.0,73.8,27.3,0.368,MEDIO
2024,6,Jun,24001,Mossoró,RN,Oeste Potiguar,-5.1252,-37.3104,True,100.0,25,58.4,72.8,27.5,0.313,MEDIO
2024,7,Jul,24001,Mossoró,RN,Oeste Potiguar,-5.1252,-37.3104,True,100.0,94,5.2,74.5,27.5,0.447,MEDIO
2024,8,Ago,24001,Mossoró,RN,Oeste Potiguar,-5.1252,-37.3104,True,100.0,206,2.0,74.6,27.4,0.511,ALTO
2024,9,Set,24001,Mossoró,RN,Oeste Potiguar,-5.1252,-37.3104,True,100.0,383,2.1,74.7,27.7,0.624,ALTO
2024,10,Out,24001,Mossoró,RN,Oeste Potiguar,-5.1252,-37.3104,True,100.0,414,2.2,73.2,27.6,0.65,ALTO
2024,11,Nov,24001,Mossoró,RN,Oeste Potiguar,-5.1252,-37.3104,True,100.0,279,1.9,73.0,27.6,0.57,ALTO
2024,12,Dez,24001,Mossoró,RN,Oeste Potiguar,-5.1252,-37.3104,True,100.0,377,16.4,73.7,27.8,0.616,ALTO
2022,1,Jan,24002,Chapada do Apodi,RN,Oeste Potiguar,-5.595,-37.6737,True,100.0,121,161.8,53.3,28.2,0.241,BAIXO
2022,2,Fev,24002,Chapada do Apodi,RN,Oeste Potiguar,-5.595,-37.6737,True,100.0,29,27.0,53.7,28.3,0.504,ALTO
2022,3,Mar,24002,Chapada do Apodi,RN,Oeste Potiguar,-5.595,-37.6737,True,100.0,36,209.6,54.9,28.2,0.231,BAIXO
2022,4,Abr,24002,Chapada do Apodi,RN,Oeste Potiguar,-5.595,-37.6737,True,100.0,1,170.9,57.6,27.8,0.204,BAIXO
2022,5,Mai,24002,Chapada do Apodi,RN,Oeste Potiguar,-5.595,-37.6737,True,100.0,1,165.4,56.6,28.3,0.222,BAIXO
2022,6,Jun,24002,Chapada do Apodi,RN,Oeste Potiguar,-5.595,-37.6737,True,100.0,8,76.3,55.2,28.7,0.399,MEDIO
2022,7,Jul,24002,Chapada do Apodi,RN,Oeste Potiguar,-5.595,-37.6737,True,100.0,231,35.0,59.8,27.8,0.436,MEDIO
2022,8,Ago,24002,Chapada do Apodi,RN,Oeste Potiguar,-5.595,-37.6737,True,100.0,26,15.8,53.7,28.6,0.536,ALTO
2022,9,Set,24002,Chapada do Apodi,RN,Oeste Potiguar,-5.595,-37.6737,True,100.0,93,2.4,57.3,28.2,0.516,ALTO
2022,10,Out,24002,Chapada do Apodi,RN,Oeste Potiguar,-5.595,-37.6737,True,100.0,111,4.0,60.9,27.8,0.483,MEDIO
2022,11,Nov,24002,Chapada do Apodi,RN,Oeste Potiguar,-5.595,-37.6737,True,100.0,103,15.5,59.6,28.3,0.492,MEDIO
2022,12,Dez,24002,Chapada do Apodi,RN,Oeste Potiguar,-5.595,-37.6737,True,100.0,217,25.9,57.0,28.2,0.483,MEDIO
2023,1,Jan,24002,Chapada do Apodi,RN,Oeste Potiguar,-5.595,-37.6737,True,100.0,124,43.9,64.0,28.0,0.471,MEDIO
2023,2,Fev,24002,Chapada do Apodi,RN,Oeste Potiguar,-5.595,-37.6737,True,100.0,69,100.8,65.9,28.0,0.304,MEDIO
2023,3,Mar,24002,Chapada do Apodi,RN,Oeste Potiguar,-5.595,-37.6737,True,100.0,8,214.9,66.2,27.8,0.155,BAIXO
2023,4,Abr,24002,Chapada do Apodi,RN,Oeste Potiguar,-5.595,-37.6737,True,100.0,58,152.3,62.8,28.2,0.216,BAIXO
2023,5,Mai,24002,Chapada do Apodi,RN,Oeste Potiguar,-5.595,-37.6737,True,100.0,109,39.7,63.5,27.9,0.471,MEDIO
2023,6,Jun,24002,Chapada do Apodi,RN,Oeste Potiguar,-5.595,-37.6737,True,100.0,81,40.8,64.9,27.9,0.443,MEDIO
2023,7,Jul,24002,Chapada do Apodi,RN,Oeste Potiguar,-5.595,-37.6737,True,100.0,32,17.0,63.4,27.9,0.474,MEDIO
2023,8,Ago,24002,Chapada do Apodi,RN,Oeste Potiguar,-5.595,-37.6737,True,100.0,42,2.0,63.1,28.1,0.502,ALTO
2023,9,Set,24002,Chapada do Apodi,RN,Oeste Potiguar,-5.595,-37.6737,True,100.0,126,2.3,62.4,28.2,0.559,ALTO
2023,10,Out,24002,Chapada do Apodi,RN,Oeste Potiguar,-5.595,-37.6737,True,100.0,229,2.7,62.7,28.1,0.617,ALTO
2023,11,Nov,24002,Chapada do Apodi,RN,Oeste Potiguar,-5.595,-37.6737,True,100.0,439,3.7,62.4,28.0,0.742,CRITICO
2023,12,Dez,24002,Chapada do Apodi,RN,Oeste Potiguar,-5.595,-37.6737,True,100.0,319,66.4,62.1,28.0,0.551,ALTO
2024,1,Jan,24002,Chapada do Apodi,RN,Oeste Potiguar,-5.595,-37.6737,True,100.0,177,34.5,78.7,26.9,0.426,MEDIO
2024,2,Fev,24002,Chapada do Apodi,RN,Oeste Potiguar,-5.595,-37.6737,True,100.0,53,154.3,76.6,27.6,0.122,BAIXO
2024,3,Mar,24002,Chapada do Apodi,RN,Oeste Potiguar,-5.595,-37.6737,True,100.0,7,241.4,81.9,27.4,0.089,BAIXO
2024,4,Abr,24002,Chapada do Apodi,RN,Oeste Potiguar,-5.595,-37.6737,True,100.0,12,189.3,75.6,27.9,0.105,BAIXO
2024,5,Mai,24002,Chapada do Apodi,RN,Oeste Potiguar,-5.595,-37.6737,True,100.0,44,49.6,73.7,27.8,0.345,MEDIO
2024,6,Jun,24002,Chapada do Apodi,RN,Oeste Potiguar,-5.595,-37.6737,True,100.0,60,48.6,71.1,28.1,0.38,MEDIO
2024,7,Jul,24002,Chapada do Apodi,RN,Oeste Potiguar,-5.595,-37.6737,True,100.0,96,6.7,74.2,28.0,0.463,MEDIO
2024,8,Ago,24002,Chapada do Apodi,RN,Oeste Potiguar,-5.595,-37.6737,True,100.0,231,1.9,74.1,27.9,0.542,ALTO
2024,9,Set,24002,Chapada do Apodi,RN,Oeste Potiguar,-5.595,-37.6737,True,100.0,415,2.0,76.3,28.2,0.654,ALTO
2024,10,Out,24002,Chapada do Apodi,RN,Oeste Potiguar,-5.595,-37.6737,True,100.0,450,2.5,77.0,27.9,0.668,ALTO
2024,11,Nov,24002,Chapada do Apodi,RN,Oeste Potiguar,-5.595,-37.6737,True,100.0,216,2.2,77.6,28.0,0.53,ALTO
2024,12,Dez,24002,Chapada do Apodi,RN,Oeste Potiguar,-5.595,-37.6737,True,100.0,343,24.9,72.8,28.1,0.59,ALTO
2022,1,Jan,24003,Médio Oeste,RN,Oeste Potiguar,-5.8109,-37.293,True,100.0,42,173.9,64.0,27.6,0.159,BAIXO
2022,2,Fev,24003,Médio Oeste,RN,Oeste Potiguar,-5.8109,-37.293,True,100.0,10,54.4,64.7,27.6,0.359,MEDIO
2022,3,Mar,24003,Médio Oeste,RN,Oeste Potiguar,-5.8109,-37.293,True,100.0,22,232.6,64.9,27.8,0.158,BAIXO
2022,4,Abr,24003,Médio Oeste,RN,Oeste Potiguar,-5.8109,-37.293,True,100.0,0,199.0,62.8,27.8,0.171,BAIXO
2022,5,Mai,24003,Médio Oeste,RN,Oeste Potiguar,-5.8109,-37.293,True,100.0,0,175.3,63.2,27.7,0.166,BAIXO
2022,6,Jun,24003,Médio Oeste,RN,Oeste Potiguar,-5.8109,-37.293,True,100.0,3,64.1,63.6,27.8,0.352,MEDIO
2022,7,Jul,24003,Médio Oeste,RN,Oeste Potiguar,-5.8109,-37.293,True,100.0,1,31.1,62.9,27.9,0.428,MEDIO
2022,8,Ago,24003,Médio Oeste,RN,Oeste Potiguar,-5.8109,-37.293,True,100.0,1,15.7,64.4,27.9,0.452,MEDIO
2022,9,Set,24003,Médio Oeste,RN,Oeste Potiguar,-5.8109,-37.293,True,100.0,31,2.4,64.4,28.1,0.469,MEDIO
2022,10,Out,24003,Médio Oeste,RN,Oeste Potiguar,-5.8109,-37.293,True,100.0,91,3.5,64.1,27.7,0.461,MEDIO
2022,11,Nov,24003,Médio Oeste,RN,Oeste Potiguar,-5.8109,-37.293,True,100.0,23,26.1,62.0,27.7,0.439,MEDIO
2022,12,Dez,24003,Médio Oeste,RN,Oeste Potiguar,-5.8109,-37.293,True,100.0,33,34.7,62.9,28.0,0.423,MEDIO
2023,1,Jan,24003,Médio Oeste,RN,Oeste Potiguar,-5.8109,-37.293,True,100.0,37,34.5,64.0,27.6,0.428,MEDIO
2023,2,Fev,24003,Médio Oeste,RN,Oeste Potiguar,-5.8109,-37.293,True,100.0,34,127.6,64.7,27.6,0.223,BAIXO
2023,3,Mar,24003,Médio Oeste,RN,Oeste Potiguar,-5.8109,-37.293,True,100.0,11,205.8,64.9,27.8,0.165,BAIXO
2023,4,Abr,24003,Médio Oeste,RN,Oeste Potiguar,-5.8109,-37.293,True,100.0,4,150.9,62.8,27.8,0.173,BAIXO
2023,5,Mai,24003,Médio Oeste,RN,Oeste Potiguar,-5.8109,-37.293,True,100.0,19,48.8,63.2,27.7,0.395,MEDIO
2023,6,Jun,24003,Médio Oeste,RN,Oeste Potiguar,-5.8109,-37.293,True,100.0,13,36.4,63.6,27.8,0.419,MEDIO
2023,7,Jul,24003,Médio Oeste,RN,Oeste Potiguar,-5.8109,-37.293,True,100.0,24,20.9,62.9,27.9,0.464,MEDIO
2023,8,Ago,24003,Médio Oeste,RN,Oeste Potiguar,-5.8109,-37.293,True,100.0,20,1.8,64.4,27.9,0.476,MEDIO
2023,9,Set,24003,Médio Oeste,RN,Oeste Potiguar,-5.8109,-37.293,True,100.0,32,2.2,64.4,28.1,0.488,MEDIO
2023,10,Out,24003,Médio Oeste,RN,Oeste Potiguar,-5.8109,-37.293,True,100.0,71,3.5,64.1,27.7,0.503,ALTO
2023,11,Nov,24003,Médio Oeste,RN,Oeste Potiguar,-5.8109,-37.293,True,100.0,257,10.4,62.0,27.7,0.627,ALTO
2023,12,Dez,24003,Médio Oeste,RN,Oeste Potiguar,-5.8109,-37.293,True,100.0,162,50.8,62.9,28.0,0.485,MEDIO
2024,1,Jan,24003,Médio Oeste,RN,Oeste Potiguar,-5.8109,-37.293,True,100.0,24,49.3,64.0,27.6,0.389,MEDIO
2024,2,Fev,24003,Médio Oeste,RN,Oeste Potiguar,-5.8109,-37.293,True,100.0,7,162.3,64.7,27.6,0.159,BAIXO
2024,3,Mar,24003,Médio Oeste,RN,Oeste Potiguar,-5.8109,-37.293,True,100.0,0,215.2,64.9,27.8,0.158,BAIXO
2024,4,Abr,24003,Médio Oeste,RN,Oeste Potiguar,-5.8109,-37.293,True,100.0,1,179.0,62.8,27.8,0.172,BAIXO
2024,5,Mai,24003,Médio Oeste,RN,Oeste Potiguar,-5.8109,-37.293,True,100.0,3,53.2,63.2,27.7,0.375,MEDIO
2024,6,Jun,24003,Médio Oeste,RN,Oeste Potiguar,-5.8109,-37.293,True,100.0,0,39.7,63.6,27.8,0.404,MEDIO
2024,7,Jul,24003,Médio Oeste,RN,Oeste Potiguar,-5.8109,-37.293,True,100.0,1,6.7,62.9,27.9,0.474,MEDIO
2024,8,Ago,24003,Médio Oeste,RN,Oeste Potiguar,-5.8109,-37.293,True,100.0,19,1.9,64.4,27.9,0.475,MEDIO
2024,9,Set,24003,Médio Oeste,RN,Oeste Potiguar,-5.8109,-37.293,True,100.0,26,2.1,64.4,28.1,0.484,MEDIO
2024,10,Out,24003,Médio Oeste,RN,Oeste Potiguar,-5.8109,-37.293,True,100.0,34,2.6,64.1,27.7,0.481,MEDIO
2024,11,Nov,24003,Médio Oeste,RN,Oeste Potiguar,-5.8109,-37.293,True,100.0,59,2.8,62.0,27.7,0.509,ALTO
2024,12,Dez,24003,Médio Oeste,RN,Oeste Potiguar,-5.8109,-37.293,True,100.0,65,23.5,62.9,28.0,0.486,MEDIO
2022,1,Jan,24004,Vale do Açu,RN,Oeste Potiguar,-5.5821,-36.9007,True,100.0,64,137.6,58.2,30.9,0.282,BAIXO
2022,2,Fev,24004,Vale do Açu,RN,Oeste Potiguar,-5.5821,-36.9007,True,100.0,18,67.1,59.4,30.7,0.425,MEDIO
2022,3,Mar,24004,Vale do Açu,RN,Oeste Potiguar,-5.5821,-36.9007,True,100.0,8,208.4,64.4,29.9,0.214,BAIXO
2022,4,Abr,24004,Vale do Açu,RN,Oeste Potiguar,-5.5821,-36.9007,True,100.0,14,189.4,63.1,30.4,0.224,BAIXO
2022,5,Mai,24004,Vale do Açu,RN,Oeste Potiguar,-5.5821,-36.9007,True,100.0,10,180.0,62.7,30.3,0.227,BAIXO
2022,6,Jun,24004,Vale do Açu,RN,Oeste Potiguar,-5.5821,-36.9007,True,100.0,10,62.1,61.6,30.3,0.422,MEDIO
2022,7,Jul,24004,Vale do Açu,RN,Oeste Potiguar,-5.5821,-36.9007,True,100.0,9,37.3,61.8,30.3,0.474,MEDIO
2022,8,Ago,24004,Vale do Açu,RN,Oeste Potiguar,-5.5821,-36.9007,True,100.0,27,9.0,57.6,30.9,0.559,ALTO
2022,9,Set,24004,Vale do Açu,RN,Oeste Potiguar,-5.5821,-36.9007,True,100.0,172,2.4,59.1,30.8,0.549,ALTO
2022,10,Out,24004,Vale do Açu,RN,Oeste Potiguar,-5.5821,-36.9007,True,100.0,153,3.2,60.7,30.6,0.539,ALTO
2022,11,Nov,24004,Vale do Açu,RN,Oeste Potiguar,-5.5821,-36.9007,True,100.0,161,14.9,60.9,30.6,0.528,ALTO
2022,12,Dez,24004,Vale do Açu,RN,Oeste Potiguar,-5.5821,-36.9007,True,100.0,198,25.9,61.4,30.6,0.501,ALTO
2023,1,Jan,24004,Vale do Açu,RN,Oeste Potiguar,-5.5821,-36.9007,True,100.0,35,35.4,62.4,29.3,0.478,MEDIO
2023,2,Fev,24004,Vale do Açu,RN,Oeste Potiguar,-5.5821,-36.9007,True,100.0,14,104.4,63.5,29.2,0.308,MEDIO
2023,3,Mar,24004,Vale do Açu,RN,Oeste Potiguar,-5.5821,-36.9007,True,100.0,3,203.8,59.7,29.8,0.242,BAIXO
2023,4,Abr,24004,Vale do Açu,RN,Oeste Potiguar,-5.5821,-36.9007,True,100.0,3,184.4,58.0,29.8,0.253,BAIXO
2023,5,Mai,24004,Vale do Açu,RN,Oeste Potiguar,-5.5821,-36.9007,True,100.0,3,44.7,57.7,29.8,0.481,MEDIO
2023,6,Jun,24004,Vale do Açu,RN,Oeste Potiguar,-5.5821,-36.9007,True,100.0,5,31.8,60.4,29.5,0.485,MEDIO
2023,7,Jul,24004,Vale do Açu,RN,Oeste Potiguar,-5.5821,-36.9007,True,100.0,21,16.5,61.5,29.3,0.516,ALTO
2023,8,Ago,24004,Vale do Açu,RN,Oeste Potiguar,-5.5821,-36.9007,True,100.0,45,2.6,64.0,28.8,0.516,ALTO
2023,9,Set,24004,Vale do Açu,RN,Oeste Potiguar,-5.5821,-36.9007,True,100.0,155,2.2,64.4,28.8,0.579,ALTO
2023,10,Out,24004,Vale do Açu,RN,Oeste Potiguar,-5.5821,-36.9007,True,100.0,369,2.3,60.7,29.5,0.748,CRITICO
2023,11,Nov,24004,Vale do Açu,RN,Oeste Potiguar,-5.5821,-36.9007,True,100.0,175,9.6,58.7,29.5,0.644,ALTO
2023,12,Dez,24004,Vale do Açu,RN,Oeste Potiguar,-5.5821,-36.9007,True,100.0,218,37.8,59.0,29.7,0.614,ALTO
2024,1,Jan,24004,Vale do Açu,RN,Oeste Potiguar,-5.5821,-36.9007,True,100.0,67,42.3,69.5,27.5,0.393,MEDIO
2024,2,Fev,24004,Vale do Açu,RN,Oeste Potiguar,-5.5821,-36.9007,True,100.0,29,156.4,64.7,28.8,0.202,BAIXO
2024,3,Mar,24004,Vale do Açu,RN,Oeste Potiguar,-5.5821,-36.9007,True,100.0,63,231.2,68.6,28.0,0.178,BAIXO
2024,4,Abr,24004,Vale do Açu,RN,Oeste Potiguar,-5.5821,-36.9007,True,100.0,0,205.5,68.0,28.1,0.146,BAIXO
2024,5,Mai,24004,Vale do Açu,RN,Oeste Potiguar,-5.5821,-36.9007,True,100.0,2,44.8,70.5,27.7,0.347,MEDIO
2024,6,Jun,24004,Vale do Açu,RN,Oeste Potiguar,-5.5821,-36.9007,True,100.0,2,62.4,69.8,28.1,0.324,MEDIO
2024,7,Jul,24004,Vale do Açu,RN,Oeste Potiguar,-5.5821,-36.9007,True,100.0,10,8.5,70.7,28.1,0.435,MEDIO
2024,8,Ago,24004,Vale do Açu,RN,Oeste Potiguar,-5.5821,-36.9007,True,100.0,76,2.1,71.6,28.3,0.474,MEDIO
2024,9,Set,24004,Vale do Açu,RN,Oeste Potiguar,-5.5821,-36.9007,True,100.0,196,2.2,69.9,28.1,0.552,ALTO
2024,10,Out,24004,Vale do Açu,RN,Oeste Potiguar,-5.5821,-36.9007,True,100.0,225,2.4,68.8,27.9,0.571,ALTO
2024,11,Nov,24004,Vale do Açu,RN,Oeste Potiguar,-5.5821,-36.9007,True,100.0,190,2.3,70.1,27.5,0.532,ALTO
2024,12,Dez,24004,Vale do Açu,RN,Oeste Potiguar,-5.5821,-36.9007,True,100.0,116,19.3,73.4,27.7,0.452,MEDIO
2022,1,Jan,24005,Serra de São Miguel,RN,Oeste Potiguar,-6.2463,-38.397,True,100.0,14,278.6,64.0,27.6,0.159,BAIXO
2022,2,Fev,24005,Serra de São Miguel,RN,Oeste Potiguar,-6.2463,-38.397,True,100.0,3,25.2,64.7,27.6,0.422,MEDIO
2022,3,Mar,24005,Serra de São Miguel,RN,Oeste Potiguar,-6.2463,-38.397,True,100.0,1,219.4,64.9,27.8,0.158,BAIXO
2022,4,Abr,24005,Serra de São Miguel,RN,Oeste Potiguar,-6.2463,-38.397,True,100.0,0,179.8,62.8,27.8,0.171,BAIXO
2022,5,Mai,24005,Serra de São Miguel,RN,Oeste Potiguar,-6.2463,-38.397,True,100.0,0,130.1,63.2,27.7,0.209,BAIXO
2022,6,Jun,24005,Serra de São Miguel,RN,Oeste Potiguar,-6.2463,-38.397,True,100.0,0,131.9,63.6,27.8,0.207,BAIXO
2022,7,Jul,24005,Serra de São Miguel,RN,Oeste Potiguar,-6.2463,-38.397,True,100.0,3,37.7,62.9,27.9,0.414,MEDIO
2022,8,Ago,24005,Serra de São Miguel,RN,Oeste Potiguar,-6.2463,-38.397,True,100.0,4,50.2,64.4,27.9,0.378,MEDIO
2022,9,Set,24005,Serra de São Miguel,RN,Oeste Potiguar,-6.2463,-38.397,True,100.0,18,5.0,64.4,28.1,0.469,MEDIO
2022,10,Out,24005,Serra de São Miguel,RN,Oeste Potiguar,-6.2463,-38.397,True,100.0,175,3.5,64.1,27.7,0.461,MEDIO
2022,11,Nov,24005,Serra de São Miguel,RN,Oeste Potiguar,-6.2463,-38.397,True,100.0,244,57.2,62.0,27.7,0.372,MEDIO
2022,12,Dez,24005,Serra de São Miguel,RN,Oeste Potiguar,-6.2463,-38.397,True,100.0,301,34.0,62.9,28.0,0.424,MEDIO
2023,1,Jan,24005,Serra de São Miguel,RN,Oeste Potiguar,-6.2463,-38.397,True,100.0,77,102.0,64.0,27.6,0.308,MEDIO
2023,2,Fev,24005,Serra de São Miguel,RN,Oeste Potiguar,-6.2463,-38.397,True,100.0,6,144.1,64.7,27.6,0.171,BAIXO
2023,3,Mar,24005,Serra de São Miguel,RN,Oeste Potiguar,-6.2463,-38.397,True,100.0,5,228.8,64.9,27.8,0.161,BAIXO
2023,4,Abr,24005,Serra de São Miguel,RN,Oeste Potiguar,-6.2463,-38.397,True,100.0,0,121.8,62.8,27.8,0.231,BAIXO
2023,5,Mai,24005,Serra de São Miguel,RN,Oeste Potiguar,-6.2463,-38.397,True,100.0,0,69.1,63.2,27.7,0.34,MEDIO
2023,6,Jun,24005,Serra de São Miguel,RN,Oeste Potiguar,-6.2463,-38.397,True,100.0,2,28.4,63.6,27.8,0.43,MEDIO
2023,7,Jul,24005,Serra de São Miguel,RN,Oeste Potiguar,-6.2463,-38.397,True,100.0,5,23.3,62.9,27.9,0.448,MEDIO
2023,8,Ago,24005,Serra de São Miguel,RN,Oeste Potiguar,-6.2463,-38.397,True,100.0,15,4.4,64.4,27.9,0.473,MEDIO
2023,9,Set,24005,Serra de São Miguel,RN,Oeste Potiguar,-6.2463,-38.397,True,100.0,91,6.7,64.4,28.1,0.523,ALTO
2023,10,Out,24005,Serra de São Miguel,RN,Oeste Potiguar,-6.2463,-38.397,True,100.0,475,3.2,64.1,27.7,0.746,CRITICO
2023,11,Nov,24005,Serra de São Miguel,RN,Oeste Potiguar,-6.2463,-38.397,True,100.0,389,9.9,62.0,27.7,0.707,CRITICO
2023,12,Dez,24005,Serra de São Miguel,RN,Oeste Potiguar,-6.2463,-38.397,True,100.0,237,57.6,62.9,28.0,0.516,ALTO
2024,1,Jan,24005,Serra de São Miguel,RN,Oeste Potiguar,-6.2463,-38.397,True,100.0,48,82.2,64.0,27.6,0.333,MEDIO
2024,2,Fev,24005,Serra de São Miguel,RN,Oeste Potiguar,-6.2463,-38.397,True,100.0,20,143.3,64.7,27.6,0.181,BAIXO
2024,3,Mar,24005,Serra de São Miguel,RN,Oeste Potiguar,-6.2463,-38.397,True,100.0,0,170.5,64.9,27.8,0.158,BAIXO
2024,4,Abr,24005,Serra de São Miguel,RN,Oeste Potiguar,-6.2463,-38.397,True,100.0,0,144.4,62.8,27.8,0.183,BAIXO
2024,5,Mai,24005,Serra de São Miguel,RN,Oeste Potiguar,-6.2463,-38.397,True,100.0,0,60.6,63.2,27.7,0.358,MEDIO
2024,6,Jun,24005,Serra de São Miguel,RN,Oeste Potiguar,-6.2463,-38.397,True,100.0,1,60.0,63.6,27.8,0.361,MEDIO
2024,7,Jul,24005,Serra de São Miguel,RN,Oeste Potiguar,-6.2463,-38.397,True,100.0,5,16.1,62.9,27.9,0.463,MEDIO
2024,8,Ago,24005,Serra de São Miguel,RN,Oeste Potiguar,-6.2463,-38.397,True,100.0,20,3.5,64.4,27.9,0.476,MEDIO
2024,9,Set,24005,Serra de São Miguel,RN,Oeste Potiguar,-6.2463,-38.397,True,100.0,55,4.4,64.4,28.1,0.502,ALTO
2024,10,Out,24005,Serra de São Miguel,RN,Oeste Potiguar,-6.2463,-38.397,True,100.0,241,5.4,64.1,27.7,0.605,ALTO
2024,11,Nov,24005,Serra de São Miguel,RN,Oeste Potiguar,-6.2463,-38.397,True,100.0,420,4.7,62.0,27.7,0.725,CRITICO
2024,12,Dez,24005,Serra de São Miguel,RN,Oeste Potiguar,-6.2463,-38.397,True,100.0,345,41.8,62.9,28.0,0.614,ALTO
2022,1,Jan,24006,Pau dos Ferros,RN,Oeste Potiguar,-6.1464,-38.0896,True,100.0,57,270.9,64.0,27.6,0.159,BAIXO
2022,2,Fev,24006,Pau dos Ferros,RN,Oeste Potiguar,-6.1464,-38.0896,True,100.0,15,23.7,64.7,27.6,0.425,MEDIO
2022,3,Mar,24006,Pau dos Ferros,RN,Oeste Potiguar,-6.1464,-38.0896,True,100.0,8,216.5,64.9,27.8,0.158,BAIXO
2022,4,Abr,24006,Pau dos Ferros,RN,Oeste Potiguar,-6.1464,-38.0896,True,100.0,0,181.9,62.8,27.8,0.171,BAIXO
2022,5,Mai,24006,Pau dos Ferros,RN,Oeste Potiguar,-6.1464,-38.0896,True,100.0,0,145.6,63.2,27.7,0.176,BAIXO
2022,6,Jun,24006,Pau dos Ferros,RN,Oeste Potiguar,-6.1464,-38.0896,True,100.0,1,81.1,63.6,27.8,0.315,MEDIO
2022,7,Jul,24006,Pau dos Ferros,RN,Oeste Potiguar,-6.1464,-38.0896,True,100.0,11,34.0,62.9,27.9,0.422,MEDIO
2022,8,Ago,24006,Pau dos Ferros,RN,Oeste Potiguar,-6.1464,-38.0896,True,100.0,8,36.1,64.4,27.9,0.408,MEDIO
2022,9,Set,24006,Pau dos Ferros,RN,Oeste Potiguar,-6.1464,-38.0896,True,100.0,69,3.0,64.4,28.1,0.469,MEDIO
2022,10,Out,24006,Pau dos Ferros,RN,Oeste Potiguar,-6.1464,-38.0896,True,100.0,143,2.6,64.1,27.7,0.461,MEDIO
2022,11,Nov,24006,Pau dos Ferros,RN,Oeste Potiguar,-6.1464,-38.0896,True,100.0,207,46.7,62.0,27.7,0.395,MEDIO
2022,12,Dez,24006,Pau dos Ferros,RN,Oeste Potiguar,-6.1464,-38.0896,True,100.0,360,28.5,62.9,28.0,0.436,MEDIO
2023,1,Jan,24006,Pau dos Ferros,RN,Oeste Potiguar,-6.1464,-38.0896,True,100.0,106,81.2,64.0,27.6,0.37,MEDIO
2023,2,Fev,24006,Pau dos Ferros,RN,Oeste Potiguar,-6.1464,-38.0896,True,100.0,26,128.4,64.7,27.6,0.216,BAIXO
2023,3,Mar,24006,Pau dos Ferros,RN,Oeste Potiguar,-6.1464,-38.0896,True,100.0,11,265.3,64.9,27.8,0.165,BAIXO
2023,4,Abr,24006,Pau dos Ferros,RN,Oeste Potiguar,-6.1464,-38.0896,True,100.0,2,116.8,62.8,27.8,0.243,BAIXO
2023,5,Mai,24006,Pau dos Ferros,RN,Oeste Potiguar,-6.1464,-38.0896,True,100.0,1,75.4,63.2,27.7,0.327,MEDIO
2023,6,Jun,24006,Pau dos Ferros,RN,Oeste Potiguar,-6.1464,-38.0896,True,100.0,3,32.7,63.6,27.8,0.421,MEDIO
2023,7,Jul,24006,Pau dos Ferros,RN,Oeste Potiguar,-6.1464,-38.0896,True,100.0,15,21.3,62.9,27.9,0.458,MEDIO
2023,8,Ago,24006,Pau dos Ferros,RN,Oeste Potiguar,-6.1464,-38.0896,True,100.0,52,3.1,64.4,27.9,0.495,MEDIO
2023,9,Set,24006,Pau dos Ferros,RN,Oeste Potiguar,-6.1464,-38.0896,True,100.0,45,4.3,64.4,28.1,0.496,MEDIO
2023,10,Out,24006,Pau dos Ferros,RN,Oeste Potiguar,-6.1464,-38.0896,True,100.0,164,2.4,64.1,27.7,0.559,ALTO
2023,11,Nov,24006,Pau dos Ferros,RN,Oeste Potiguar,-6.1464,-38.0896,True,100.0,363,7.9,62.0,27.7,0.691,ALTO
2023,12,Dez,24006,Pau dos Ferros,RN,Oeste Potiguar,-6.1464,-38.0896,True,100.0,335,71.6,62.9,28.0,0.545,ALTO
2024,1,Jan,24006,Pau dos Ferros,RN,Oeste Potiguar,-6.1464,-38.0896,True,100.0,121,76.9,64.0,27.6,0.388,MEDIO
2024,2,Fev,24006,Pau dos Ferros,RN,Oeste Potiguar,-6.1464,-38.0896,True,100.0,27,162.4,64.7,27.6,0.171,BAIXO
2024,3,Mar,24006,Pau dos Ferros,RN,Oeste Potiguar,-6.1464,-38.0896,True,100.0,15,206.0,64.9,27.8,0.167,BAIXO
2024,4,Abr,24006,Pau dos Ferros,RN,Oeste Potiguar,-6.1464,-38.0896,True,100.0,12,176.6,62.8,27.8,0.178,BAIXO
2024,5,Mai,24006,Pau dos Ferros,RN,Oeste Potiguar,-6.1464,-38.0896,True,100.0,2,69.0,63.2,27.7,0.341,MEDIO
2024,6,Jun,24006,Pau dos Ferros,RN,Oeste Potiguar,-6.1464,-38.0896,True,100.0,4,53.8,63.6,27.8,0.376,MEDIO
2024,7,Jul,24006,Pau dos Ferros,RN,Oeste Potiguar,-6.1464,-38.0896,True,100.0,20,12.3,62.9,27.9,0.48,MEDIO
2024,8,Ago,24006,Pau dos Ferros,RN,Oeste Potiguar,-6.1464,-38.0896,True,100.0,73,2.7,64.4,27.9,0.508,ALTO
2024,9,Set,24006,Pau dos Ferros,RN,Oeste Potiguar,-6.1464,-38.0896,True,100.0,60,2.8,64.4,28.1,0.505,ALTO
2024,10,Out,24006,Pau dos Ferros,RN,Oeste Potiguar,-6.1464,-38.0896,True,100.0,257,4.2,64.1,27.7,0.615,ALTO
2024,11,Nov,24006,Pau dos Ferros,RN,Oeste Potiguar,-6.1464,-38.0896,True,100.0,354,3.9,62.0,27.7,0.686,ALTO
2024,12,Dez,24006,Pau dos Ferros,RN,Oeste Potiguar,-6.1464,-38.0896,True,100.0,452,38.5,62.9,28.0,0.686,ALTO
2022,1,Jan,24007,Umarizal,RN,Oeste Potiguar,-6.1067,-37.8023,True,100.0,22,258.4,64.0,27.6,0.159,BAIXO
2022,2,Fev,24007,Umarizal,RN,Oeste Potiguar,-6.1067,-37.8023,True,100.0,10,30.9,64.7,27.6,0.41,MEDIO
2022,3,Mar,24007,Umarizal,RN,Oeste Potiguar,-6.1067,-37.8023,True,100.0,1,198.3,64.9,27.8,0.158,BAIXO
2022,4,Abr,24007,Umarizal,RN,Oeste Potiguar,-6.1067,-37.8023,True,100.0,0,184.0,62.8,27.8,0.171,BAIXO
2022,5,Mai,24007,Umarizal,RN,Oeste Potiguar,-6.1067,-37.8023,True,100.0,0,135.6,63.2,27.7,0.197,BAIXO
2022,6,Jun,24007,Umarizal,RN,Oeste Potiguar,-6.1067,-37.8023,True,100.0,0,78.9,63.6,27.8,0.32,MEDIO
2022,7,Jul,24007,Umarizal,RN,Oeste Potiguar,-6.1067,-37.8023,True,100.0,3,35.2,62.9,27.9,0.419,MEDIO
2022,8,Ago,24007,Umarizal,RN,Oeste Potiguar,-6.1067,-37.8023,True,100.0,14,33.4,64.4,27.9,0.414,MEDIO
2022,9,Set,24007,Umarizal,RN,Oeste Potiguar,-6.1067,-37.8023,True,100.0,48,3.2,64.4,28.1,0.469,MEDIO
2022,10,Out,24007,Umarizal,RN,Oeste Potiguar,-6.1067,-37.8023,True,100.0,142,3.1,64.1,27.7,0.461,MEDIO
2022,11,Nov,24007,Umarizal,RN,Oeste Potiguar,-6.1067,-37.8023,True,100.0,182,58.2,62.0,27.7,0.37,MEDIO
2022,12,Dez,24007,Umarizal,RN,Oeste Potiguar,-6.1067,-37.8023,True,100.0,203,31.0,62.9,28.0,0.431,MEDIO
2023,1,Jan,24007,Umarizal,RN,Oeste Potiguar,-6.1067,-37.8023,True,100.0,88,74.4,64.0,27.6,0.374,MEDIO
2023,2,Fev,24007,Umarizal,RN,Oeste Potiguar,-6.1067,-37.8023,True,100.0,14,127.6,64.7,27.6,0.211,BAIXO
2023,3,Mar,24007,Umarizal,RN,Oeste Potiguar,-6.1067,-37.8023,True,100.0,1,319.4,64.9,27.8,0.159,BAIXO
2023,4,Abr,24007,Umarizal,RN,Oeste Potiguar,-6.1067,-37.8023,True,100.0,0,129.7,62.8,27.8,0.214,BAIXO
2023,5,Mai,24007,Umarizal,RN,Oeste Potiguar,-6.1067,-37.8023,True,100.0,0,66.4,63.2,27.7,0.345,MEDIO
2023,6,Jun,24007,Umarizal,RN,Oeste Potiguar,-6.1067,-37.8023,True,100.0,3,45.1,63.6,27.8,0.394,MEDIO
2023,7,Jul,24007,Umarizal,RN,Oeste Potiguar,-6.1067,-37.8023,True,100.0,13,25.6,62.9,27.9,0.447,MEDIO
2023,8,Ago,24007,Umarizal,RN,Oeste Potiguar,-6.1067,-37.8023,True,100.0,8,2.9,64.4,27.9,0.469,MEDIO
2023,9,Set,24007,Umarizal,RN,Oeste Potiguar,-6.1067,-37.8023,True,100.0,29,4.4,64.4,28.1,0.486,MEDIO
2023,10,Out,24007,Umarizal,RN,Oeste Potiguar,-6.1067,-37.8023,True,100.0,103,3.3,64.1,27.7,0.522,ALTO
2023,11,Nov,24007,Umarizal,RN,Oeste Potiguar,-6.1067,-37.8023,True,100.0,175,9.9,62.0,27.7,0.578,ALTO
2023,12,Dez,24007,Umarizal,RN,Oeste Potiguar,-6.1067,-37.8023,True,100.0,228,73.2,62.9,28.0,0.477,MEDIO
2024,1,Jan,24007,Umarizal,RN,Oeste Potiguar,-6.1067,-37.8023,True,100.0,155,74.7,64.0,27.6,0.413,MEDIO
2024,2,Fev,24007,Umarizal,RN,Oeste Potiguar,-6.1067,-37.8023,True,100.0,45,171.8,64.7,27.6,0.181,BAIXO
2024,3,Mar,24007,Umarizal,RN,Oeste Potiguar,-6.1067,-37.8023,True,100.0,7,190.3,64.9,27.8,0.162,BAIXO
2024,4,Abr,24007,Umarizal,RN,Oeste Potiguar,-6.1067,-37.8023,True,100.0,0,184.7,62.8,27.8,0.171,BAIXO
2024,5,Mai,24007,Umarizal,RN,Oeste Potiguar,-6.1067,-37.8023,True,100.0,6,74.2,63.2,27.7,0.332,MEDIO
2024,6,Jun,24007,Umarizal,RN,Oeste Potiguar,-6.1067,-37.8023,True,100.0,8,56.0,63.6,27.8,0.374,MEDIO
2024,7,Jul,24007,Umarizal,RN,Oeste Potiguar,-6.1067,-37.8023,True,100.0,15,11.7,62.9,27.9,0.478,MEDIO
2024,8,Ago,24007,Umarizal,RN,Oeste Potiguar,-6.1067,-37.8023,True,100.0,33,2.7,64.4,27.9,0.484,MEDIO
2024,9,Set,24007,Umarizal,RN,Oeste Potiguar,-6.1067,-37.8023,True,100.0,31,2.9,64.4,28.1,0.487,MEDIO
2024,10,Out,24007,Umarizal,RN,Oeste Potiguar,-6.1067,-37.8023,True,100.0,77,3.8,64.1,27.7,0.507,ALTO
2024,11,Nov,24007,Umarizal,RN,Oeste Potiguar,-6.1067,-37.8023,True,100.0,209,3.9,62.0,27.7,0.599,ALTO
2024,12,Dez,24007,Umarizal,RN,Oeste Potiguar,-6.1067,-37.8023,True,100.0,235,39.7,62.9,28.0,0.553,ALTO
2022,1,Jan,24008,Macau,RN,Central Potiguar,-5.178,-36.3136,True,100.0,3,78.3,58.8,27.6,0.345,MEDIO
2022,2,Fev,24008,Macau,RN,Central Potiguar,-5.178,-36.3136,True,100.0,0,49.1,59.5,27.7,0.406,MEDIO
2022,3,Mar,24008,Macau,RN,Central Potiguar,-5.178,-36.3136,True,100.0,0,243.2,59.0,27.8,0.195,BAIXO
2022,4,Abr,24008,Macau,RN,Central Potiguar,-5.178,-36.3136,True,100.0,6,93.0,62.9,27.4,0.283,BAIXO
2022,5,Mai,24008,Macau,RN,Central Potiguar,-5.178,-36.3136,True,100.0,3,140.6,62.6,27.5,0.185,BAIXO
2022,6,Jun,24008,Macau,RN,Central Potiguar,-5.178,-36.3136,True,100.0,6,80.7,62.5,27.8,0.322,MEDIO
2022,7,Jul,24008,Macau,RN,Central Potiguar,-5.178,-36.3136,True,100.0,1,87.9,61.2,27.7,0.312,MEDIO
2022,8,Ago,24008,Macau,RN,Central Potiguar,-5.178,-36.3136,True,100.0,6,20.2,59.8,27.9,0.471,MEDIO
2022,9,Set,24008,Macau,RN,Central Potiguar,-5.178,-36.3136,True,100.0,13,5.6,63.8,27.5,0.458,MEDIO
2022,10,Out,24008,Macau,RN,Central Potiguar,-5.178,-36.3136,True,100.0,13,2.8,64.4,27.7,0.459,MEDIO
2022,11,Nov,24008,Macau,RN,Central Potiguar,-5.178,-36.3136,True,100.0,28,4.1,61.7,27.8,0.478,MEDIO
2022,12,Dez,24008,Macau,RN,Central Potiguar,-5.178,-36.3136,True,100.0,18,13.3,60.6,28.0,0.483,MEDIO
2023,1,Jan,24008,Macau,RN,Central Potiguar,-5.178,-36.3136,True,100.0,7,30.2,64.5,27.6,0.417,MEDIO
2023,2,Fev,24008,Macau,RN,Central Potiguar,-5.178,-36.3136,True,100.0,1,71.5,66.1,27.5,0.312,MEDIO
2023,3,Mar,24008,Macau,RN,Central Potiguar,-5.178,-36.3136,True,100.0,0,231.1,64.9,27.5,0.151,BAIXO
2023,4,Abr,24008,Macau,RN,Central Potiguar,-5.178,-36.3136,True,100.0,2,172.7,61.9,27.8,0.178,BAIXO
2023,5,Mai,24008,Macau,RN,Central Potiguar,-5.178,-36.3136,True,100.0,1,18.8,63.2,27.7,0.448,MEDIO
2023,6,Jun,24008,Macau,RN,Central Potiguar,-5.178,-36.3136,True,100.0,0,43.5,64.0,27.4,0.382,MEDIO
2023,7,Jul,24008,Macau,RN,Central Potiguar,-5.178,-36.3136,True,100.0,5,27.1,62.9,27.6,0.432,MEDIO
2023,8,Ago,24008,Macau,RN,Central Potiguar,-5.178,-36.3136,True,100.0,7,11.3,64.4,27.6,0.458,MEDIO
2023,9,Set,24008,Macau,RN,Central Potiguar,-5.178,-36.3136,True,100.0,44,6.9,64.7,27.5,0.478,MEDIO
2023,10,Out,24008,Macau,RN,Central Potiguar,-5.178,-36.3136,True,100.0,12,1.9,64.1,27.7,0.468,MEDIO
2023,11,Nov,24008,Macau,RN,Central Potiguar,-5.178,-36.3136,True,100.0,23,8.8,62.2,27.7,0.486,MEDIO
2023,12,Dez,24008,Macau,RN,Central Potiguar,-5.178,-36.3136,True,100.0,13,21.4,64.2,27.7,0.443,MEDIO
2024,1,Jan,24008,Macau,RN,Central Potiguar,-5.178,-36.3136,True,100.0,43,43.6,62.1,28.0,0.434,MEDIO
2024,2,Fev,24008,Macau,RN,Central Potiguar,-5.178,-36.3136,True,100.0,18,127.5,63.6,28.2,0.235,BAIXO
2024,3,Mar,24008,Macau,RN,Central Potiguar,-5.178,-36.3136,True,100.0,0,219.7,63.8,28.1,0.173,BAIXO
2024,4,Abr,24008,Macau,RN,Central Potiguar,-5.178,-36.3136,True,100.0,1,222.2,62.3,28.0,0.18,BAIXO
2024,5,Mai,24008,Macau,RN,Central Potiguar,-5.178,-36.3136,True,100.0,1,53.0,62.7,28.0,0.385,MEDIO
2024,6,Jun,24008,Macau,RN,Central Potiguar,-5.178,-36.3136,True,100.0,9,185.4,61.7,28.0,0.189,BAIXO
2024,7,Jul,24008,Macau,RN,Central Potiguar,-5.178,-36.3136,True,100.0,49,29.7,62.8,28.1,0.466,MEDIO
2024,8,Ago,24008,Macau,RN,Central Potiguar,-5.178,-36.3136,True,100.0,21,8.3,64.7,27.8,0.472,MEDIO
2024,9,Set,24008,Macau,RN,Central Potiguar,-5.178,-36.3136,True,100.0,3,5.1,63.8,28.3,0.479,MEDIO
2024,10,Out,24008,Macau,RN,Central Potiguar,-5.178,-36.3136,True,100.0,18,2.3,64.0,28.2,0.485,MEDIO
2024,11,Nov,24008,Macau,RN,Central Potiguar,-5.178,-36.3136,True,100.0,11,2.0,61.9,28.2,0.493,MEDIO
2024,12,Dez,24008,Macau,RN,Central Potiguar,-5.178,-36.3136,True,100.0,13,11.8,62.9,28.5,0.492,MEDIO
2022,1,Jan,24009,Angicos,RN,Central Potiguar,-5.5956,-36.3308,True,100.0,24,79.6,64.0,27.6,0.31,MEDIO
2022,2,Fev,24009,Angicos,RN,Central Potiguar,-5.5956,-36.3308,True,100.0,11,72.4,64.7,27.6,0.321,MEDIO
2022,3,Mar,24009,Angicos,RN,Central Potiguar,-5.5956,-36.3308,True,100.0,13,188.3,64.9,27.8,0.158,BAIXO
2022,4,Abr,24009,Angicos,RN,Central Potiguar,-5.5956,-36.3308,True,100.0,5,103.8,62.8,27.8,0.27,BAIXO
2022,5,Mai,24009,Angicos,RN,Central Potiguar,-5.5956,-36.3308,True,100.0,9,97.2,63.2,27.7,0.279,BAIXO
2022,6,Jun,24009,Angicos,RN,Central Potiguar,-5.5956,-36.3308,True,100.0,8,51.6,63.6,27.8,0.379,MEDIO
2022,7,Jul,24009,Angicos,RN,Central Potiguar,-5.5956,-36.3308,True,100.0,3,63.9,62.9,27.9,0.358,MEDIO
2022,8,Ago,24009,Angicos,RN,Central Potiguar,-5.5956,-36.3308,True,100.0,5,10.4,64.4,27.9,0.463,MEDIO
2022,9,Set,24009,Angicos,RN,Central Potiguar,-5.5956,-36.3308,True,100.0,9,2.5,64.4,28.1,0.469,MEDIO
2022,10,Out,24009,Angicos,RN,Central Potiguar,-5.5956,-36.3308,True,100.0,14,3.1,64.1,27.7,0.461,MEDIO
2022,11,Nov,24009,Angicos,RN,Central Potiguar,-5.5956,-36.3308,True,100.0,19,7.4,62.0,27.7,0.473,MEDIO
2022,12,Dez,24009,Angicos,RN,Central Potiguar,-5.5956,-36.3308,True,100.0,19,16.2,62.9,28.0,0.462,MEDIO
2023,1,Jan,24009,Angicos,RN,Central Potiguar,-5.5956,-36.3308,True,100.0,20,34.7,64.0,27.6,0.418,MEDIO
2023,2,Fev,24009,Angicos,RN,Central Potiguar,-5.5956,-36.3308,True,100.0,11,60.9,64.7,27.6,0.352,MEDIO
2023,3,Mar,24009,Angicos,RN,Central Potiguar,-5.5956,-36.3308,True,100.0,0,187.9,64.9,27.8,0.158,BAIXO
2023,4,Abr,24009,Angicos,RN,Central Potiguar,-5.5956,-36.3308,True,100.0,2,133.6,62.8,27.8,0.207,BAIXO
2023,5,Mai,24009,Angicos,RN,Central Potiguar,-5.5956,-36.3308,True,100.0,11,21.4,63.2,27.7,0.448,MEDIO
2023,6,Jun,24009,Angicos,RN,Central Potiguar,-5.5956,-36.3308,True,100.0,2,35.6,63.6,27.8,0.414,MEDIO
2023,7,Jul,24009,Angicos,RN,Central Potiguar,-5.5956,-36.3308,True,100.0,4,21.2,62.9,27.9,0.452,MEDIO
2023,8,Ago,24009,Angicos,RN,Central Potiguar,-5.5956,-36.3308,True,100.0,22,6.3,64.4,27.9,0.477,MEDIO
2023,9,Set,24009,Angicos,RN,Central Potiguar,-5.5956,-36.3308,True,100.0,22,4.1,64.4,28.1,0.482,MEDIO
2023,10,Out,24009,Angicos,RN,Central Potiguar,-5.5956,-36.3308,True,100.0,8,1.9,64.1,27.7,0.465,MEDIO
2023,11,Nov,24009,Angicos,RN,Central Potiguar,-5.5956,-36.3308,True,100.0,30,16.1,62.0,27.7,0.478,MEDIO
2023,12,Dez,24009,Angicos,RN,Central Potiguar,-5.5956,-36.3308,True,100.0,285,21.9,62.9,28.0,0.621,ALTO
2024,1,Jan,24009,Angicos,RN,Central Potiguar,-5.5956,-36.3308,True,100.0,75,36.1,64.0,27.6,0.448,MEDIO
2024,2,Fev,24009,Angicos,RN,Central Potiguar,-5.5956,-36.3308,True,100.0,1,132.4,64.7,27.6,0.193,BAIXO
2024,3,Mar,24009,Angicos,RN,Central Potiguar,-5.5956,-36.3308,True,100.0,5,186.2,64.9,27.8,0.161,BAIXO
2024,4,Abr,24009,Angicos,RN,Central Potiguar,-5.5956,-36.3308,True,100.0,0,164.2,62.8,27.8,0.171,BAIXO
2024,5,Mai,24009,Angicos,RN,Central Potiguar,-5.5956,-36.3308,True,100.0,5,53.6,63.2,27.7,0.376,MEDIO
2024,6,Jun,24009,Angicos,RN,Central Potiguar,-5.5956,-36.3308,True,100.0,5,124.1,63.6,27.8,0.226,BAIXO
2024,7,Jul,24009,Angicos,RN,Central Potiguar,-5.5956,-36.3308,True,100.0,3,23.1,62.9,27.9,0.447,MEDIO
2024,8,Ago,24009,Angicos,RN,Central Potiguar,-5.5956,-36.3308,True,100.0,20,3.4,64.4,27.9,0.476,MEDIO
2024,9,Set,24009,Angicos,RN,Central Potiguar,-5.5956,-36.3308,True,100.0,41,2.2,64.4,28.1,0.493,MEDIO
2024,10,Out,24009,Angicos,RN,Central Potiguar,-5.5956,-36.3308,True,100.0,26,2.6,64.1,27.7,0.476,MEDIO
2024,11,Nov,24009,Angicos,RN,Central Potiguar,-5.5956,-36.3308,True,100.0,28,1.7,62.0,27.7,0.49,MEDIO
2024,12,Dez,24009,Angicos,RN,Central Potiguar,-5.5956,-36.3308,True,100.0,47,12.3,62.9,28.0,0.499,MEDIO
2022,1,Jan,24010,Serra de Santana,RN,Central Potiguar,-6.0011,-36.6058,True,100.0,18,80.4,64.0,27.6,0.308,MEDIO
2022,2,Fev,24010,Serra de Santana,RN,Central Potiguar,-6.0011,-36.6058,True,100.0,5,75.7,64.7,27.6,0.314,MEDIO
2022,3,Mar,24010,Serra de Santana,RN,Central Potiguar,-6.0011,-36.6058,True,100.0,1,228.8,64.9,27.8,0.158,BAIXO
2022,4,Abr,24010,Serra de Santana,RN,Central Potiguar,-6.0011,-36.6058,True,100.0,1,154.0,62.8,27.8,0.171,BAIXO
2022,5,Mai,24010,Serra de Santana,RN,Central Potiguar,-6.0011,-36.6058,True,100.0,0,101.9,63.2,27.7,0.269,BAIXO
2022,6,Jun,24010,Serra de Santana,RN,Central Potiguar,-6.0011,-36.6058,True,100.0,3,51.7,63.6,27.8,0.378,MEDIO
2022,7,Jul,24010,Serra de Santana,RN,Central Potiguar,-6.0011,-36.6058,True,100.0,6,33.3,62.9,27.9,0.423,MEDIO
2022,8,Ago,24010,Serra de Santana,RN,Central Potiguar,-6.0011,-36.6058,True,100.0,10,14.5,64.4,27.9,0.454,MEDIO
2022,9,Set,24010,Serra de Santana,RN,Central Potiguar,-6.0011,-36.6058,True,100.0,33,2.7,64.4,28.1,0.469,MEDIO
2022,10,Out,24010,Serra de Santana,RN,Central Potiguar,-6.0011,-36.6058,True,100.0,110,5.0,64.1,27.7,0.461,MEDIO
2022,11,Nov,24010,Serra de Santana,RN,Central Potiguar,-6.0011,-36.6058,True,100.0,33,23.2,62.0,27.7,0.445,MEDIO
2022,12,Dez,24010,Serra de Santana,RN,Central Potiguar,-6.0011,-36.6058,True,100.0,38,36.4,62.9,28.0,0.419,MEDIO
2023,1,Jan,24010,Serra de Santana,RN,Central Potiguar,-6.0011,-36.6058,True,100.0,22,37.5,64.0,27.6,0.413,MEDIO
2023,2,Fev,24010,Serra de Santana,RN,Central Potiguar,-6.0011,-36.6058,True,100.0,15,96.5,64.7,27.6,0.278,BAIXO
2023,3,Mar,24010,Serra de Santana,RN,Central Potiguar,-6.0011,-36.6058,True,100.0,1,225.4,64.9,27.8,0.159,BAIXO
2023,4,Abr,24010,Serra de Santana,RN,Central Potiguar,-6.0011,-36.6058,True,100.0,1,131.3,62.8,27.8,0.212,BAIXO
2023,5,Mai,24010,Serra de Santana,RN,Central Potiguar,-6.0011,-36.6058,True,100.0,4,41.4,63.2,27.7,0.401,MEDIO
2023,6,Jun,24010,Serra de Santana,RN,Central Potiguar,-6.0011,-36.6058,True,100.0,0,29.7,63.6,27.8,0.426,MEDIO
2023,7,Jul,24010,Serra de Santana,RN,Central Potiguar,-6.0011,-36.6058,True,100.0,15,23.1,62.9,27.9,0.454,MEDIO
2023,8,Ago,24010,Serra de Santana,RN,Central Potiguar,-6.0011,-36.6058,True,100.0,15,6.8,64.4,27.9,0.473,MEDIO
2023,9,Set,24010,Serra de Santana,RN,Central Potiguar,-6.0011,-36.6058,True,100.0,35,3.6,64.4,28.1,0.49,MEDIO
2023,10,Out,24010,Serra de Santana,RN,Central Potiguar,-6.0011,-36.6058,True,100.0,76,4.0,64.1,27.7,0.506,ALTO
2023,11,Nov,24010,Serra de Santana,RN,Central Potiguar,-6.0011,-36.6058,True,100.0,60,15.7,62.0,27.7,0.497,MEDIO
2023,12,Dez,24010,Serra de Santana,RN,Central Potiguar,-6.0011,-36.6058,True,100.0,188,28.4,62.9,28.0,0.549,ALTO
2024,1,Jan,24010,Serra de Santana,RN,Central Potiguar,-6.0011,-36.6058,True,100.0,36,50.7,64.0,27.6,0.393,MEDIO
2024,2,Fev,24010,Serra de Santana,RN,Central Potiguar,-6.0011,-36.6058,True,100.0,17,165.2,64.7,27.6,0.165,BAIXO
2024,3,Mar,24010,Serra de Santana,RN,Central Potiguar,-6.0011,-36.6058,True,100.0,2,235.0,64.9,27.8,0.159,BAIXO
2024,4,Abr,24010,Serra de Santana,RN,Central Potiguar,-6.0011,-36.6058,True,100.0,0,165.0,62.8,27.8,0.171,BAIXO
2024,5,Mai,24010,Serra de Santana,RN,Central Potiguar,-6.0011,-36.6058,True,100.0,2,45.3,63.2,27.7,0.392,MEDIO
2024,6,Jun,24010,Serra de Santana,RN,Central Potiguar,-6.0011,-36.6058,True,100.0,1,52.7,63.6,27.8,0.377,MEDIO
2024,7,Jul,24010,Serra de Santana,RN,Central Potiguar,-6.0011,-36.6058,True,100.0,3,13.1,62.9,27.9,0.468,MEDIO
2024,8,Ago,24010,Serra de Santana,RN,Central Potiguar,-6.0011,-36.6058,True,100.0,16,3.1,64.4,27.9,0.473,MEDIO
2024,9,Set,24010,Serra de Santana,RN,Central Potiguar,-6.0011,-36.6058,True,100.0,35,2.2,64.4,28.1,0.49,MEDIO
2024,10,Out,24010,Serra de Santana,RN,Central Potiguar,-6.0011,-36.6058,True,100.0,67,3.6,64.1,27.7,0.501,ALTO
2024,11,Nov,24010,Serra de Santana,RN,Central Potiguar,-6.0011,-36.6058,True,100.0,103,2.7,62.0,27.7,0.535,ALTO
2024,12,Dez,24010,Serra de Santana,RN,Central Potiguar,-6.0011,-36.6058,True,100.0,61,18.9,62.9,28.0,0.493,MEDIO
2022,1,Jan,24011,Seridó Ocidental,RN,Central Potiguar,-6.4889,-37.1675,True,100.0,11,156.2,47.9,30.7,0.319,MEDIO
2022,2,Fev,24011,Seridó Ocidental,RN,Central Potiguar,-6.4889,-37.1675,True,100.0,14,75.2,50.3,30.4,0.465,MEDIO
2022,3,Mar,24011,Seridó Ocidental,RN,Central Potiguar,-6.4889,-37.1675,True,100.0,0,256.1,54.2,30.0,0.28,BAIXO
2022,4,Abr,24011,Seridó Ocidental,RN,Central Potiguar,-6.4889,-37.1675,True,100.0,3,171.1,52.9,30.1,0.288,BAIXO
2022,5,Mai,24011,Seridó Ocidental,RN,Central Potiguar,-6.4889,-37.1675,True,100.0,0,126.5,52.3,30.1,0.342,MEDIO
2022,6,Jun,24011,Seridó Ocidental,RN,Central Potiguar,-6.4889,-37.1675,True,100.0,1,98.9,49.5,30.4,0.419,MEDIO
2022,7,Jul,24011,Seridó Ocidental,RN,Central Potiguar,-6.4889,-37.1675,True,100.0,6,19.9,53.4,29.8,0.559,ALTO
2022,8,Ago,24011,Seridó Ocidental,RN,Central Potiguar,-6.4889,-37.1675,True,100.0,40,11.9,48.1,30.5,0.614,ALTO
2022,9,Set,24011,Seridó Ocidental,RN,Central Potiguar,-6.4889,-37.1675,True,100.0,231,1.2,46.1,31.0,0.631,ALTO
2022,10,Out,24011,Seridó Ocidental,RN,Central Potiguar,-6.4889,-37.1675,True,100.0,279,2.5,47.4,30.9,0.622,ALTO
2022,11,Nov,24011,Seridó Ocidental,RN,Central Potiguar,-6.4889,-37.1675,True,100.0,80,55.1,48.3,30.9,0.52,ALTO
2022,12,Dez,24011,Seridó Ocidental,RN,Central Potiguar,-6.4889,-37.1675,True,100.0,73,33.1,50.6,30.5,0.553,ALTO
2023,1,Jan,24011,Seridó Ocidental,RN,Central Potiguar,-6.4889,-37.1675,True,100.0,55,51.5,45.9,30.4,0.576,ALTO
2023,2,Fev,24011,Seridó Ocidental,RN,Central Potiguar,-6.4889,-37.1675,True,100.0,15,163.0,47.6,30.6,0.33,MEDIO
2023,3,Mar,24011,Seridó Ocidental,RN,Central Potiguar,-6.4889,-37.1675,True,100.0,10,251.8,47.2,30.6,0.33,MEDIO
2023,4,Abr,24011,Seridó Ocidental,RN,Central Potiguar,-6.4889,-37.1675,True,100.0,0,139.1,45.3,30.7,0.359,MEDIO
2023,5,Mai,24011,Seridó Ocidental,RN,Central Potiguar,-6.4889,-37.1675,True,100.0,6,62.6,47.6,30.3,0.512,ALTO
2023,6,Jun,24011,Seridó Ocidental,RN,Central Potiguar,-6.4889,-37.1675,True,100.0,7,20.0,48.0,30.2,0.602,ALTO
2023,7,Jul,24011,Seridó Ocidental,RN,Central Potiguar,-6.4889,-37.1675,True,100.0,13,19.8,47.7,30.2,0.607,ALTO
2023,8,Ago,24011,Seridó Ocidental,RN,Central Potiguar,-6.4889,-37.1675,True,100.0,27,1.8,47.9,30.3,0.636,ALTO
2023,9,Set,24011,Seridó Ocidental,RN,Central Potiguar,-6.4889,-37.1675,True,100.0,28,0.9,45.8,30.4,0.649,ALTO
2023,10,Out,24011,Seridó Ocidental,RN,Central Potiguar,-6.4889,-37.1675,True,100.0,74,1.8,46.1,30.2,0.675,ALTO
2023,11,Nov,24011,Seridó Ocidental,RN,Central Potiguar,-6.4889,-37.1675,True,100.0,93,15.1,44.9,30.2,0.683,ALTO
2023,12,Dez,24011,Seridó Ocidental,RN,Central Potiguar,-6.4889,-37.1675,True,100.0,102,39.8,44.2,30.7,0.64,ALTO
2024,1,Jan,24011,Seridó Ocidental,RN,Central Potiguar,-6.4889,-37.1675,True,100.0,34,42.5,57.6,28.4,0.47,MEDIO
2024,2,Fev,24011,Seridó Ocidental,RN,Central Potiguar,-6.4889,-37.1675,True,100.0,20,137.3,55.9,28.9,0.281,BAIXO
2024,3,Mar,24011,Seridó Ocidental,RN,Central Potiguar,-6.4889,-37.1675,True,100.0,1,203.1,57.6,28.7,0.227,BAIXO
2024,4,Abr,24011,Seridó Ocidental,RN,Central Potiguar,-6.4889,-37.1675,True,100.0,0,132.6,57.2,28.5,0.261,BAIXO
2024,5,Mai,24011,Seridó Ocidental,RN,Central Potiguar,-6.4889,-37.1675,True,100.0,1,66.1,56.7,28.6,0.41,MEDIO
2024,6,Jun,24011,Seridó Ocidental,RN,Central Potiguar,-6.4889,-37.1675,True,100.0,5,20.6,57.0,28.6,0.508,ALTO
2024,7,Jul,24011,Seridó Ocidental,RN,Central Potiguar,-6.4889,-37.1675,True,100.0,33,6.3,57.2,28.6,0.546,ALTO
2024,8,Ago,24011,Seridó Ocidental,RN,Central Potiguar,-6.4889,-37.1675,True,100.0,27,1.6,56.1,28.8,0.554,ALTO
2024,9,Set,24011,Seridó Ocidental,RN,Central Potiguar,-6.4889,-37.1675,True,100.0,48,0.9,56.8,29.0,0.568,ALTO
2024,10,Out,24011,Seridó Ocidental,RN,Central Potiguar,-6.4889,-37.1675,True,100.0,85,2.0,57.2,28.6,0.577,ALTO
2024,11,Nov,24011,Seridó Ocidental,RN,Central Potiguar,-6.4889,-37.1675,True,100.0,201,1.8,56.3,28.7,0.655,ALTO
2024,12,Dez,24011,Seridó Ocidental,RN,Central Potiguar,-6.4889,-37.1675,True,100.0,130,37.8,57.4,28.9,0.551,ALTO
2022,1,Jan,24012,Seridó Oriental,RN,Central Potiguar,-6.5016,-36.6555,True,100.0,20,93.0,64.0,27.6,0.281,BAIXO
2022,2,Fev,24012,Seridó Oriental,RN,Central Potiguar,-6.5016,-36.6555,True,100.0,13,54.3,64.7,27.6,0.359,MEDIO
2022,3,Mar,24012,Seridó Oriental,RN,Central Potiguar,-6.5016,-36.6555,True,100.0,4,238.6,64.9,27.8,0.158,BAIXO
2022,4,Abr,24012,Seridó Oriental,RN,Central Potiguar,-6.5016,-36.6555,True,100.0,0,122.3,62.8,27.8,0.23,BAIXO
2022,5,Mai,24012,Seridó Oriental,RN,Central Potiguar,-6.5016,-36.6555,True,100.0,0,92.3,63.2,27.7,0.29,BAIXO
2022,6,Jun,24012,Seridó Oriental,RN,Central Potiguar,-6.5016,-36.6555,True,100.0,0,90.4,63.6,27.8,0.296,BAIXO
2022,7,Jul,24012,Seridó Oriental,RN,Central Potiguar,-6.5016,-36.6555,True,100.0,3,21.2,62.9,27.9,0.449,MEDIO
2022,8,Ago,24012,Seridó Oriental,RN,Central Potiguar,-6.5016,-36.6555,True,100.0,5,11.5,64.4,27.9,0.461,MEDIO
2022,9,Set,24012,Seridó Oriental,RN,Central Potiguar,-6.5016,-36.6555,True,100.0,61,1.9,64.4,28.1,0.469,MEDIO
2022,10,Out,24012,Seridó Oriental,RN,Central Potiguar,-6.5016,-36.6555,True,100.0,13,3.2,64.1,27.7,0.461,MEDIO
2022,11,Nov,24012,Seridó Oriental,RN,Central Potiguar,-6.5016,-36.6555,True,100.0,48,20.2,62.0,27.7,0.452,MEDIO
2022,12,Dez,24012,Seridó Oriental,RN,Central Potiguar,-6.5016,-36.6555,True,100.0,24,33.1,62.9,28.0,0.426,MEDIO
2023,1,Jan,24012,Seridó Oriental,RN,Central Potiguar,-6.5016,-36.6555,True,100.0,21,29.9,64.0,27.6,0.429,MEDIO
2023,2,Fev,24012,Seridó Oriental,RN,Central Potiguar,-6.5016,-36.6555,True,100.0,9,106.4,64.7,27.6,0.253,BAIXO
2023,3,Mar,24012,Seridó Oriental,RN,Central Potiguar,-6.5016,-36.6555,True,100.0,3,224.6,64.9,27.8,0.16,BAIXO
2023,4,Abr,24012,Seridó Oriental,RN,Central Potiguar,-6.5016,-36.6555,True,100.0,1,118.8,62.8,27.8,0.238,BAIXO
2023,5,Mai,24012,Seridó Oriental,RN,Central Potiguar,-6.5016,-36.6555,True,100.0,0,44.7,63.2,27.7,0.392,MEDIO
2023,6,Jun,24012,Seridó Oriental,RN,Central Potiguar,-6.5016,-36.6555,True,100.0,1,21.4,63.6,27.8,0.444,MEDIO
2023,7,Jul,24012,Seridó Oriental,RN,Central Potiguar,-6.5016,-36.6555,True,100.0,9,13.9,62.9,27.9,0.47,MEDIO
2023,8,Ago,24012,Seridó Oriental,RN,Central Potiguar,-6.5016,-36.6555,True,100.0,15,3.1,64.4,27.9,0.473,MEDIO
2023,9,Set,24012,Seridó Oriental,RN,Central Potiguar,-6.5016,-36.6555,True,100.0,14,2.1,64.4,28.1,0.477,MEDIO
2023,10,Out,24012,Seridó Oriental,RN,Central Potiguar,-6.5016,-36.6555,True,100.0,34,2.3,64.1,27.7,0.481,MEDIO
2023,11,Nov,24012,Seridó Oriental,RN,Central Potiguar,-6.5016,-36.6555,True,100.0,38,12.9,62.0,27.7,0.49,MEDIO
2023,12,Dez,24012,Seridó Oriental,RN,Central Potiguar,-6.5016,-36.6555,True,100.0,16,22.5,62.9,28.0,0.458,MEDIO
2024,1,Jan,24012,Seridó Oriental,RN,Central Potiguar,-6.5016,-36.6555,True,100.0,40,35.5,64.0,27.6,0.428,MEDIO
2024,2,Fev,24012,Seridó Oriental,RN,Central Potiguar,-6.5016,-36.6555,True,100.0,7,153.6,64.7,27.6,0.159,BAIXO
2024,3,Mar,24012,Seridó Oriental,RN,Central Potiguar,-6.5016,-36.6555,True,100.0,0,203.8,64.9,27.8,0.158,BAIXO
2024,4,Abr,24012,Seridó Oriental,RN,Central Potiguar,-6.5016,-36.6555,True,100.0,1,103.2,62.8,27.8,0.272,BAIXO
2024,5,Mai,24012,Seridó Oriental,RN,Central Potiguar,-6.5016,-36.6555,True,100.0,3,41.3,63.2,27.7,0.401,MEDIO
2024,6,Jun,24012,Seridó Oriental,RN,Central Potiguar,-6.5016,-36.6555,True,100.0,0,33.9,63.6,27.8,0.417,MEDIO
2024,7,Jul,24012,Seridó Oriental,RN,Central Potiguar,-6.5016,-36.6555,True,100.0,7,8.3,62.9,27.9,0.477,MEDIO
2024,8,Ago,24012,Seridó Oriental,RN,Central Potiguar,-6.5016,-36.6555,True,100.0,19,1.9,64.4,27.9,0.475,MEDIO
2024,9,Set,24012,Seridó Oriental,RN,Central Potiguar,-6.5016,-36.6555,True,100.0,14,1.7,64.4,28.1,0.477,MEDIO
2024,10,Out,24012,Seridó Oriental,RN,Central Potiguar,-6.5016,-36.6555,True,100.0,24,2.5,64.1,27.7,0.475,MEDIO
2024,11,Nov,24012,Seridó Oriental,RN,Central Potiguar,-6.5016,-36.6555,True,100.0,40,1.9,62.0,27.7,0.497,MEDIO
2024,12,Dez,24012,Seridó Oriental,RN,Central Potiguar,-6.5016,-36.6555,True,100.0,37,14.8,62.9,28.0,0.488,MEDIO
2022,1,Jan,24013,Baixa Verde,RN,Agreste Potiguar,-5.4641,-35.9139,True,100.0,15,88.4,64.0,27.6,0.291,BAIXO
2022,2,Fev,24013,Baixa Verde,RN,Agreste Potiguar,-5.4641,-35.9139,True,100.0,13,54.2,64.7,27.6,0.36,MEDIO
2022,3,Mar,24013,Baixa Verde,RN,Agreste Potiguar,-5.4641,-35.9139,True,100.0,4,236.6,64.9,27.8,0.158,BAIXO
2022,4,Abr,24013,Baixa Verde,RN,Agreste Potiguar,-5.4641,-35.9139,True,100.0,0,87.8,62.8,27.8,0.304,MEDIO
2022,5,Mai,24013,Baixa Verde,RN,Agreste Potiguar,-5.4641,-35.9139,True,100.0,0,140.3,63.2,27.7,0.187,BAIXO
2022,6,Jun,24013,Baixa Verde,RN,Agreste Potiguar,-5.4641,-35.9139,True,100.0,0,114.6,63.6,27.8,0.244,BAIXO
2022,7,Jul,24013,Baixa Verde,RN,Agreste Potiguar,-5.4641,-35.9139,True,100.0,27,159.3,62.9,27.9,0.173,BAIXO
2022,8,Ago,24013,Baixa Verde,RN,Agreste Potiguar,-5.4641,-35.9139,True,100.0,23,31.0,64.4,27.9,0.419,MEDIO
2022,9,Set,24013,Baixa Verde,RN,Agreste Potiguar,-5.4641,-35.9139,True,100.0,6,8.3,64.4,28.1,0.469,MEDIO
2022,10,Out,24013,Baixa Verde,RN,Agreste Potiguar,-5.4641,-35.9139,True,100.0,11,4.0,64.1,27.7,0.461,MEDIO
2022,11,Nov,24013,Baixa Verde,RN,Agreste Potiguar,-5.4641,-35.9139,True,100.0,14,7.3,62.0,27.7,0.473,MEDIO
2022,12,Dez,24013,Baixa Verde,RN,Agreste Potiguar,-5.4641,-35.9139,True,100.0,43,11.3,62.9,28.0,0.473,MEDIO
2023,1,Jan,24013,Baixa Verde,RN,Agreste Potiguar,-5.4641,-35.9139,True,100.0,24,23.4,64.0,27.6,0.444,MEDIO
2023,2,Fev,24013,Baixa Verde,RN,Agreste Potiguar,-5.4641,-35.9139,True,100.0,32,53.6,64.7,27.6,0.38,MEDIO
2023,3,Mar,24013,Baixa Verde,RN,Agreste Potiguar,-5.4641,-35.9139,True,100.0,10,215.0,64.9,27.8,0.164,BAIXO
2023,4,Abr,24013,Baixa Verde,RN,Agreste Potiguar,-5.4641,-35.9139,True,100.0,2,130.0,62.8,27.8,0.215,BAIXO
2023,5,Mai,24013,Baixa Verde,RN,Agreste Potiguar,-5.4641,-35.9139,True,100.0,2,38.5,63.2,27.7,0.406,MEDIO
2023,6,Jun,24013,Baixa Verde,RN,Agreste Potiguar,-5.4641,-35.9139,True,100.0,7,62.1,63.6,27.8,0.36,MEDIO
2023,7,Jul,24013,Baixa Verde,RN,Agreste Potiguar,-5.4641,-35.9139,True,100.0,4,50.5,62.9,27.9,0.389,MEDIO
2023,8,Ago,24013,Baixa Verde,RN,Agreste Potiguar,-5.4641,-35.9139,True,100.0,7,21.6,64.4,27.9,0.443,MEDIO
2023,9,Set,24013,Baixa Verde,RN,Agreste Potiguar,-5.4641,-35.9139,True,100.0,46,13.4,64.4,28.1,0.489,MEDIO
2023,10,Out,24013,Baixa Verde,RN,Agreste Potiguar,-5.4641,-35.9139,True,100.0,82,2.2,64.1,27.7,0.51,ALTO
2023,11,Nov,24013,Baixa Verde,RN,Agreste Potiguar,-5.4641,-35.9139,True,100.0,75,37.8,62.0,27.7,0.459,MEDIO
2023,12,Dez,24013,Baixa Verde,RN,Agreste Potiguar,-5.4641,-35.9139,True,100.0,23,25.3,62.9,28.0,0.457,MEDIO
2024,1,Jan,24013,Baixa Verde,RN,Agreste Potiguar,-5.4641,-35.9139,True,100.0,63,32.1,64.0,27.6,0.449,MEDIO
2024,2,Fev,24013,Baixa Verde,RN,Agreste Potiguar,-5.4641,-35.9139,True,100.0,38,112.7,64.7,27.6,0.257,BAIXO
2024,3,Mar,24013,Baixa Verde,RN,Agreste Potiguar,-5.4641,-35.9139,True,100.0,6,180.5,64.9,27.8,0.162,BAIXO
2024,4,Abr,24013,Baixa Verde,RN,Agreste Potiguar,-5.4641,-35.9139,True,100.0,3,162.3,62.8,27.8,0.173,BAIXO
2024,5,Mai,24013,Baixa Verde,RN,Agreste Potiguar,-5.4641,-35.9139,True,100.0,6,77.3,63.2,27.7,0.326,MEDIO
2024,6,Jun,24013,Baixa Verde,RN,Agreste Potiguar,-5.4641,-35.9139,True,100.0,3,244.8,63.6,27.8,0.17,BAIXO
2024,7,Jul,24013,Baixa Verde,RN,Agreste Potiguar,-5.4641,-35.9139,True,100.0,2,59.8,62.9,27.9,0.368,MEDIO
2024,8,Ago,24013,Baixa Verde,RN,Agreste Potiguar,-5.4641,-35.9139,True,100.0,17,13.0,64.4,27.9,0.468,MEDIO
2024,9,Set,24013,Baixa Verde,RN,Agreste Potiguar,-5.4641,-35.9139,True,100.0,24,7.2,64.4,28.1,0.483,MEDIO
2024,10,Out,24013,Baixa Verde,RN,Agreste Potiguar,-5.4641,-35.9139,True,100.0,34,3.3,64.1,27.7,0.481,MEDIO
2024,11,Nov,24013,Baixa Verde,RN,Agreste Potiguar,-5.4641,-35.9139,True,100.0,131,2.8,62.0,27.7,0.552,ALTO
2024,12,Dez,24013,Baixa Verde,RN,Agreste Potiguar,-5.4641,-35.9139,True,100.0,36,10.0,62.9,28.0,0.497,MEDIO
2022,1,Jan,24014,Borborema Potiguar,RN,Agreste Potiguar,-6.1795,-35.9929,True,100.0,41,92.7,61.8,26.0,0.255,BAIXO
2022,2,Fev,24014,Borborema Potiguar,RN,Agreste Potiguar,-6.1795,-35.9929,True,100.0,17,32.0,61.8,26.1,0.388,MEDIO
2022,3,Mar,24014,Borborema Potiguar,RN,Agreste Potiguar,-6.1795,-35.9929,True,100.0,5,201.3,59.4,26.6,0.163,BAIXO
2022,4,Abr,24014,Borborema Potiguar,RN,Agreste Potiguar,-6.1795,-35.9929,True,100.0,0,87.0,65.2,25.7,0.239,BAIXO
2022,5,Mai,24014,Borborema Potiguar,RN,Agreste Potiguar,-6.1795,-35.9929,True,100.0,0,89.4,64.6,25.9,0.242,BAIXO
2022,6,Jun,24014,Borborema Potiguar,RN,Agreste Potiguar,-6.1795,-35.9929,True,100.0,0,85.9,63.1,26.8,0.282,BAIXO
2022,7,Jul,24014,Borborema Potiguar,RN,Agreste Potiguar,-6.1795,-35.9929,True,100.0,0,101.6,64.0,26.2,0.227,BAIXO
2022,8,Ago,24014,Borborema Potiguar,RN,Agreste Potiguar,-6.1795,-35.9929,True,100.0,0,39.6,56.5,27.0,0.427,MEDIO
2022,9,Set,24014,Borborema Potiguar,RN,Agreste Potiguar,-6.1795,-35.9929,True,100.0,5,8.0,61.1,26.7,0.454,MEDIO
2022,10,Out,24014,Borborema Potiguar,RN,Agreste Potiguar,-6.1795,-35.9929,True,100.0,8,6.9,62.8,26.6,0.441,MEDIO
2022,11,Nov,24014,Borborema Potiguar,RN,Agreste Potiguar,-6.1795,-35.9929,True,100.0,13,12.9,59.9,27.0,0.463,MEDIO
2022,12,Dez,24014,Borborema Potiguar,RN,Agreste Potiguar,-6.1795,-35.9929,True,100.0,27,24.6,62.4,26.4,0.407,MEDIO
2023,1,Jan,24014,Borborema Potiguar,RN,Agreste Potiguar,-6.1795,-35.9929,True,100.0,20,29.7,64.2,26.8,0.407,MEDIO
2023,2,Fev,24014,Borborema Potiguar,RN,Agreste Potiguar,-6.1795,-35.9929,True,100.0,13,40.6,68.4,26.6,0.348,MEDIO
2023,3,Mar,24014,Borborema Potiguar,RN,Agreste Potiguar,-6.1795,-35.9929,True,100.0,2,186.5,66.8,26.8,0.122,BAIXO
2023,4,Abr,24014,Borborema Potiguar,RN,Agreste Potiguar,-6.1795,-35.9929,True,100.0,0,100.9,62.6,27.1,0.26,BAIXO
2023,5,Mai,24014,Borborema Potiguar,RN,Agreste Potiguar,-6.1795,-35.9929,True,100.0,1,48.5,63.2,26.9,0.364,MEDIO
2023,6,Jun,24014,Borborema Potiguar,RN,Agreste Potiguar,-6.1795,-35.9929,True,100.0,1,68.9,64.8,26.7,0.306,MEDIO
2023,7,Jul,24014,Borborema Potiguar,RN,Agreste Potiguar,-6.1795,-35.9929,True,100.0,1,41.8,66.0,26.7,0.356,MEDIO
2023,8,Ago,24014,Borborema Potiguar,RN,Agreste Potiguar,-6.1795,-35.9929,True,100.0,7,32.9,67.5,26.3,0.36,MEDIO
2023,9,Set,24014,Borborema Potiguar,RN,Agreste Potiguar,-6.1795,-35.9929,True,100.0,11,14.7,69.3,26.1,0.385,MEDIO
2023,10,Out,24014,Borborema Potiguar,RN,Agreste Potiguar,-6.1795,-35.9929,True,100.0,38,3.7,65.7,26.7,0.448,MEDIO
2023,11,Nov,24014,Borborema Potiguar,RN,Agreste Potiguar,-6.1795,-35.9929,True,100.0,37,37.6,64.2,26.6,0.396,MEDIO
2023,12,Dez,24014,Borborema Potiguar,RN,Agreste Potiguar,-6.1795,-35.9929,True,100.0,54,32.2,63.7,26.8,0.425,MEDIO
2024,1,Jan,24014,Borborema Potiguar,RN,Agreste Potiguar,-6.1795,-35.9929,True,100.0,15,45.9,59.0,27.6,0.422,MEDIO
2024,2,Fev,24014,Borborema Potiguar,RN,Agreste Potiguar,-6.1795,-35.9929,True,100.0,11,118.3,60.0,27.6,0.258,BAIXO
2024,3,Mar,24014,Borborema Potiguar,RN,Agreste Potiguar,-6.1795,-35.9929,True,100.0,1,174.3,59.5,27.9,0.195,BAIXO
2024,4,Abr,24014,Borborema Potiguar,RN,Agreste Potiguar,-6.1795,-35.9929,True,100.0,0,132.2,58.8,27.7,0.232,BAIXO
2024,5,Mai,24014,Borborema Potiguar,RN,Agreste Potiguar,-6.1795,-35.9929,True,100.0,2,69.1,60.3,27.6,0.356,MEDIO
2024,6,Jun,24014,Borborema Potiguar,RN,Agreste Potiguar,-6.1795,-35.9929,True,100.0,0,150.5,60.9,27.5,0.176,BAIXO
2024,7,Jul,24014,Borborema Potiguar,RN,Agreste Potiguar,-6.1795,-35.9929,True,100.0,3,31.4,56.4,28.1,0.475,MEDIO
2024,8,Ago,24014,Borborema Potiguar,RN,Agreste Potiguar,-6.1795,-35.9929,True,100.0,14,12.1,57.1,28.3,0.523,ALTO
2024,9,Set,24014,Borborema Potiguar,RN,Agreste Potiguar,-6.1795,-35.9929,True,100.0,7,5.1,55.1,28.6,0.544,ALTO
2024,10,Out,24014,Borborema Potiguar,RN,Agreste Potiguar,-6.1795,-35.9929,True,100.0,20,5.4,54.7,28.2,0.544,ALTO
2024,11,Nov,24014,Borborema Potiguar,RN,Agreste Potiguar,-6.1795,-35.9929,True,100.0,62,3.3,58.5,27.5,0.528,ALTO
2024,12,Dez,24014,Borborema Potiguar,RN,Agreste Potiguar,-6.1795,-35.9929,True,100.0,68,12.7,55.5,28.2,0.562,ALTO
2022,1,Jan,24015,Agreste Potiguar,RN,Agreste Potiguar,-6.087,-35.5844,True,100.0,74,86.6,64.0,27.6,0.295,BAIXO
2022,2,Fev,24015,Agreste Potiguar,RN,Agreste Potiguar,-6.087,-35.5844,True,100.0,36,30.3,64.7,27.6,0.411,MEDIO
2022,3,Mar,24015,Agreste Potiguar,RN,Agreste Potiguar,-6.087,-35.5844,True,100.0,15,270.2,64.9,27.8,0.158,BAIXO
2022,4,Abr,24015,Agreste Potiguar,RN,Agreste Potiguar,-6.087,-35.5844,True,100.0,4,95.3,62.8,27.8,0.288,BAIXO
2022,5,Mai,24015,Agreste Potiguar,RN,Agreste Potiguar,-6.087,-35.5844,True,100.0,4,131.2,63.2,27.7,0.207,BAIXO
2022,6,Jun,24015,Agreste Potiguar,RN,Agreste Potiguar,-6.087,-35.5844,True,100.0,1,132.2,63.6,27.8,0.206,BAIXO
2022,7,Jul,24015,Agreste Potiguar,RN,Agreste Potiguar,-6.087,-35.5844,True,100.0,0,185.7,62.9,27.9,0.173,BAIXO
2022,8,Ago,24015,Agreste Potiguar,RN,Agreste Potiguar,-6.087,-35.5844,True,100.0,4,52.5,64.4,27.9,0.373,MEDIO
2022,9,Set,24015,Agreste Potiguar,RN,Agreste Potiguar,-6.087,-35.5844,True,100.0,18,14.1,64.4,28.1,0.46,MEDIO
2022,10,Out,24015,Agreste Potiguar,RN,Agreste Potiguar,-6.087,-35.5844,True,100.0,31,10.4,64.1,27.7,0.46,MEDIO
2022,11,Nov,24015,Agreste Potiguar,RN,Agreste Potiguar,-6.087,-35.5844,True,100.0,34,14.0,62.0,27.7,0.465,MEDIO
2022,12,Dez,24015,Agreste Potiguar,RN,Agreste Potiguar,-6.087,-35.5844,True,100.0,85,23.2,62.9,28.0,0.447,MEDIO
2023,1,Jan,24015,Agreste Potiguar,RN,Agreste Potiguar,-6.087,-35.5844,True,100.0,85,37.8,64.0,27.6,0.45,MEDIO
2023,2,Fev,24015,Agreste Potiguar,RN,Agreste Potiguar,-6.087,-35.5844,True,100.0,49,42.0,64.7,27.6,0.415,MEDIO
2023,3,Mar,24015,Agreste Potiguar,RN,Agreste Potiguar,-6.087,-35.5844,True,100.0,13,232.2,64.9,27.8,0.166,BAIXO
2023,4,Abr,24015,Agreste Potiguar,RN,Agreste Potiguar,-6.087,-35.5844,True,100.0,14,124.4,62.8,27.8,0.234,BAIXO
2023,5,Mai,24015,Agreste Potiguar,RN,Agreste Potiguar,-6.087,-35.5844,True,100.0,20,52.6,63.2,27.7,0.387,MEDIO
2023,6,Jun,24015,Agreste Potiguar,RN,Agreste Potiguar,-6.087,-35.5844,True,100.0,14,92.1,63.6,27.8,0.3,MEDIO
2023,7,Jul,24015,Agreste Potiguar,RN,Agreste Potiguar,-6.087,-35.5844,True,100.0,32,60.4,62.9,27.9,0.384,MEDIO
2023,8,Ago,24015,Agreste Potiguar,RN,Agreste Potiguar,-6.087,-35.5844,True,100.0,19,45.5,64.4,27.9,0.399,MEDIO
2023,9,Set,24015,Agreste Potiguar,RN,Agreste Potiguar,-6.087,-35.5844,True,100.0,38,26.9,64.4,28.1,0.455,MEDIO
2023,10,Out,24015,Agreste Potiguar,RN,Agreste Potiguar,-6.087,-35.5844,True,100.0,66,4.2,64.1,27.7,0.5,ALTO
2023,11,Nov,24015,Agreste Potiguar,RN,Agreste Potiguar,-6.087,-35.5844,True,100.0,110,63.9,62.0,27.7,0.424,MEDIO
2023,12,Dez,24015,Agreste Potiguar,RN,Agreste Potiguar,-6.087,-35.5844,True,100.0,80,33.9,62.9,28.0,0.472,MEDIO
2024,1,Jan,24015,Agreste Potiguar,RN,Agreste Potiguar,-6.087,-35.5844,True,100.0,97,53.6,64.0,27.6,0.424,MEDIO
2024,2,Fev,24015,Agreste Potiguar,RN,Agreste Potiguar,-6.087,-35.5844,True,100.0,75,110.6,64.7,27.6,0.284,BAIXO
2024,3,Mar,24015,Agreste Potiguar,RN,Agreste Potiguar,-6.087,-35.5844,True,100.0,20,175.8,64.9,27.8,0.17,BAIXO
2024,4,Abr,24015,Agreste Potiguar,RN,Agreste Potiguar,-6.087,-35.5844,True,100.0,14,160.3,62.8,27.8,0.179,BAIXO
2024,5,Mai,24015,Agreste Potiguar,RN,Agreste Potiguar,-6.087,-35.5844,True,100.0,19,110.2,63.2,27.7,0.263,BAIXO
2024,6,Jun,24015,Agreste Potiguar,RN,Agreste Potiguar,-6.087,-35.5844,True,100.0,11,161.2,63.6,27.8,0.174,BAIXO
2024,7,Jul,24015,Agreste Potiguar,RN,Agreste Potiguar,-6.087,-35.5844,True,100.0,4,55.6,62.9,27.9,0.378,MEDIO
2024,8,Ago,24015,Agreste Potiguar,RN,Agreste Potiguar,-6.087,-35.5844,True,100.0,35,15.0,64.4,27.9,0.474,MEDIO
2024,9,Set,24015,Agreste Potiguar,RN,Agreste Potiguar,-6.087,-35.5844,True,100.0,45,9.4,64.4,28.1,0.496,MEDIO
2024,10,Out,24015,Agreste Potiguar,RN,Agreste Potiguar,-6.087,-35.5844,True,100.0,114,9.0,64.1,27.7,0.529,ALTO
2024,11,Nov,24015,Agreste Potiguar,RN,Agreste Potiguar,-6.087,-35.5844,True,100.0,148,4.4,62.0,27.7,0.562,ALTO
2024,12,Dez,24015,Agreste Potiguar,RN,Agreste Potiguar,-6.087,-35.5844,True,100.0,186,14.2,62.9,28.0,0.578,ALTO
2022,1,Jan,24016,Litoral Nordeste,RN,Leste Potiguar,-5.3376,-35.6192,True,86.0,108,98.4,71.3,25.3,0.166,BAIXO
2022,2,Fev,24016,Litoral Nordeste,RN,Leste Potiguar,-5.3376,-35.6192,True,86.0,37,55.2,85.1,24.3,0.211,BAIXO
2022,3,Mar,24016,Litoral Nordeste,RN,Leste Potiguar,-5.3376,-35.6192,True,86.0,9,309.8,83.3,24.5,0.012,BAIXO
2022,4,Abr,24016,Litoral Nordeste,RN,Leste Potiguar,-5.3376,-35.6192,True,86.0,10,111.9,62.8,24.0,0.158,BAIXO
2022,5,Mai,24016,Litoral Nordeste,RN,Leste Potiguar,-5.3376,-35.6192,True,86.0,13,194.3,63.2,27.7,0.166,BAIXO
2022,6,Jun,24016,Litoral Nordeste,RN,Leste Potiguar,-5.3376,-35.6192,True,86.0,14,196.1,63.6,27.8,0.168,BAIXO
2022,7,Jul,24016,Litoral Nordeste,RN,Leste Potiguar,-5.3376,-35.6192,True,86.0,1,260.4,58.2,28.2,0.21,BAIXO
2022,8,Ago,24016,Litoral Nordeste,RN,Leste Potiguar,-5.3376,-35.6192,True,86.0,9,48.3,65.4,26.4,0.338,MEDIO
2022,9,Set,24016,Litoral Nordeste,RN,Leste Potiguar,-5.3376,-35.6192,True,86.0,14,11.1,90.5,24.9,0.32,MEDIO
2022,10,Out,24016,Litoral Nordeste,RN,Leste Potiguar,-5.3376,-35.6192,True,86.0,20,7.0,94.8,26.8,0.37,MEDIO
2022,11,Nov,24016,Litoral Nordeste,RN,Leste Potiguar,-5.3376,-35.6192,True,86.0,61,10.3,62.0,27.4,0.465,MEDIO
2022,12,Dez,24016,Litoral Nordeste,RN,Leste Potiguar,-5.3376,-35.6192,True,86.0,161,15.0,93.0,28.4,0.399,MEDIO
2023,1,Jan,24016,Litoral Nordeste,RN,Leste Potiguar,-5.3376,-35.6192,True,86.0,74,36.0,64.0,27.6,0.447,MEDIO
2023,2,Fev,24016,Litoral Nordeste,RN,Leste Potiguar,-5.3376,-35.6192,True,86.0,55,52.0,64.7,27.6,0.397,MEDIO
2023,3,Mar,24016,Litoral Nordeste,RN,Leste Potiguar,-5.3376,-35.6192,True,86.0,9,275.0,64.9,27.8,0.164,BAIXO
2023,4,Abr,24016,Litoral Nordeste,RN,Leste Potiguar,-5.3376,-35.6192,True,86.0,3,162.3,62.8,27.8,0.173,BAIXO
2023,5,Mai,24016,Litoral Nordeste,RN,Leste Potiguar,-5.3376,-35.6192,True,86.0,7,51.7,63.2,27.7,0.381,MEDIO
2023,6,Jun,24016,Litoral Nordeste,RN,Leste Potiguar,-5.3376,-35.6192,True,86.0,20,99.7,63.6,27.8,0.288,BAIXO
2023,7,Jul,24016,Litoral Nordeste,RN,Leste Potiguar,-5.3376,-35.6192,True,86.0,14,66.7,62.9,27.9,0.36,MEDIO
2023,8,Ago,24016,Litoral Nordeste,RN,Leste Potiguar,-5.3376,-35.6192,True,86.0,12,36.0,64.4,27.9,0.415,MEDIO
2023,9,Set,24016,Litoral Nordeste,RN,Leste Potiguar,-5.3376,-35.6192,True,86.0,37,19.0,64.4,28.1,0.472,MEDIO
2023,10,Out,24016,Litoral Nordeste,RN,Leste Potiguar,-5.3376,-35.6192,True,86.0,152,4.1,64.1,27.7,0.552,ALTO
2023,11,Nov,24016,Litoral Nordeste,RN,Leste Potiguar,-5.3376,-35.6192,True,86.0,343,53.8,62.0,27.7,0.585,ALTO
2023,12,Dez,24016,Litoral Nordeste,RN,Leste Potiguar,-5.3376,-35.6192,True,86.0,146,35.5,62.9,28.0,0.509,ALTO
2024,1,Jan,24016,Litoral Nordeste,RN,Leste Potiguar,-5.3376,-35.6192,True,86.0,120,25.6,44.0,26.7,0.6,ALTO
2024,2,Fev,24016,Litoral Nordeste,RN,Leste Potiguar,-5.3376,-35.6192,True,86.0,51,124.3,42.2,26.6,0.356,MEDIO
2024,3,Mar,24016,Litoral Nordeste,RN,Leste Potiguar,-5.3376,-35.6192,True,86.0,37,207.0,43.8,27.0,0.292,BAIXO
2024,4,Abr,24016,Litoral Nordeste,RN,Leste Potiguar,-5.3376,-35.6192,True,86.0,26,209.3,40.1,26.9,0.306,MEDIO
2024,5,Mai,24016,Litoral Nordeste,RN,Leste Potiguar,-5.3376,-35.6192,True,86.0,27,124.2,38.9,27.2,0.377,MEDIO
2024,6,Jun,24016,Litoral Nordeste,RN,Leste Potiguar,-5.3376,-35.6192,True,86.0,5,318.0,37.9,26.8,0.305,MEDIO
2024,7,Jul,24016,Litoral Nordeste,RN,Leste Potiguar,-5.3376,-35.6192,True,86.0,20,75.1,40.7,27.1,0.464,MEDIO
2024,8,Ago,24016,Litoral Nordeste,RN,Leste Potiguar,-5.3376,-35.6192,True,86.0,22,19.9,44.2,27.2,0.564,ALTO
2024,9,Set,24016,Litoral Nordeste,RN,Leste Potiguar,-5.3376,-35.6192,True,86.0,45,9.1,45.4,27.4,0.597,ALTO
2024,10,Out,24016,Litoral Nordeste,RN,Leste Potiguar,-5.3376,-35.6192,True,86.0,156,5.9,43.1,27.2,0.673,ALTO
2024,11,Nov,24016,Litoral Nordeste,RN,Leste Potiguar,-5.3376,-35.6192,True,86.0,401,5.7,41.9,27.2,0.827,CRITICO
2024,12,Dez,24016,Litoral Nordeste,RN,Leste Potiguar,-5.3376,-35.6192,True,86.0,265,10.7,39.3,27.3,0.763,CRITICO
2022,1,Jan,24017,Macaíba,RN,Leste Potiguar,-5.8327,-35.352,True,80.0,29,110.1,64.0,27.6,0.244,BAIXO
2022,2,Fev,24017,Macaíba,RN,Leste Potiguar,-5.8327,-35.352,True,80.0,13,36.8,64.7,27.6,0.397,MEDIO
2022,3,Mar,24017,Macaíba,RN,Leste Potiguar,-5.8327,-35.352,True,80.0,3,371.2,64.9,27.8,0.158,BAIXO
2022,4,Abr,24017,Macaíba,RN,Leste Potiguar,-5.8327,-35.352,True,80.0,10,127.2,62.8,27.8,0.22,BAIXO
2022,5,Mai,24017,Macaíba,RN,Leste Potiguar,-5.8327,-35.352,True,80.0,0,208.4,63.2,27.7,0.166,BAIXO
2022,6,Jun,24017,Macaíba,RN,Leste Potiguar,-5.8327,-35.352,True,80.0,0,200.5,63.6,27.8,0.168,BAIXO
2022,7,Jul,24017,Macaíba,RN,Leste Potiguar,-5.8327,-35.352,True,80.0,0,342.9,62.9,27.9,0.173,BAIXO
2022,8,Ago,24017,Macaíba,RN,Leste Potiguar,-5.8327,-35.352,True,80.0,8,83.3,64.4,27.9,0.307,MEDIO
2022,9,Set,24017,Macaíba,RN,Leste Potiguar,-5.8327,-35.352,True,80.0,13,21.8,64.4,28.1,0.443,MEDIO
2022,10,Out,24017,Macaíba,RN,Leste Potiguar,-5.8327,-35.352,True,80.0,13,16.4,64.1,27.7,0.447,MEDIO
2022,11,Nov,24017,Macaíba,RN,Leste Potiguar,-5.8327,-35.352,True,80.0,36,15.6,62.0,27.7,0.461,MEDIO
2022,12,Dez,24017,Macaíba,RN,Leste Potiguar,-5.8327,-35.352,True,80.0,48,28.9,62.9,28.0,0.435,MEDIO
2023,1,Jan,24017,Macaíba,RN,Leste Potiguar,-5.8327,-35.352,True,80.0,93,54.3,64.0,27.6,0.42,MEDIO
2023,2,Fev,24017,Macaíba,RN,Leste Potiguar,-5.8327,-35.352,True,80.0,40,50.2,64.7,27.6,0.392,MEDIO
2023,3,Mar,24017,Macaíba,RN,Leste Potiguar,-5.8327,-35.352,True,80.0,25,277.4,64.9,27.8,0.173,BAIXO
2023,4,Abr,24017,Macaíba,RN,Leste Potiguar,-5.8327,-35.352,True,80.0,11,151.0,62.8,27.8,0.178,BAIXO
2023,5,Mai,24017,Macaíba,RN,Leste Potiguar,-5.8327,-35.352,True,80.0,9,59.3,63.2,27.7,0.366,MEDIO
2023,6,Jun,24017,Macaíba,RN,Leste Potiguar,-5.8327,-35.352,True,80.0,11,134.3,63.6,27.8,0.208,BAIXO
2023,7,Jul,24017,Macaíba,RN,Leste Potiguar,-5.8327,-35.352,True,80.0,9,83.5,62.9,27.9,0.321,MEDIO
2023,8,Ago,24017,Macaíba,RN,Leste Potiguar,-5.8327,-35.352,True,80.0,15,67.7,64.4,27.9,0.349,MEDIO
2023,9,Set,24017,Macaíba,RN,Leste Potiguar,-5.8327,-35.352,True,80.0,28,44.3,64.4,28.1,0.412,MEDIO
2023,10,Out,24017,Macaíba,RN,Leste Potiguar,-5.8327,-35.352,True,80.0,128,7.0,64.1,27.7,0.537,ALTO
2023,11,Nov,24017,Macaíba,RN,Leste Potiguar,-5.8327,-35.352,True,80.0,185,104.5,62.0,27.7,0.382,MEDIO
2023,12,Dez,24017,Macaíba,RN,Leste Potiguar,-5.8327,-35.352,True,80.0,36,51.3,62.9,28.0,0.409,MEDIO
2024,1,Jan,24017,Macaíba,RN,Leste Potiguar,-5.8327,-35.352,True,80.0,51,55.6,64.0,27.6,0.392,MEDIO
2024,2,Fev,24017,Macaíba,RN,Leste Potiguar,-5.8327,-35.352,True,80.0,53,128.9,64.7,27.6,0.231,BAIXO
2024,3,Mar,24017,Macaíba,RN,Leste Potiguar,-5.8327,-35.352,True,80.0,22,196.4,64.9,27.8,0.171,BAIXO
2024,4,Abr,24017,Macaíba,RN,Leste Potiguar,-5.8327,-35.352,True,80.0,13,208.6,62.8,27.8,0.179,BAIXO
2024,5,Mai,24017,Macaíba,RN,Leste Potiguar,-5.8327,-35.352,True,80.0,38,186.8,63.2,27.7,0.189,BAIXO
2024,6,Jun,24017,Macaíba,RN,Leste Potiguar,-5.8327,-35.352,True,80.0,6,222.3,63.6,27.8,0.171,BAIXO
2024,7,Jul,24017,Macaíba,RN,Leste Potiguar,-5.8327,-35.352,True,80.0,4,90.4,62.9,27.9,0.303,MEDIO
2024,8,Ago,24017,Macaíba,RN,Leste Potiguar,-5.8327,-35.352,True,80.0,32,21.5,64.4,27.9,0.458,MEDIO
2024,9,Set,24017,Macaíba,RN,Leste Potiguar,-5.8327,-35.352,True,80.0,122,14.4,64.4,28.1,0.533,ALTO
2024,10,Out,24017,Macaíba,RN,Leste Potiguar,-5.8327,-35.352,True,80.0,216,13.1,64.1,27.7,0.584,ALTO
2024,11,Nov,24017,Macaíba,RN,Leste Potiguar,-5.8327,-35.352,True,80.0,245,8.1,62.0,27.7,0.62,ALTO
2024,12,Dez,24017,Macaíba,RN,Leste Potiguar,-5.8327,-35.352,True,80.0,178,16.9,62.9,28.0,0.568,ALTO
2022,1,Jan,24018,Natal,RN,Leste Potiguar,-5.7946,-35.2425,True,67.0,0,110.9,78.3,26.8,0.154,BAIXO
2022,2,Fev,24018,Natal,RN,Leste Potiguar,-5.7946,-35.2425,True,67.0,0,46.8,81.4,26.5,0.284,BAIXO
2022,3,Mar,24018,Natal,RN,Leste Potiguar,-5.7946,-35.2425,True,67.0,0,380.5,82.3,26.3,0.058,BAIXO
2022,4,Abr,24018,Natal,RN,Leste Potiguar,-5.7946,-35.2425,True,67.0,4,137.2,81.9,26.4,0.087,BAIXO
2022,5,Mai,24018,Natal,RN,Leste Potiguar,-5.7946,-35.2425,True,67.0,0,239.9,82.1,26.1,0.053,BAIXO
2022,6,Jun,24018,Natal,RN,Leste Potiguar,-5.7946,-35.2425,True,67.0,0,220.2,80.6,26.5,0.062,BAIXO
2022,7,Jul,24018,Natal,RN,Leste Potiguar,-5.7946,-35.2425,True,67.0,0,395.0,80.8,26.4,0.06,BAIXO
2022,8,Ago,24018,Natal,RN,Leste Potiguar,-5.7946,-35.2425,True,67.0,0,107.5,79.7,26.3,0.149,BAIXO
2022,9,Set,24018,Natal,RN,Leste Potiguar,-5.7946,-35.2425,True,67.0,9,24.3,79.2,26.7,0.337,MEDIO
2022,10,Out,24018,Natal,RN,Leste Potiguar,-5.7946,-35.2425,True,67.0,0,19.7,79.6,26.6,0.344,MEDIO
2022,11,Nov,24018,Natal,RN,Leste Potiguar,-5.7946,-35.2425,True,67.0,0,17.3,79.0,26.6,0.349,MEDIO
2022,12,Dez,24018,Natal,RN,Leste Potiguar,-5.7946,-35.2425,True,67.0,0,30.9,80.1,26.7,0.323,MEDIO
2023,1,Jan,24018,Natal,RN,Leste Potiguar,-5.7946,-35.2425,True,67.0,3,55.7,77.1,27.1,0.281,BAIXO
2023,2,Fev,24018,Natal,RN,Leste Potiguar,-5.7946,-35.2425,True,67.0,3,58.3,79.7,27.0,0.273,BAIXO
2023,3,Mar,24018,Natal,RN,Leste Potiguar,-5.7946,-35.2425,True,67.0,3,279.6,79.5,26.9,0.074,BAIXO
2023,4,Abr,24018,Natal,RN,Leste Potiguar,-5.7946,-35.2425,True,67.0,4,154.3,76.3,27.3,0.085,BAIXO
2023,5,Mai,24018,Natal,RN,Leste Potiguar,-5.7946,-35.2425,True,67.0,1,53.7,79.1,27.0,0.282,BAIXO
2023,6,Jun,24018,Natal,RN,Leste Potiguar,-5.7946,-35.2425,True,67.0,0,148.0,79.5,27.0,0.079,BAIXO
2023,7,Jul,24018,Natal,RN,Leste Potiguar,-5.7946,-35.2425,True,67.0,1,84.5,80.2,26.7,0.208,BAIXO
2023,8,Ago,24018,Natal,RN,Leste Potiguar,-5.7946,-35.2425,True,67.0,0,81.6,82.4,26.5,0.209,BAIXO
2023,9,Set,24018,Natal,RN,Leste Potiguar,-5.7946,-35.2425,True,67.0,1,46.7,83.5,26.3,0.279,BAIXO
2023,10,Out,24018,Natal,RN,Leste Potiguar,-5.7946,-35.2425,True,67.0,21,8.9,79.9,26.8,0.383,MEDIO
2023,11,Nov,24018,Natal,RN,Leste Potiguar,-5.7946,-35.2425,True,67.0,12,129.1,78.4,26.7,0.119,BAIXO
2023,12,Dez,24018,Natal,RN,Leste Potiguar,-5.7946,-35.2425,True,67.0,0,56.9,79.9,26.8,0.27,BAIXO
2024,1,Jan,24018,Natal,RN,Leste Potiguar,-5.7946,-35.2425,True,67.0,4,54.2,75.4,26.3,0.265,BAIXO
2024,2,Fev,24018,Natal,RN,Leste Potiguar,-5.7946,-35.2425,True,67.0,0,142.7,78.4,26.1,0.068,BAIXO
2024,3,Mar,24018,Natal,RN,Leste Potiguar,-5.7946,-35.2425,True,67.0,1,195.7,77.1,26.5,0.063,BAIXO
2024,4,Abr,24018,Natal,RN,Leste Potiguar,-5.7946,-35.2425,True,67.0,0,233.9,75.7,26.5,0.062,BAIXO
2024,5,Mai,24018,Natal,RN,Leste Potiguar,-5.7946,-35.2425,True,67.0,0,211.8,74.6,26.7,0.07,BAIXO
2024,6,Jun,24018,Natal,RN,Leste Potiguar,-5.7946,-35.2425,True,67.0,0,266.7,77.7,26.3,0.058,BAIXO
2024,7,Jul,24018,Natal,RN,Leste Potiguar,-5.7946,-35.2425,True,67.0,0,105.3,76.9,26.7,0.163,BAIXO
2024,8,Ago,24018,Natal,RN,Leste Potiguar,-5.7946,-35.2425,True,67.0,2,27.9,78.8,26.8,0.333,MEDIO
2024,9,Set,24018,Natal,RN,Leste Potiguar,-5.7946,-35.2425,True,67.0,7,15.5,75.7,27.0,0.367,MEDIO
2024,10,Out,24018,Natal,RN,Leste Potiguar,-5.7946,-35.2425,True,67.0,24,15.0,75.3,26.7,0.371,MEDIO
2024,11,Nov,24018,Natal,RN,Leste Potiguar,-5.7946,-35.2425,True,67.0,24,10.9,76.0,26.6,0.377,MEDIO
2024,12,Dez,24018,Natal,RN,Leste Potiguar,-5.7946,-35.2425,True,67.0,17,18.0,76.5,26.9,0.366,MEDIO
2022,1,Jan,25001,Catolé do Rocha,PB,Sertão Paraibano,-6.3501,-37.5936,True,100.0,84,251.9,65.6,25.5,0.096,BAIXO
2022,2,Fev,25001,Catolé do Rocha,PB,Sertão Paraibano,-6.3501,-37.5936,True,100.0,41,47.2,67.3,26.1,0.321,MEDIO
2022,3,Mar,25001,Catolé do Rocha,PB,Sertão Paraibano,-6.3501,-37.5936,True,100.0,32,214.8,66.3,26.1,0.107,BAIXO
2022,4,Abr,25001,Catolé do Rocha,PB,Sertão Paraibano,-6.3501,-37.5936,True,100.0,1,164.8,67.2,26.0,0.1,BAIXO
2022,5,Mai,25001,Catolé do Rocha,PB,Sertão Paraibano,-6.3501,-37.5936,True,100.0,1,161.1,68.0,26.0,0.092,BAIXO
2022,6,Jun,25001,Catolé do Rocha,PB,Sertão Paraibano,-6.3501,-37.5936,True,100.0,1,92.9,67.7,25.8,0.212,BAIXO
2022,7,Jul,25001,Catolé do Rocha,PB,Sertão Paraibano,-6.3501,-37.5936,True,100.0,10,23.0,68.5,26.0,0.362,MEDIO
2022,8,Ago,25001,Catolé do Rocha,PB,Sertão Paraibano,-6.3501,-37.5936,True,100.0,22,20.7,68.6,25.9,0.365,MEDIO
2022,9,Set,25001,Catolé do Rocha,PB,Sertão Paraibano,-6.3501,-37.5936,True,100.0,68,2.1,66.0,26.0,0.406,MEDIO
2022,10,Out,25001,Catolé do Rocha,PB,Sertão Paraibano,-6.3501,-37.5936,True,100.0,75,2.4,66.2,25.9,0.402,MEDIO
2022,11,Nov,25001,Catolé do Rocha,PB,Sertão Paraibano,-6.3501,-37.5936,True,100.0,231,67.2,66.4,25.6,0.271,BAIXO
2022,12,Dez,25001,Catolé do Rocha,PB,Sertão Paraibano,-6.3501,-37.5936,True,100.0,180,28.3,65.1,26.0,0.373,MEDIO
2023,1,Jan,25001,Catolé do Rocha,PB,Sertão Paraibano,-6.3501,-37.5936,True,100.0,140,68.5,65.6,25.5,0.355,MEDIO
2023,2,Fev,25001,Catolé do Rocha,PB,Sertão Paraibano,-6.3501,-37.5936,True,100.0,60,145.6,67.3,26.1,0.146,BAIXO
2023,3,Mar,25001,Catolé do Rocha,PB,Sertão Paraibano,-6.3501,-37.5936,True,100.0,21,264.8,66.3,26.1,0.119,BAIXO
2023,4,Abr,25001,Catolé do Rocha,PB,Sertão Paraibano,-6.3501,-37.5936,True,100.0,0,128.4,67.2,26.0,0.146,BAIXO
2023,5,Mai,25001,Catolé do Rocha,PB,Sertão Paraibano,-6.3501,-37.5936,True,100.0,7,88.0,68.0,26.0,0.23,BAIXO
2023,6,Jun,25001,Catolé do Rocha,PB,Sertão Paraibano,-6.3501,-37.5936,True,100.0,7,26.6,67.7,25.8,0.358,MEDIO
2023,7,Jul,25001,Catolé do Rocha,PB,Sertão Paraibano,-6.3501,-37.5936,True,100.0,16,23.2,68.5,26.0,0.371,MEDIO
2023,8,Ago,25001,Catolé do Rocha,PB,Sertão Paraibano,-6.3501,-37.5936,True,100.0,53,1.9,68.6,25.9,0.419,MEDIO
2023,9,Set,25001,Catolé do Rocha,PB,Sertão Paraibano,-6.3501,-37.5936,True,100.0,66,2.6,66.0,26.0,0.446,MEDIO
2023,10,Out,25001,Catolé do Rocha,PB,Sertão Paraibano,-6.3501,-37.5936,True,100.0,287,2.3,66.2,25.9,0.575,ALTO
2023,11,Nov,25001,Catolé do Rocha,PB,Sertão Paraibano,-6.3501,-37.5936,True,100.0,300,14.2,66.4,25.6,0.565,ALTO
2023,12,Dez,25001,Catolé do Rocha,PB,Sertão Paraibano,-6.3501,-37.5936,True,100.0,287,52.7,65.1,26.0,0.493,MEDIO
2024,1,Jan,25001,Catolé do Rocha,PB,Sertão Paraibano,-6.3501,-37.5936,True,100.0,174,66.4,65.6,25.5,0.38,MEDIO
2024,2,Fev,25001,Catolé do Rocha,PB,Sertão Paraibano,-6.3501,-37.5936,True,100.0,37,149.6,67.3,26.1,0.124,BAIXO
2024,3,Mar,25001,Catolé do Rocha,PB,Sertão Paraibano,-6.3501,-37.5936,True,100.0,2,191.2,66.3,26.1,0.108,BAIXO
2024,4,Abr,25001,Catolé do Rocha,PB,Sertão Paraibano,-6.3501,-37.5936,True,100.0,2,157.2,67.2,26.0,0.101,BAIXO
2024,5,Mai,25001,Catolé do Rocha,PB,Sertão Paraibano,-6.3501,-37.5936,True,100.0,6,76.9,68.0,26.0,0.253,BAIXO
2024,6,Jun,25001,Catolé do Rocha,PB,Sertão Paraibano,-6.3501,-37.5936,True,100.0,2,32.3,67.7,25.8,0.343,MEDIO
2024,7,Jul,25001,Catolé do Rocha,PB,Sertão Paraibano,-6.3501,-37.5936,True,100.0,27,8.1,68.5,26.0,0.406,MEDIO
2024,8,Ago,25001,Catolé do Rocha,PB,Sertão Paraibano,-6.3501,-37.5936,True,100.0,81,1.6,68.6,25.9,0.436,MEDIO
2024,9,Set,25001,Catolé do Rocha,PB,Sertão Paraibano,-6.3501,-37.5936,True,100.0,59,1.9,66.0,26.0,0.442,MEDIO
2024,10,Out,25001,Catolé do Rocha,PB,Sertão Paraibano,-6.3501,-37.5936,True,100.0,140,3.4,66.2,25.9,0.486,MEDIO
2024,11,Nov,25001,Catolé do Rocha,PB,Sertão Paraibano,-6.3501,-37.5936,True,100.0,187,2.5,66.4,25.6,0.506,ALTO
2024,12,Dez,25001,Catolé do Rocha,PB,Sertão Paraibano,-6.3501,-37.5936,True,100.0,224,41.8,65.1,26.0,0.478,MEDIO
2022,1,Jan,25002,Cajazeiras,PB,Sertão Paraibano,-6.8579,-38.5048,True,100.0,62,237.6,63.5,26.7,0.139,BAIXO
2022,2,Fev,25002,Cajazeiras,PB,Sertão Paraibano,-6.8579,-38.5048,True,100.0,24,53.1,64.1,26.6,0.341,MEDIO
2022,3,Mar,25002,Cajazeiras,PB,Sertão Paraibano,-6.8579,-38.5048,True,100.0,4,224.9,65.0,26.6,0.128,BAIXO
2022,4,Abr,25002,Cajazeiras,PB,Sertão Paraibano,-6.8579,-38.5048,True,100.0,3,160.2,67.1,26.2,0.104,BAIXO
2022,5,Mai,25002,Cajazeiras,PB,Sertão Paraibano,-6.8579,-38.5048,True,100.0,1,81.7,67.8,26.3,0.249,BAIXO
2022,6,Jun,25002,Cajazeiras,PB,Sertão Paraibano,-6.8579,-38.5048,True,100.0,1,85.8,65.9,26.5,0.257,BAIXO
2022,7,Jul,25002,Cajazeiras,PB,Sertão Paraibano,-6.8579,-38.5048,True,100.0,19,24.7,64.5,26.6,0.399,MEDIO
2022,8,Ago,25002,Cajazeiras,PB,Sertão Paraibano,-6.8579,-38.5048,True,100.0,64,25.7,64.3,26.8,0.403,MEDIO
2022,9,Set,25002,Cajazeiras,PB,Sertão Paraibano,-6.8579,-38.5048,True,100.0,179,4.4,61.7,26.9,0.456,MEDIO
2022,10,Out,25002,Cajazeiras,PB,Sertão Paraibano,-6.8579,-38.5048,True,100.0,568,5.2,63.9,26.9,0.442,MEDIO
2022,11,Nov,25002,Cajazeiras,PB,Sertão Paraibano,-6.8579,-38.5048,True,100.0,898,118.5,64.7,26.8,0.202,BAIXO
2022,12,Dez,25002,Cajazeiras,PB,Sertão Paraibano,-6.8579,-38.5048,True,100.0,953,46.0,63.7,26.9,0.366,MEDIO
2023,1,Jan,25002,Cajazeiras,PB,Sertão Paraibano,-6.8579,-38.5048,True,100.0,161,156.6,55.9,28.0,0.316,MEDIO
2023,2,Fev,25002,Cajazeiras,PB,Sertão Paraibano,-6.8579,-38.5048,True,100.0,40,141.9,58.6,28.2,0.249,BAIXO
2023,3,Mar,25002,Cajazeiras,PB,Sertão Paraibano,-6.8579,-38.5048,True,100.0,32,207.8,58.3,28.2,0.229,BAIXO
2023,4,Abr,25002,Cajazeiras,PB,Sertão Paraibano,-6.8579,-38.5048,True,100.0,4,110.5,55.9,28.3,0.314,MEDIO
2023,5,Mai,25002,Cajazeiras,PB,Sertão Paraibano,-6.8579,-38.5048,True,100.0,9,74.5,56.9,28.1,0.383,MEDIO
2023,6,Jun,25002,Cajazeiras,PB,Sertão Paraibano,-6.8579,-38.5048,True,100.0,10,18.7,58.0,28.0,0.494,MEDIO
2023,7,Jul,25002,Cajazeiras,PB,Sertão Paraibano,-6.8579,-38.5048,True,100.0,47,14.8,57.2,28.0,0.529,ALTO
2023,8,Ago,25002,Cajazeiras,PB,Sertão Paraibano,-6.8579,-38.5048,True,100.0,103,5.3,55.4,28.2,0.589,ALTO
2023,9,Set,25002,Cajazeiras,PB,Sertão Paraibano,-6.8579,-38.5048,True,100.0,495,5.0,53.7,28.5,0.843,CRITICO
2023,10,Out,25002,Cajazeiras,PB,Sertão Paraibano,-6.8579,-38.5048,True,100.0,1051,2.7,53.6,28.5,0.846,CRITICO
2023,11,Nov,25002,Cajazeiras,PB,Sertão Paraibano,-6.8579,-38.5048,True,100.0,756,20.5,53.6,28.4,0.821,CRITICO
2023,12,Dez,25002,Cajazeiras,PB,Sertão Paraibano,-6.8579,-38.5048,True,100.0,498,33.1,55.4,28.4,0.782,CRITICO
2024,1,Jan,25002,Cajazeiras,PB,Sertão Paraibano,-6.8579,-38.5048,True,100.0,198,115.4,60.1,27.2,0.366,MEDIO
2024,2,Fev,25002,Cajazeiras,PB,Sertão Paraibano,-6.8579,-38.5048,True,100.0,63,170.9,58.1,28.0,0.243,BAIXO
2024,3,Mar,25002,Cajazeiras,PB,Sertão Paraibano,-6.8579,-38.5048,True,100.0,12,144.0,61.1,27.7,0.199,BAIXO
2024,4,Abr,25002,Cajazeiras,PB,Sertão Paraibano,-6.8579,-38.5048,True,100.0,2,189.5,61.9,27.6,0.173,BAIXO
2024,5,Mai,25002,Cajazeiras,PB,Sertão Paraibano,-6.8579,-38.5048,True,100.0,9,37.7,62.8,27.2,0.402,MEDIO
2024,6,Jun,25002,Cajazeiras,PB,Sertão Paraibano,-6.8579,-38.5048,True,100.0,13,41.2,62.2,27.4,0.406,MEDIO
2024,7,Jul,25002,Cajazeiras,PB,Sertão Paraibano,-6.8579,-38.5048,True,100.0,51,12.6,63.1,27.4,0.484,MEDIO
2024,8,Ago,25002,Cajazeiras,PB,Sertão Paraibano,-6.8579,-38.5048,True,100.0,89,3.5,61.9,27.5,0.523,ALTO
2024,9,Set,25002,Cajazeiras,PB,Sertão Paraibano,-6.8579,-38.5048,True,100.0,238,3.7,62.9,27.6,0.608,ALTO
2024,10,Out,25002,Cajazeiras,PB,Sertão Paraibano,-6.8579,-38.5048,True,100.0,480,6.1,63.7,27.3,0.741,CRITICO
2024,11,Nov,25002,Cajazeiras,PB,Sertão Paraibano,-6.8579,-38.5048,True,100.0,726,5.4,63.6,27.2,0.751,CRITICO
2024,12,Dez,25002,Cajazeiras,PB,Sertão Paraibano,-6.8579,-38.5048,True,100.0,910,49.6,65.0,27.3,0.66,ALTO
2022,1,Jan,25003,Sousa,PB,Sertão Paraibano,-6.7727,-37.9365,True,100.0,105,224.3,65.6,25.5,0.096,BAIXO
2022,2,Fev,25003,Sousa,PB,Sertão Paraibano,-6.7727,-37.9365,True,100.0,54,35.0,67.3,26.1,0.347,MEDIO
2022,3,Mar,25003,Sousa,PB,Sertão Paraibano,-6.7727,-37.9365,True,100.0,10,250.8,66.3,26.1,0.107,BAIXO
2022,4,Abr,25003,Sousa,PB,Sertão Paraibano,-6.7727,-37.9365,True,100.0,24,150.2,67.2,26.0,0.1,BAIXO
2022,5,Mai,25003,Sousa,PB,Sertão Paraibano,-6.7727,-37.9365,True,100.0,17,94.3,68.0,26.0,0.212,BAIXO
2022,6,Jun,25003,Sousa,PB,Sertão Paraibano,-6.7727,-37.9365,True,100.0,24,86.3,67.7,25.8,0.226,BAIXO
2022,7,Jul,25003,Sousa,PB,Sertão Paraibano,-6.7727,-37.9365,True,100.0,36,23.3,68.5,26.0,0.361,MEDIO
2022,8,Ago,25003,Sousa,PB,Sertão Paraibano,-6.7727,-37.9365,True,100.0,45,27.8,68.6,25.9,0.349,MEDIO
2022,9,Set,25003,Sousa,PB,Sertão Paraibano,-6.7727,-37.9365,True,100.0,314,2.4,66.0,26.0,0.406,MEDIO
2022,10,Out,25003,Sousa,PB,Sertão Paraibano,-6.7727,-37.9365,True,100.0,875,2.6,66.2,25.9,0.402,MEDIO
2022,11,Nov,25003,Sousa,PB,Sertão Paraibano,-6.7727,-37.9365,True,100.0,726,84.2,66.4,25.6,0.235,BAIXO
2022,12,Dez,25003,Sousa,PB,Sertão Paraibano,-6.7727,-37.9365,True,100.0,724,47.0,65.1,26.0,0.333,MEDIO
2023,1,Jan,25003,Sousa,PB,Sertão Paraibano,-6.7727,-37.9365,True,100.0,213,99.8,65.6,25.5,0.332,MEDIO
2023,2,Fev,25003,Sousa,PB,Sertão Paraibano,-6.7727,-37.9365,True,100.0,68,145.5,67.3,26.1,0.151,BAIXO
2023,3,Mar,25003,Sousa,PB,Sertão Paraibano,-6.7727,-37.9365,True,100.0,63,246.9,66.3,26.1,0.145,BAIXO
2023,4,Abr,25003,Sousa,PB,Sertão Paraibano,-6.7727,-37.9365,True,100.0,8,142.7,67.2,26.0,0.12,BAIXO
2023,5,Mai,25003,Sousa,PB,Sertão Paraibano,-6.7727,-37.9365,True,100.0,20,73.4,68.0,26.0,0.269,BAIXO
2023,6,Jun,25003,Sousa,PB,Sertão Paraibano,-6.7727,-37.9365,True,100.0,27,17.9,67.7,25.8,0.389,MEDIO
2023,7,Jul,25003,Sousa,PB,Sertão Paraibano,-6.7727,-37.9365,True,100.0,58,17.4,68.5,26.0,0.408,MEDIO
2023,8,Ago,25003,Sousa,PB,Sertão Paraibano,-6.7727,-37.9365,True,100.0,83,4.2,68.6,25.9,0.437,MEDIO
2023,9,Set,25003,Sousa,PB,Sertão Paraibano,-6.7727,-37.9365,True,100.0,339,2.9,66.0,26.0,0.61,ALTO
2023,10,Out,25003,Sousa,PB,Sertão Paraibano,-6.7727,-37.9365,True,100.0,517,2.3,66.2,25.9,0.702,CRITICO
2023,11,Nov,25003,Sousa,PB,Sertão Paraibano,-6.7727,-37.9365,True,100.0,804,21.7,66.4,25.6,0.669,ALTO
2023,12,Dez,25003,Sousa,PB,Sertão Paraibano,-6.7727,-37.9365,True,100.0,582,46.0,65.1,26.0,0.635,ALTO
2024,1,Jan,25003,Sousa,PB,Sertão Paraibano,-6.7727,-37.9365,True,100.0,221,87.6,65.6,25.5,0.363,MEDIO
2024,2,Fev,25003,Sousa,PB,Sertão Paraibano,-6.7727,-37.9365,True,100.0,102,186.8,67.3,26.1,0.162,BAIXO
2024,3,Mar,25003,Sousa,PB,Sertão Paraibano,-6.7727,-37.9365,True,100.0,44,214.1,66.3,26.1,0.133,BAIXO
2024,4,Abr,25003,Sousa,PB,Sertão Paraibano,-6.7727,-37.9365,True,100.0,2,160.0,67.2,26.0,0.101,BAIXO
2024,5,Mai,25003,Sousa,PB,Sertão Paraibano,-6.7727,-37.9365,True,100.0,28,62.7,68.0,26.0,0.296,BAIXO
2024,6,Jun,25003,Sousa,PB,Sertão Paraibano,-6.7727,-37.9365,True,100.0,7,34.6,67.7,25.8,0.341,MEDIO
2024,7,Jul,25003,Sousa,PB,Sertão Paraibano,-6.7727,-37.9365,True,100.0,82,12.2,68.5,26.0,0.434,MEDIO
2024,8,Ago,25003,Sousa,PB,Sertão Paraibano,-6.7727,-37.9365,True,100.0,149,2.4,68.6,25.9,0.477,MEDIO
2024,9,Set,25003,Sousa,PB,Sertão Paraibano,-6.7727,-37.9365,True,100.0,215,2.2,66.0,26.0,0.535,ALTO
2024,10,Out,25003,Sousa,PB,Sertão Paraibano,-6.7727,-37.9365,True,100.0,463,5.5,66.2,25.9,0.68,ALTO
2024,11,Nov,25003,Sousa,PB,Sertão Paraibano,-6.7727,-37.9365,True,100.0,794,3.7,66.4,25.6,0.694,ALTO
2024,12,Dez,25003,Sousa,PB,Sertão Paraibano,-6.7727,-37.9365,True,100.0,867,59.5,65.1,26.0,0.606,ALTO
2022,1,Jan,25004,Patos,PB,Sertão Paraibano,-7.0136,-37.3147,True,100.0,32,145.9,49.3,31.1,0.319,MEDIO
2022,2,Fev,25004,Patos,PB,Sertão Paraibano,-7.0136,-37.3147,True,100.0,27,48.4,57.5,30.8,0.477,MEDIO
2022,3,Mar,25004,Patos,PB,Sertão Paraibano,-7.0136,-37.3147,True,100.0,3,293.2,55.9,30.9,0.269,BAIXO
2022,4,Abr,25004,Patos,PB,Sertão Paraibano,-7.0136,-37.3147,True,100.0,3,132.9,56.4,30.1,0.303,MEDIO
2022,5,Mai,25004,Patos,PB,Sertão Paraibano,-7.0136,-37.3147,True,100.0,1,82.6,56.4,30.8,0.411,MEDIO
2022,6,Jun,25004,Patos,PB,Sertão Paraibano,-7.0136,-37.3147,True,100.0,3,82.6,57.0,30.4,0.407,MEDIO
2022,7,Jul,25004,Patos,PB,Sertão Paraibano,-7.0136,-37.3147,True,100.0,18,21.2,55.3,30.2,0.549,ALTO
2022,8,Ago,25004,Patos,PB,Sertão Paraibano,-7.0136,-37.3147,True,100.0,24,16.2,55.7,30.6,0.557,ALTO
2022,9,Set,25004,Patos,PB,Sertão Paraibano,-7.0136,-37.3147,True,100.0,230,2.1,50.8,31.0,0.601,ALTO
2022,10,Out,25004,Patos,PB,Sertão Paraibano,-7.0136,-37.3147,True,100.0,383,2.7,57.4,31.1,0.56,ALTO
2022,11,Nov,25004,Patos,PB,Sertão Paraibano,-7.0136,-37.3147,True,100.0,198,70.2,57.6,30.5,0.43,MEDIO
2022,12,Dez,25004,Patos,PB,Sertão Paraibano,-7.0136,-37.3147,True,100.0,80,41.0,61.7,30.8,0.467,MEDIO
2023,1,Jan,25004,Patos,PB,Sertão Paraibano,-7.0136,-37.3147,True,100.0,39,54.5,63.5,27.8,0.395,MEDIO
2023,2,Fev,25004,Patos,PB,Sertão Paraibano,-7.0136,-37.3147,True,100.0,22,119.4,64.0,28.2,0.253,BAIXO
2023,3,Mar,25004,Patos,PB,Sertão Paraibano,-7.0136,-37.3147,True,100.0,12,250.6,65.7,27.8,0.16,BAIXO
2023,4,Abr,25004,Patos,PB,Sertão Paraibano,-7.0136,-37.3147,True,100.0,0,149.6,64.0,27.5,0.157,BAIXO
2023,5,Mai,25004,Patos,PB,Sertão Paraibano,-7.0136,-37.3147,True,100.0,5,54.6,64.0,27.7,0.369,MEDIO
2023,6,Jun,25004,Patos,PB,Sertão Paraibano,-7.0136,-37.3147,True,100.0,0,20.7,63.2,27.6,0.441,MEDIO
2023,7,Jul,25004,Patos,PB,Sertão Paraibano,-7.0136,-37.3147,True,100.0,12,14.9,68.5,27.5,0.425,MEDIO
2023,8,Ago,25004,Patos,PB,Sertão Paraibano,-7.0136,-37.3147,True,100.0,9,2.9,68.7,27.5,0.432,MEDIO
2023,9,Set,25004,Patos,PB,Sertão Paraibano,-7.0136,-37.3147,True,100.0,31,1.5,64.9,27.7,0.474,MEDIO
2023,10,Out,25004,Patos,PB,Sertão Paraibano,-7.0136,-37.3147,True,100.0,160,1.8,61.2,27.9,0.58,ALTO
2023,11,Nov,25004,Patos,PB,Sertão Paraibano,-7.0136,-37.3147,True,100.0,234,16.2,60.8,27.8,0.611,ALTO
2023,12,Dez,25004,Patos,PB,Sertão Paraibano,-7.0136,-37.3147,True,100.0,218,38.3,62.9,27.9,0.543,ALTO
2024,1,Jan,25004,Patos,PB,Sertão Paraibano,-7.0136,-37.3147,True,100.0,66,50.8,54.7,28.2,0.484,MEDIO
2024,2,Fev,25004,Patos,PB,Sertão Paraibano,-7.0136,-37.3147,True,100.0,31,144.7,55.2,28.4,0.264,BAIXO
2024,3,Mar,25004,Patos,PB,Sertão Paraibano,-7.0136,-37.3147,True,100.0,5,223.4,59.0,27.9,0.2,BAIXO
2024,4,Abr,25004,Patos,PB,Sertão Paraibano,-7.0136,-37.3147,True,100.0,0,131.6,57.9,27.8,0.241,BAIXO
2024,5,Mai,25004,Patos,PB,Sertão Paraibano,-7.0136,-37.3147,True,100.0,3,69.1,56.6,28.0,0.39,MEDIO
2024,6,Jun,25004,Patos,PB,Sertão Paraibano,-7.0136,-37.3147,True,100.0,6,27.0,58.8,27.7,0.461,MEDIO
2024,7,Jul,25004,Patos,PB,Sertão Paraibano,-7.0136,-37.3147,True,100.0,19,12.5,60.8,27.6,0.485,MEDIO
2024,8,Ago,25004,Patos,PB,Sertão Paraibano,-7.0136,-37.3147,True,100.0,42,2.1,58.7,28.1,0.53,ALTO
2024,9,Set,25004,Patos,PB,Sertão Paraibano,-7.0136,-37.3147,True,100.0,42,1.6,58.5,28.4,0.538,ALTO
2024,10,Out,25004,Patos,PB,Sertão Paraibano,-7.0136,-37.3147,True,100.0,157,3.0,55.5,28.4,0.626,ALTO
2024,11,Nov,25004,Patos,PB,Sertão Paraibano,-7.0136,-37.3147,True,100.0,167,3.2,55.1,28.2,0.63,ALTO
2024,12,Dez,25004,Patos,PB,Sertão Paraibano,-7.0136,-37.3147,True,100.0,173,46.9,58.9,28.5,0.538,ALTO
2022,1,Jan,25005,Piancó,PB,Sertão Paraibano,-7.191,-37.8844,True,100.0,22,191.3,65.6,25.5,0.096,BAIXO
2022,2,Fev,25005,Piancó,PB,Sertão Paraibano,-7.191,-37.8844,True,100.0,42,52.0,67.3,26.1,0.311,MEDIO
2022,3,Mar,25005,Piancó,PB,Sertão Paraibano,-7.191,-37.8844,True,100.0,18,263.9,66.3,26.1,0.107,BAIXO
2022,4,Abr,25005,Piancó,PB,Sertão Paraibano,-7.191,-37.8844,True,100.0,1,153.1,67.2,26.0,0.1,BAIXO
2022,5,Mai,25005,Piancó,PB,Sertão Paraibano,-7.191,-37.8844,True,100.0,5,65.4,68.0,26.0,0.274,BAIXO
2022,6,Jun,25005,Piancó,PB,Sertão Paraibano,-7.191,-37.8844,True,100.0,4,94.8,67.7,25.8,0.208,BAIXO
2022,7,Jul,25005,Piancó,PB,Sertão Paraibano,-7.191,-37.8844,True,100.0,22,29.8,68.5,26.0,0.347,MEDIO
2022,8,Ago,25005,Piancó,PB,Sertão Paraibano,-7.191,-37.8844,True,100.0,70,20.3,68.6,25.9,0.365,MEDIO
2022,9,Set,25005,Piancó,PB,Sertão Paraibano,-7.191,-37.8844,True,100.0,173,3.3,66.0,26.0,0.406,MEDIO
2022,10,Out,25005,Piancó,PB,Sertão Paraibano,-7.191,-37.8844,True,100.0,462,5.1,66.2,25.9,0.402,MEDIO
2022,11,Nov,25005,Piancó,PB,Sertão Paraibano,-7.191,-37.8844,True,100.0,579,112.8,66.4,25.6,0.173,BAIXO
2022,12,Dez,25005,Piancó,PB,Sertão Paraibano,-7.191,-37.8844,True,100.0,415,53.5,65.1,26.0,0.319,MEDIO
2023,1,Jan,25005,Piancó,PB,Sertão Paraibano,-7.191,-37.8844,True,100.0,118,77.0,65.6,25.5,0.323,MEDIO
2023,2,Fev,25005,Piancó,PB,Sertão Paraibano,-7.191,-37.8844,True,100.0,21,101.5,67.3,26.1,0.217,BAIXO
2023,3,Mar,25005,Piancó,PB,Sertão Paraibano,-7.191,-37.8844,True,100.0,37,273.3,66.3,26.1,0.129,BAIXO
2023,4,Abr,25005,Piancó,PB,Sertão Paraibano,-7.191,-37.8844,True,100.0,6,203.6,67.2,26.0,0.104,BAIXO
2023,5,Mai,25005,Piancó,PB,Sertão Paraibano,-7.191,-37.8844,True,100.0,1,50.7,68.0,26.0,0.306,MEDIO
2023,6,Jun,25005,Piancó,PB,Sertão Paraibano,-7.191,-37.8844,True,100.0,4,24.3,67.7,25.8,0.361,MEDIO
2023,7,Jul,25005,Piancó,PB,Sertão Paraibano,-7.191,-37.8844,True,100.0,11,19.9,68.5,26.0,0.375,MEDIO
2023,8,Ago,25005,Piancó,PB,Sertão Paraibano,-7.191,-37.8844,True,100.0,19,5.7,68.6,25.9,0.399,MEDIO
2023,9,Set,25005,Piancó,PB,Sertão Paraibano,-7.191,-37.8844,True,100.0,189,4.8,66.0,26.0,0.52,ALTO
2023,10,Out,25005,Piancó,PB,Sertão Paraibano,-7.191,-37.8844,True,100.0,380,2.6,66.2,25.9,0.63,ALTO
2023,11,Nov,25005,Piancó,PB,Sertão Paraibano,-7.191,-37.8844,True,100.0,408,29.1,66.4,25.6,0.598,ALTO
2023,12,Dez,25005,Piancó,PB,Sertão Paraibano,-7.191,-37.8844,True,100.0,282,46.3,65.1,26.0,0.503,ALTO
2024,1,Jan,25005,Piancó,PB,Sertão Paraibano,-7.191,-37.8844,True,100.0,112,111.6,65.6,25.5,0.246,BAIXO
2024,2,Fev,25005,Piancó,PB,Sertão Paraibano,-7.191,-37.8844,True,100.0,35,180.3,67.3,26.1,0.122,BAIXO
2024,3,Mar,25005,Piancó,PB,Sertão Paraibano,-7.191,-37.8844,True,100.0,18,232.6,66.3,26.1,0.118,BAIXO
2024,4,Abr,25005,Piancó,PB,Sertão Paraibano,-7.191,-37.8844,True,100.0,5,195.2,67.2,26.0,0.103,BAIXO
2024,5,Mai,25005,Piancó,PB,Sertão Paraibano,-7.191,-37.8844,True,100.0,10,67.1,68.0,26.0,0.276,BAIXO
2024,6,Jun,25005,Piancó,PB,Sertão Paraibano,-7.191,-37.8844,True,100.0,6,42.9,67.7,25.8,0.322,MEDIO
2024,7,Jul,25005,Piancó,PB,Sertão Paraibano,-7.191,-37.8844,True,100.0,8,15.6,68.5,26.0,0.382,MEDIO
2024,8,Ago,25005,Piancó,PB,Sertão Paraibano,-7.191,-37.8844,True,100.0,25,3.2,68.6,25.9,0.402,MEDIO
2024,9,Set,25005,Piancó,PB,Sertão Paraibano,-7.191,-37.8844,True,100.0,70,2.8,66.0,26.0,0.448,MEDIO
2024,10,Out,25005,Piancó,PB,Sertão Paraibano,-7.191,-37.8844,True,100.0,165,5.1,66.2,25.9,0.501,ALTO
2024,11,Nov,25005,Piancó,PB,Sertão Paraibano,-7.191,-37.8844,True,100.0,358,5.0,66.4,25.6,0.609,ALTO
2024,12,Dez,25005,Piancó,PB,Sertão Paraibano,-7.191,-37.8844,True,100.0,387,58.4,65.1,26.0,0.54,ALTO
2022,1,Jan,25006,Itaporanga,PB,Sertão Paraibano,-7.4704,-38.3491,True,100.0,85,152.9,65.6,25.5,0.096,BAIXO
2022,2,Fev,25006,Itaporanga,PB,Sertão Paraibano,-7.4704,-38.3491,True,100.0,29,77.6,67.3,26.1,0.256,BAIXO
2022,3,Mar,25006,Itaporanga,PB,Sertão Paraibano,-7.4704,-38.3491,True,100.0,4,186.7,66.3,26.1,0.107,BAIXO
2022,4,Abr,25006,Itaporanga,PB,Sertão Paraibano,-7.4704,-38.3491,True,100.0,0,142.9,67.2,26.0,0.115,BAIXO
2022,5,Mai,25006,Itaporanga,PB,Sertão Paraibano,-7.4704,-38.3491,True,100.0,1,69.6,68.0,26.0,0.265,BAIXO
2022,6,Jun,25006,Itaporanga,PB,Sertão Paraibano,-7.4704,-38.3491,True,100.0,8,59.3,67.7,25.8,0.284,BAIXO
2022,7,Jul,25006,Itaporanga,PB,Sertão Paraibano,-7.4704,-38.3491,True,100.0,41,19.6,68.5,26.0,0.369,MEDIO
2022,8,Ago,25006,Itaporanga,PB,Sertão Paraibano,-7.4704,-38.3491,True,100.0,11,14.5,68.6,25.9,0.378,MEDIO
2022,9,Set,25006,Itaporanga,PB,Sertão Paraibano,-7.4704,-38.3491,True,100.0,66,6.6,66.0,26.0,0.406,MEDIO
2022,10,Out,25006,Itaporanga,PB,Sertão Paraibano,-7.4704,-38.3491,True,100.0,422,14.8,66.2,25.9,0.392,MEDIO
2022,11,Nov,25006,Itaporanga,PB,Sertão Paraibano,-7.4704,-38.3491,True,100.0,1407,115.1,66.4,25.6,0.169,BAIXO
2022,12,Dez,25006,Itaporanga,PB,Sertão Paraibano,-7.4704,-38.3491,True,100.0,986,55.0,65.1,26.0,0.315,MEDIO
2023,1,Jan,25006,Itaporanga,PB,Sertão Paraibano,-7.4704,-38.3491,True,100.0,136,89.4,60.7,27.8,0.396,MEDIO
2023,2,Fev,25006,Itaporanga,PB,Sertão Paraibano,-7.4704,-38.3491,True,100.0,49,94.2,62.9,28.2,0.33,MEDIO
2023,3,Mar,25006,Itaporanga,PB,Sertão Paraibano,-7.4704,-38.3491,True,100.0,18,230.0,63.3,28.1,0.186,BAIXO
2023,4,Abr,25006,Itaporanga,PB,Sertão Paraibano,-7.4704,-38.3491,True,100.0,6,114.0,60.2,28.4,0.283,BAIXO
2023,5,Mai,25006,Itaporanga,PB,Sertão Paraibano,-7.4704,-38.3491,True,100.0,2,61.5,60.1,28.3,0.391,MEDIO
2023,6,Jun,25006,Itaporanga,PB,Sertão Paraibano,-7.4704,-38.3491,True,100.0,2,29.0,59.1,28.6,0.475,MEDIO
2023,7,Jul,25006,Itaporanga,PB,Sertão Paraibano,-7.4704,-38.3491,True,100.0,17,15.8,61.1,28.3,0.492,MEDIO
2023,8,Ago,25006,Itaporanga,PB,Sertão Paraibano,-7.4704,-38.3491,True,100.0,37,7.1,61.0,28.4,0.52,ALTO
2023,9,Set,25006,Itaporanga,PB,Sertão Paraibano,-7.4704,-38.3491,True,100.0,271,8.5,61.3,28.2,0.653,ALTO
2023,10,Out,25006,Itaporanga,PB,Sertão Paraibano,-7.4704,-38.3491,True,100.0,916,2.8,60.4,28.3,0.799,CRITICO
2023,11,Nov,25006,Itaporanga,PB,Sertão Paraibano,-7.4704,-38.3491,True,100.0,487,27.3,58.2,28.4,0.77,CRITICO
2023,12,Dez,25006,Itaporanga,PB,Sertão Paraibano,-7.4704,-38.3491,True,100.0,364,43.1,56.8,28.8,0.681,ALTO
2024,1,Jan,25006,Itaporanga,PB,Sertão Paraibano,-7.4704,-38.3491,True,100.0,290,106.3,60.9,28.6,0.471,MEDIO
2024,2,Fev,25006,Itaporanga,PB,Sertão Paraibano,-7.4704,-38.3491,True,100.0,40,179.6,60.2,29.1,0.244,BAIXO
2024,3,Mar,25006,Itaporanga,PB,Sertão Paraibano,-7.4704,-38.3491,True,100.0,8,159.0,61.2,28.9,0.214,BAIXO
2024,4,Abr,25006,Itaporanga,PB,Sertão Paraibano,-7.4704,-38.3491,True,100.0,0,191.7,60.4,29.0,0.216,BAIXO
2024,5,Mai,25006,Itaporanga,PB,Sertão Paraibano,-7.4704,-38.3491,True,100.0,8,46.0,59.2,29.1,0.454,MEDIO
2024,6,Jun,25006,Itaporanga,PB,Sertão Paraibano,-7.4704,-38.3491,True,100.0,16,50.3,57.9,29.5,0.468,MEDIO
2024,7,Jul,25006,Itaporanga,PB,Sertão Paraibano,-7.4704,-38.3491,True,100.0,6,16.7,59.7,29.3,0.517,ALTO
2024,8,Ago,25006,Itaporanga,PB,Sertão Paraibano,-7.4704,-38.3491,True,100.0,14,4.7,60.8,29.1,0.525,ALTO
2024,9,Set,25006,Itaporanga,PB,Sertão Paraibano,-7.4704,-38.3491,True,100.0,76,5.2,64.0,28.9,0.537,ALTO
2024,10,Out,25006,Itaporanga,PB,Sertão Paraibano,-7.4704,-38.3491,True,100.0,239,4.8,63.3,29.0,0.642,ALTO
2024,11,Nov,25006,Itaporanga,PB,Sertão Paraibano,-7.4704,-38.3491,True,100.0,451,9.7,63.6,28.9,0.764,CRITICO
2024,12,Dez,25006,Itaporanga,PB,Sertão Paraibano,-7.4704,-38.3491,True,100.0,622,34.9,63.5,29.0,0.744,CRITICO
2022,1,Jan,25007,Serra do Teixeira,PB,Sertão Paraibano,-7.5042,-37.7372,True,100.0,153,101.2,65.6,25.5,0.201,BAIXO
2022,2,Fev,25007,Serra do Teixeira,PB,Sertão Paraibano,-7.5042,-37.7372,True,100.0,24,70.9,67.3,26.1,0.27,BAIXO
2022,3,Mar,25007,Serra do Teixeira,PB,Sertão Paraibano,-7.5042,-37.7372,True,100.0,11,198.2,66.3,26.1,0.107,BAIXO
2022,4,Abr,25007,Serra do Teixeira,PB,Sertão Paraibano,-7.5042,-37.7372,True,100.0,5,128.6,67.2,26.0,0.146,BAIXO
2022,5,Mai,25007,Serra do Teixeira,PB,Sertão Paraibano,-7.5042,-37.7372,True,100.0,3,41.2,68.0,26.0,0.326,MEDIO
2022,6,Jun,25007,Serra do Teixeira,PB,Sertão Paraibano,-7.5042,-37.7372,True,100.0,8,64.8,67.7,25.8,0.272,BAIXO
2022,7,Jul,25007,Serra do Teixeira,PB,Sertão Paraibano,-7.5042,-37.7372,True,100.0,6,26.5,68.5,26.0,0.354,MEDIO
2022,8,Ago,25007,Serra do Teixeira,PB,Sertão Paraibano,-7.5042,-37.7372,True,100.0,36,12.2,68.6,25.9,0.383,MEDIO
2022,9,Set,25007,Serra do Teixeira,PB,Sertão Paraibano,-7.5042,-37.7372,True,100.0,134,5.3,66.0,26.0,0.406,MEDIO
2022,10,Out,25007,Serra do Teixeira,PB,Sertão Paraibano,-7.5042,-37.7372,True,100.0,411,10.3,66.2,25.9,0.402,MEDIO
2022,11,Nov,25007,Serra do Teixeira,PB,Sertão Paraibano,-7.5042,-37.7372,True,100.0,1306,107.1,66.4,25.6,0.186,BAIXO
2022,12,Dez,25007,Serra do Teixeira,PB,Sertão Paraibano,-7.5042,-37.7372,True,100.0,744,43.4,65.1,26.0,0.34,MEDIO
2023,1,Jan,25007,Serra do Teixeira,PB,Sertão Paraibano,-7.5042,-37.7372,True,100.0,156,50.6,65.6,25.5,0.403,MEDIO
2023,2,Fev,25007,Serra do Teixeira,PB,Sertão Paraibano,-7.5042,-37.7372,True,100.0,40,85.0,67.3,26.1,0.264,BAIXO
2023,3,Mar,25007,Serra do Teixeira,PB,Sertão Paraibano,-7.5042,-37.7372,True,100.0,20,235.5,66.3,26.1,0.119,BAIXO
2023,4,Abr,25007,Serra do Teixeira,PB,Sertão Paraibano,-7.5042,-37.7372,True,100.0,4,147.3,67.2,26.0,0.108,BAIXO
2023,5,Mai,25007,Serra do Teixeira,PB,Sertão Paraibano,-7.5042,-37.7372,True,100.0,2,49.9,68.0,26.0,0.308,MEDIO
2023,6,Jun,25007,Serra do Teixeira,PB,Sertão Paraibano,-7.5042,-37.7372,True,100.0,1,34.8,67.7,25.8,0.337,MEDIO
2023,7,Jul,25007,Serra do Teixeira,PB,Sertão Paraibano,-7.5042,-37.7372,True,100.0,8,20.7,68.5,26.0,0.371,MEDIO
2023,8,Ago,25007,Serra do Teixeira,PB,Sertão Paraibano,-7.5042,-37.7372,True,100.0,38,5.7,68.6,25.9,0.41,MEDIO
2023,9,Set,25007,Serra do Teixeira,PB,Sertão Paraibano,-7.5042,-37.7372,True,100.0,126,7.1,66.0,26.0,0.482,MEDIO
2023,10,Out,25007,Serra do Teixeira,PB,Sertão Paraibano,-7.5042,-37.7372,True,100.0,458,2.4,66.2,25.9,0.677,ALTO
2023,11,Nov,25007,Serra do Teixeira,PB,Sertão Paraibano,-7.5042,-37.7372,True,100.0,660,23.3,66.4,25.6,0.665,ALTO
2023,12,Dez,25007,Serra do Teixeira,PB,Sertão Paraibano,-7.5042,-37.7372,True,100.0,374,46.1,65.1,26.0,0.559,ALTO
2024,1,Jan,25007,Serra do Teixeira,PB,Sertão Paraibano,-7.5042,-37.7372,True,100.0,192,103.6,65.6,25.5,0.311,MEDIO
2024,2,Fev,25007,Serra do Teixeira,PB,Sertão Paraibano,-7.5042,-37.7372,True,100.0,39,159.9,67.3,26.1,0.124,BAIXO
2024,3,Mar,25007,Serra do Teixeira,PB,Sertão Paraibano,-7.5042,-37.7372,True,100.0,3,178.8,66.3,26.1,0.109,BAIXO
2024,4,Abr,25007,Serra do Teixeira,PB,Sertão Paraibano,-7.5042,-37.7372,True,100.0,2,162.2,67.2,26.0,0.101,BAIXO
2024,5,Mai,25007,Serra do Teixeira,PB,Sertão Paraibano,-7.5042,-37.7372,True,100.0,10,56.7,68.0,26.0,0.298,BAIXO
2024,6,Jun,25007,Serra do Teixeira,PB,Sertão Paraibano,-7.5042,-37.7372,True,100.0,11,55.9,67.7,25.8,0.298,BAIXO
2024,7,Jul,25007,Serra do Teixeira,PB,Sertão Paraibano,-7.5042,-37.7372,True,100.0,28,23.2,68.5,26.0,0.378,MEDIO
2024,8,Ago,25007,Serra do Teixeira,PB,Sertão Paraibano,-7.5042,-37.7372,True,100.0,38,4.0,68.6,25.9,0.41,MEDIO
2024,9,Set,25007,Serra do Teixeira,PB,Sertão Paraibano,-7.5042,-37.7372,True,100.0,90,4.0,66.0,26.0,0.46,MEDIO
2024,10,Out,25007,Serra do Teixeira,PB,Sertão Paraibano,-7.5042,-37.7372,True,100.0,343,6.9,66.2,25.9,0.608,ALTO
2024,11,Nov,25007,Serra do Teixeira,PB,Sertão Paraibano,-7.5042,-37.7372,True,100.0,677,6.6,66.4,25.6,0.694,ALTO
2024,12,Dez,25007,Serra do Teixeira,PB,Sertão Paraibano,-7.5042,-37.7372,True,100.0,532,39.6,65.1,26.0,0.648,ALTO
2022,1,Jan,25008,Seridó Ocidental Paraibano,PB,Borborema,-6.9206,-36.9443,True,100.0,10,130.9,65.6,25.5,0.137,BAIXO
2022,2,Fev,25008,Seridó Ocidental Paraibano,PB,Borborema,-6.9206,-36.9443,True,100.0,4,46.4,67.3,26.1,0.323,MEDIO
2022,3,Mar,25008,Seridó Ocidental Paraibano,PB,Borborema,-6.9206,-36.9443,True,100.0,5,291.1,66.3,26.1,0.107,BAIXO
2022,4,Abr,25008,Seridó Ocidental Paraibano,PB,Borborema,-6.9206,-36.9443,True,100.0,0,118.0,67.2,26.0,0.169,BAIXO
2022,5,Mai,25008,Seridó Ocidental Paraibano,PB,Borborema,-6.9206,-36.9443,True,100.0,0,93.8,68.0,26.0,0.213,BAIXO
2022,6,Jun,25008,Seridó Ocidental Paraibano,PB,Borborema,-6.9206,-36.9443,True,100.0,0,100.1,67.7,25.8,0.196,BAIXO
2022,7,Jul,25008,Seridó Ocidental Paraibano,PB,Borborema,-6.9206,-36.9443,True,100.0,3,20.2,68.5,26.0,0.368,MEDIO
2022,8,Ago,25008,Seridó Ocidental Paraibano,PB,Borborema,-6.9206,-36.9443,True,100.0,8,14.2,68.6,25.9,0.379,MEDIO
2022,9,Set,25008,Seridó Ocidental Paraibano,PB,Borborema,-6.9206,-36.9443,True,100.0,40,0.9,66.0,26.0,0.406,MEDIO
2022,10,Out,25008,Seridó Ocidental Paraibano,PB,Borborema,-6.9206,-36.9443,True,100.0,15,2.6,66.2,25.9,0.402,MEDIO
2022,11,Nov,25008,Seridó Ocidental Paraibano,PB,Borborema,-6.9206,-36.9443,True,100.0,5,24.6,66.4,25.6,0.362,MEDIO
2022,12,Dez,25008,Seridó Ocidental Paraibano,PB,Borborema,-6.9206,-36.9443,True,100.0,19,24.2,65.1,26.0,0.381,MEDIO
2023,1,Jan,25008,Seridó Ocidental Paraibano,PB,Borborema,-6.9206,-36.9443,True,100.0,6,34.4,65.6,25.5,0.348,MEDIO
2023,2,Fev,25008,Seridó Ocidental Paraibano,PB,Borborema,-6.9206,-36.9443,True,100.0,7,107.2,67.3,26.1,0.197,BAIXO
2023,3,Mar,25008,Seridó Ocidental Paraibano,PB,Borborema,-6.9206,-36.9443,True,100.0,7,229.1,66.3,26.1,0.111,BAIXO
2023,4,Abr,25008,Seridó Ocidental Paraibano,PB,Borborema,-6.9206,-36.9443,True,100.0,0,131.9,67.2,26.0,0.139,BAIXO
2023,5,Mai,25008,Seridó Ocidental Paraibano,PB,Borborema,-6.9206,-36.9443,True,100.0,0,46.1,68.0,26.0,0.315,MEDIO
2023,6,Jun,25008,Seridó Ocidental Paraibano,PB,Borborema,-6.9206,-36.9443,True,100.0,5,19.6,67.7,25.8,0.372,MEDIO
2023,7,Jul,25008,Seridó Ocidental Paraibano,PB,Borborema,-6.9206,-36.9443,True,100.0,1,11.7,68.5,26.0,0.386,MEDIO
2023,8,Ago,25008,Seridó Ocidental Paraibano,PB,Borborema,-6.9206,-36.9443,True,100.0,6,2.8,68.6,25.9,0.391,MEDIO
2023,9,Set,25008,Seridó Ocidental Paraibano,PB,Borborema,-6.9206,-36.9443,True,100.0,39,0.8,66.0,26.0,0.43,MEDIO
2023,10,Out,25008,Seridó Ocidental Paraibano,PB,Borborema,-6.9206,-36.9443,True,100.0,32,1.7,66.2,25.9,0.422,MEDIO
2023,11,Nov,25008,Seridó Ocidental Paraibano,PB,Borborema,-6.9206,-36.9443,True,100.0,27,7.4,66.4,25.6,0.41,MEDIO
2023,12,Dez,25008,Seridó Ocidental Paraibano,PB,Borborema,-6.9206,-36.9443,True,100.0,23,32.2,65.1,26.0,0.378,MEDIO
2024,1,Jan,25008,Seridó Ocidental Paraibano,PB,Borborema,-6.9206,-36.9443,True,100.0,12,28.7,65.6,25.5,0.363,MEDIO
2024,2,Fev,25008,Seridó Ocidental Paraibano,PB,Borborema,-6.9206,-36.9443,True,100.0,13,126.7,67.3,26.1,0.158,BAIXO
2024,3,Mar,25008,Seridó Ocidental Paraibano,PB,Borborema,-6.9206,-36.9443,True,100.0,22,197.1,66.3,26.1,0.12,BAIXO
2024,4,Abr,25008,Seridó Ocidental Paraibano,PB,Borborema,-6.9206,-36.9443,True,100.0,0,100.8,67.2,26.0,0.205,BAIXO
2024,5,Mai,25008,Seridó Ocidental Paraibano,PB,Borborema,-6.9206,-36.9443,True,100.0,0,47.3,68.0,26.0,0.313,MEDIO
2024,6,Jun,25008,Seridó Ocidental Paraibano,PB,Borborema,-6.9206,-36.9443,True,100.0,1,23.2,67.7,25.8,0.362,MEDIO
2024,7,Jul,25008,Seridó Ocidental Paraibano,PB,Borborema,-6.9206,-36.9443,True,100.0,12,9.2,68.5,26.0,0.397,MEDIO
2024,8,Ago,25008,Seridó Ocidental Paraibano,PB,Borborema,-6.9206,-36.9443,True,100.0,8,2.5,68.6,25.9,0.392,MEDIO
2024,9,Set,25008,Seridó Ocidental Paraibano,PB,Borborema,-6.9206,-36.9443,True,100.0,112,0.8,66.0,26.0,0.473,MEDIO
2024,10,Out,25008,Seridó Ocidental Paraibano,PB,Borborema,-6.9206,-36.9443,True,100.0,45,2.1,66.2,25.9,0.43,MEDIO
2024,11,Nov,25008,Seridó Ocidental Paraibano,PB,Borborema,-6.9206,-36.9443,True,100.0,31,2.3,66.4,25.6,0.412,MEDIO
2024,12,Dez,25008,Seridó Ocidental Paraibano,PB,Borborema,-6.9206,-36.9443,True,100.0,14,26.7,65.1,26.0,0.384,MEDIO
2022,1,Jan,25009,Seridó Oriental Paraibano,PB,Borborema,-6.7317,-36.4251,True,100.0,6,69.5,65.6,25.5,0.269,BAIXO
2022,2,Fev,25009,Seridó Oriental Paraibano,PB,Borborema,-6.7317,-36.4251,True,100.0,9,18.4,67.3,26.1,0.383,MEDIO
2022,3,Mar,25009,Seridó Oriental Paraibano,PB,Borborema,-6.7317,-36.4251,True,100.0,1,247.6,66.3,26.1,0.107,BAIXO
2022,4,Abr,25009,Seridó Oriental Paraibano,PB,Borborema,-6.7317,-36.4251,True,100.0,0,80.0,67.2,26.0,0.25,BAIXO
2022,5,Mai,25009,Seridó Oriental Paraibano,PB,Borborema,-6.7317,-36.4251,True,100.0,1,71.8,68.0,26.0,0.26,BAIXO
2022,6,Jun,25009,Seridó Oriental Paraibano,PB,Borborema,-6.7317,-36.4251,True,100.0,0,82.0,67.7,25.8,0.235,BAIXO
2022,7,Jul,25009,Seridó Oriental Paraibano,PB,Borborema,-6.7317,-36.4251,True,100.0,0,25.5,68.5,26.0,0.356,MEDIO
2022,8,Ago,25009,Seridó Oriental Paraibano,PB,Borborema,-6.7317,-36.4251,True,100.0,0,14.3,68.6,25.9,0.378,MEDIO
2022,9,Set,25009,Seridó Oriental Paraibano,PB,Borborema,-6.7317,-36.4251,True,100.0,0,2.3,66.0,26.0,0.406,MEDIO
2022,10,Out,25009,Seridó Oriental Paraibano,PB,Borborema,-6.7317,-36.4251,True,100.0,1,2.8,66.2,25.9,0.402,MEDIO
2022,11,Nov,25009,Seridó Oriental Paraibano,PB,Borborema,-6.7317,-36.4251,True,100.0,19,15.0,66.4,25.6,0.383,MEDIO
2022,12,Dez,25009,Seridó Oriental Paraibano,PB,Borborema,-6.7317,-36.4251,True,100.0,9,21.5,65.1,26.0,0.387,MEDIO
2023,1,Jan,25009,Seridó Oriental Paraibano,PB,Borborema,-6.7317,-36.4251,True,100.0,6,17.1,65.6,25.5,0.385,MEDIO
2023,2,Fev,25009,Seridó Oriental Paraibano,PB,Borborema,-6.7317,-36.4251,True,100.0,4,65.0,67.3,26.1,0.285,BAIXO
2023,3,Mar,25009,Seridó Oriental Paraibano,PB,Borborema,-6.7317,-36.4251,True,100.0,3,172.0,66.3,26.1,0.109,BAIXO
2023,4,Abr,25009,Seridó Oriental Paraibano,PB,Borborema,-6.7317,-36.4251,True,100.0,0,102.6,67.2,26.0,0.202,BAIXO
2023,5,Mai,25009,Seridó Oriental Paraibano,PB,Borborema,-6.7317,-36.4251,True,100.0,0,43.1,68.0,26.0,0.322,MEDIO
2023,6,Jun,25009,Seridó Oriental Paraibano,PB,Borborema,-6.7317,-36.4251,True,100.0,0,29.7,67.7,25.8,0.347,MEDIO
2023,7,Jul,25009,Seridó Oriental Paraibano,PB,Borborema,-6.7317,-36.4251,True,100.0,4,13.3,68.5,26.0,0.385,MEDIO
2023,8,Ago,25009,Seridó Oriental Paraibano,PB,Borborema,-6.7317,-36.4251,True,100.0,3,5.9,68.6,25.9,0.389,MEDIO
2023,9,Set,25009,Seridó Oriental Paraibano,PB,Borborema,-6.7317,-36.4251,True,100.0,12,3.2,66.0,26.0,0.413,MEDIO
2023,10,Out,25009,Seridó Oriental Paraibano,PB,Borborema,-6.7317,-36.4251,True,100.0,20,2.1,66.2,25.9,0.414,MEDIO
2023,11,Nov,25009,Seridó Oriental Paraibano,PB,Borborema,-6.7317,-36.4251,True,100.0,20,11.3,66.4,25.6,0.403,MEDIO
2023,12,Dez,25009,Seridó Oriental Paraibano,PB,Borborema,-6.7317,-36.4251,True,100.0,17,27.4,65.1,26.0,0.385,MEDIO
2024,1,Jan,25009,Seridó Oriental Paraibano,PB,Borborema,-6.7317,-36.4251,True,100.0,9,36.6,65.6,25.5,0.345,MEDIO
2024,2,Fev,25009,Seridó Oriental Paraibano,PB,Borborema,-6.7317,-36.4251,True,100.0,7,124.2,67.3,26.1,0.16,BAIXO
2024,3,Mar,25009,Seridó Oriental Paraibano,PB,Borborema,-6.7317,-36.4251,True,100.0,3,173.7,66.3,26.1,0.109,BAIXO
2024,4,Abr,25009,Seridó Oriental Paraibano,PB,Borborema,-6.7317,-36.4251,True,100.0,1,95.9,67.2,26.0,0.217,BAIXO
2024,5,Mai,25009,Seridó Oriental Paraibano,PB,Borborema,-6.7317,-36.4251,True,100.0,0,38.2,68.0,26.0,0.332,MEDIO
2024,6,Jun,25009,Seridó Oriental Paraibano,PB,Borborema,-6.7317,-36.4251,True,100.0,5,50.5,67.7,25.8,0.306,MEDIO
2024,7,Jul,25009,Seridó Oriental Paraibano,PB,Borborema,-6.7317,-36.4251,True,100.0,0,13.0,68.5,26.0,0.383,MEDIO
2024,8,Ago,25009,Seridó Oriental Paraibano,PB,Borborema,-6.7317,-36.4251,True,100.0,6,4.0,68.6,25.9,0.391,MEDIO
2024,9,Set,25009,Seridó Oriental Paraibano,PB,Borborema,-6.7317,-36.4251,True,100.0,11,2.5,66.0,26.0,0.413,MEDIO
2024,10,Out,25009,Seridó Oriental Paraibano,PB,Borborema,-6.7317,-36.4251,True,100.0,12,2.5,66.2,25.9,0.41,MEDIO
2024,11,Nov,25009,Seridó Oriental Paraibano,PB,Borborema,-6.7317,-36.4251,True,100.0,24,2.3,66.4,25.6,0.408,MEDIO
2024,12,Dez,25009,Seridó Oriental Paraibano,PB,Borborema,-6.7317,-36.4251,True,100.0,24,11.5,65.1,26.0,0.423,MEDIO
2022,1,Jan,25010,Cariri Ocidental,PB,Borborema,-7.7127,-36.8758,True,100.0,152,85.4,63.3,24.6,0.227,BAIXO
2022,2,Fev,25010,Cariri Ocidental,PB,Borborema,-7.7127,-36.8758,True,100.0,55,17.9,63.6,24.6,0.369,MEDIO
2022,3,Mar,25010,Cariri Ocidental,PB,Borborema,-7.7127,-36.8758,True,100.0,11,225.3,66.2,24.3,0.062,BAIXO
2022,4,Abr,25010,Cariri Ocidental,PB,Borborema,-7.7127,-36.8758,True,100.0,18,66.2,70.0,23.8,0.211,BAIXO
2022,5,Mai,25010,Cariri Ocidental,PB,Borborema,-7.7127,-36.8758,True,100.0,13,47.7,69.0,23.8,0.257,BAIXO
2022,6,Jun,25010,Cariri Ocidental,PB,Borborema,-7.7127,-36.8758,True,100.0,8,86.0,67.8,24.0,0.182,BAIXO
2022,7,Jul,25010,Cariri Ocidental,PB,Borborema,-7.7127,-36.8758,True,100.0,4,39.7,65.7,24.2,0.299,BAIXO
2022,8,Ago,25010,Cariri Ocidental,PB,Borborema,-7.7127,-36.8758,True,100.0,6,29.6,61.9,24.7,0.357,MEDIO
2022,9,Set,25010,Cariri Ocidental,PB,Borborema,-7.7127,-36.8758,True,100.0,36,3.1,60.6,24.7,0.408,MEDIO
2022,10,Out,25010,Cariri Ocidental,PB,Borborema,-7.7127,-36.8758,True,100.0,97,5.6,61.0,25.0,0.412,MEDIO
2022,11,Nov,25010,Cariri Ocidental,PB,Borborema,-7.7127,-36.8758,True,100.0,202,47.2,61.7,24.9,0.326,MEDIO
2022,12,Dez,25010,Cariri Ocidental,PB,Borborema,-7.7127,-36.8758,True,100.0,224,16.3,61.4,25.1,0.399,MEDIO
2023,1,Jan,25010,Cariri Ocidental,PB,Borborema,-7.7127,-36.8758,True,100.0,157,24.4,59.7,25.4,0.494,MEDIO
2023,2,Fev,25010,Cariri Ocidental,PB,Borborema,-7.7127,-36.8758,True,100.0,55,60.3,61.5,25.6,0.35,MEDIO
2023,3,Mar,25010,Cariri Ocidental,PB,Borborema,-7.7127,-36.8758,True,100.0,21,164.2,61.7,25.5,0.133,BAIXO
2023,4,Abr,25010,Cariri Ocidental,PB,Borborema,-7.7127,-36.8758,True,100.0,21,99.5,59.7,25.5,0.254,BAIXO
2023,5,Mai,25010,Cariri Ocidental,PB,Borborema,-7.7127,-36.8758,True,100.0,10,40.6,60.2,25.4,0.368,MEDIO
2023,6,Jun,25010,Cariri Ocidental,PB,Borborema,-7.7127,-36.8758,True,100.0,6,51.6,61.1,25.2,0.331,MEDIO
2023,7,Jul,25010,Cariri Ocidental,PB,Borborema,-7.7127,-36.8758,True,100.0,12,24.5,62.3,25.1,0.383,MEDIO
2023,8,Ago,25010,Cariri Ocidental,PB,Borborema,-7.7127,-36.8758,True,100.0,31,9.4,61.5,25.1,0.43,MEDIO
2023,9,Set,25010,Cariri Ocidental,PB,Borborema,-7.7127,-36.8758,True,100.0,84,3.9,61.9,25.1,0.46,MEDIO
2023,10,Out,25010,Cariri Ocidental,PB,Borborema,-7.7127,-36.8758,True,100.0,210,2.3,60.5,25.2,0.547,ALTO
2023,11,Nov,25010,Cariri Ocidental,PB,Borborema,-7.7127,-36.8758,True,100.0,314,11.9,59.2,25.3,0.616,ALTO
2023,12,Dez,25010,Cariri Ocidental,PB,Borborema,-7.7127,-36.8758,True,100.0,262,34.7,58.4,25.7,0.551,ALTO
2024,1,Jan,25010,Cariri Ocidental,PB,Borborema,-7.7127,-36.8758,True,100.0,170,28.7,63.2,25.5,0.473,MEDIO
2024,2,Fev,25010,Cariri Ocidental,PB,Borborema,-7.7127,-36.8758,True,100.0,81,134.0,59.7,26.7,0.246,BAIXO
2024,3,Mar,25010,Cariri Ocidental,PB,Borborema,-7.7127,-36.8758,True,100.0,18,128.3,57.6,27.6,0.256,BAIXO
2024,4,Abr,25010,Cariri Ocidental,PB,Borborema,-7.7127,-36.8758,True,100.0,3,124.5,57.2,27.1,0.245,BAIXO
2024,5,Mai,25010,Cariri Ocidental,PB,Borborema,-7.7127,-36.8758,True,100.0,23,59.0,54.9,27.3,0.417,MEDIO
2024,6,Jun,25010,Cariri Ocidental,PB,Borborema,-7.7127,-36.8758,True,100.0,9,57.2,53.2,27.6,0.431,MEDIO
2024,7,Jul,25010,Cariri Ocidental,PB,Borborema,-7.7127,-36.8758,True,100.0,24,33.8,52.9,27.7,0.494,MEDIO
2024,8,Ago,25010,Cariri Ocidental,PB,Borborema,-7.7127,-36.8758,True,100.0,56,6.4,51.7,27.9,0.577,ALTO
2024,9,Set,25010,Cariri Ocidental,PB,Borborema,-7.7127,-36.8758,True,100.0,64,3.0,53.2,27.9,0.572,ALTO
2024,10,Out,25010,Cariri Ocidental,PB,Borborema,-7.7127,-36.8758,True,100.0,162,3.2,50.8,28.0,0.648,ALTO
2024,11,Nov,25010,Cariri Ocidental,PB,Borborema,-7.7127,-36.8758,True,100.0,217,7.2,53.5,27.6,0.655,ALTO
2024,12,Dez,25010,Cariri Ocidental,PB,Borborema,-7.7127,-36.8758,True,100.0,303,14.8,49.0,28.8,0.754,CRITICO
2022,1,Jan,25011,Cariri Oriental,PB,Borborema,-7.5404,-36.3141,True,100.0,28,56.1,67.7,25.5,0.284,BAIXO
2022,2,Fev,25011,Cariri Oriental,PB,Borborema,-7.5404,-36.3141,True,100.0,10,10.2,69.0,25.4,0.372,MEDIO
2022,3,Mar,25011,Cariri Oriental,PB,Borborema,-7.5404,-36.3141,True,100.0,8,162.3,68.9,25.5,0.076,BAIXO
2022,4,Abr,25011,Cariri Oriental,PB,Borborema,-7.5404,-36.3141,True,100.0,5,46.4,72.7,25.0,0.261,BAIXO
2022,5,Mai,25011,Cariri Oriental,PB,Borborema,-7.5404,-36.3141,True,100.0,0,103.4,70.6,25.0,0.152,BAIXO
2022,6,Jun,25011,Cariri Oriental,PB,Borborema,-7.5404,-36.3141,True,100.0,0,91.9,71.1,25.0,0.174,BAIXO
2022,7,Jul,25011,Cariri Oriental,PB,Borborema,-7.5404,-36.3141,True,100.0,0,52.6,70.8,25.0,0.26,BAIXO
2022,8,Ago,25011,Cariri Oriental,PB,Borborema,-7.5404,-36.3141,True,100.0,1,64.4,67.3,25.4,0.267,BAIXO
2022,9,Set,25011,Cariri Oriental,PB,Borborema,-7.5404,-36.3141,True,100.0,3,3.7,66.0,25.6,0.396,MEDIO
2022,10,Out,25011,Cariri Oriental,PB,Borborema,-7.5404,-36.3141,True,100.0,8,3.6,66.2,25.8,0.4,MEDIO
2022,11,Nov,25011,Cariri Oriental,PB,Borborema,-7.5404,-36.3141,True,100.0,10,28.0,68.1,25.5,0.342,MEDIO
2022,12,Dez,25011,Cariri Oriental,PB,Borborema,-7.5404,-36.3141,True,100.0,3,16.1,66.5,25.9,0.388,MEDIO
2023,1,Jan,25011,Cariri Oriental,PB,Borborema,-7.5404,-36.3141,True,100.0,13,19.6,65.6,25.9,0.393,MEDIO
2023,2,Fev,25011,Cariri Oriental,PB,Borborema,-7.5404,-36.3141,True,100.0,10,55.5,67.3,26.2,0.312,MEDIO
2023,3,Mar,25011,Cariri Oriental,PB,Borborema,-7.5404,-36.3141,True,100.0,1,124.7,66.3,26.2,0.164,BAIXO
2023,4,Abr,25011,Cariri Oriental,PB,Borborema,-7.5404,-36.3141,True,100.0,5,73.2,65.7,26.0,0.276,BAIXO
2023,5,Mai,25011,Cariri Oriental,PB,Borborema,-7.5404,-36.3141,True,100.0,2,59.7,66.2,25.9,0.297,BAIXO
2023,6,Jun,25011,Cariri Oriental,PB,Borborema,-7.5404,-36.3141,True,100.0,0,70.7,67.5,25.6,0.257,BAIXO
2023,7,Jul,25011,Cariri Oriental,PB,Borborema,-7.5404,-36.3141,True,100.0,5,28.7,68.7,25.6,0.342,MEDIO
2023,8,Ago,25011,Cariri Oriental,PB,Borborema,-7.5404,-36.3141,True,100.0,8,18.1,69.6,25.3,0.354,MEDIO
2023,9,Set,25011,Cariri Oriental,PB,Borborema,-7.5404,-36.3141,True,100.0,13,7.3,68.4,25.5,0.387,MEDIO
2023,10,Out,25011,Cariri Oriental,PB,Borborema,-7.5404,-36.3141,True,100.0,33,3.1,66.6,25.6,0.412,MEDIO
2023,11,Nov,25011,Cariri Oriental,PB,Borborema,-7.5404,-36.3141,True,100.0,72,7.5,66.4,25.6,0.437,MEDIO
2023,12,Dez,25011,Cariri Oriental,PB,Borborema,-7.5404,-36.3141,True,100.0,20,30.8,65.1,26.0,0.379,MEDIO
2024,1,Jan,25011,Cariri Oriental,PB,Borborema,-7.5404,-36.3141,True,100.0,46,26.5,69.3,25.3,0.36,MEDIO
2024,2,Fev,25011,Cariri Oriental,PB,Borborema,-7.5404,-36.3141,True,100.0,5,96.4,68.4,26.0,0.209,BAIXO
2024,3,Mar,25011,Cariri Oriental,PB,Borborema,-7.5404,-36.3141,True,100.0,8,147.7,68.6,26.0,0.1,BAIXO
2024,4,Abr,25011,Cariri Oriental,PB,Borborema,-7.5404,-36.3141,True,100.0,1,118.8,67.2,26.1,0.169,BAIXO
2024,5,Mai,25011,Cariri Oriental,PB,Borborema,-7.5404,-36.3141,True,100.0,5,57.6,68.0,26.0,0.295,BAIXO
2024,6,Jun,25011,Cariri Oriental,PB,Borborema,-7.5404,-36.3141,True,100.0,2,83.4,67.7,25.9,0.237,BAIXO
2024,7,Jul,25011,Cariri Oriental,PB,Borborema,-7.5404,-36.3141,True,100.0,1,33.2,68.3,26.0,0.343,MEDIO
2024,8,Ago,25011,Cariri Oriental,PB,Borborema,-7.5404,-36.3141,True,100.0,14,14.8,68.6,25.9,0.386,MEDIO
2024,9,Set,25011,Cariri Oriental,PB,Borborema,-7.5404,-36.3141,True,100.0,26,4.7,69.5,26.1,0.402,MEDIO
2024,10,Out,25011,Cariri Oriental,PB,Borborema,-7.5404,-36.3141,True,100.0,51,3.5,68.1,26.0,0.424,MEDIO
2024,11,Nov,25011,Cariri Oriental,PB,Borborema,-7.5404,-36.3141,True,100.0,82,3.5,69.8,25.5,0.419,MEDIO
2024,12,Dez,25011,Cariri Oriental,PB,Borborema,-7.5404,-36.3141,True,100.0,46,6.6,69.6,26.0,0.411,MEDIO
2022,1,Jan,25012,Curimataú Ocidental,PB,Agreste Paraibano,-6.8484,-36.1104,True,100.0,13,54.7,65.6,25.5,0.3,MEDIO
2022,2,Fev,25012,Curimataú Ocidental,PB,Agreste Paraibano,-6.8484,-36.1104,True,100.0,8,9.3,67.3,26.1,0.401,MEDIO
2022,3,Mar,25012,Curimataú Ocidental,PB,Agreste Paraibano,-6.8484,-36.1104,True,100.0,9,222.1,66.3,26.1,0.107,BAIXO
2022,4,Abr,25012,Curimataú Ocidental,PB,Agreste Paraibano,-6.8484,-36.1104,True,100.0,1,68.1,67.2,26.0,0.276,BAIXO
2022,5,Mai,25012,Curimataú Ocidental,PB,Agreste Paraibano,-6.8484,-36.1104,True,100.0,3,90.4,68.0,26.0,0.22,BAIXO
2022,6,Jun,25012,Curimataú Ocidental,PB,Agreste Paraibano,-6.8484,-36.1104,True,100.0,0,81.8,67.7,25.8,0.236,BAIXO
2022,7,Jul,25012,Curimataú Ocidental,PB,Agreste Paraibano,-6.8484,-36.1104,True,100.0,0,57.0,68.5,26.0,0.289,BAIXO
2022,8,Ago,25012,Curimataú Ocidental,PB,Agreste Paraibano,-6.8484,-36.1104,True,100.0,1,36.9,68.6,25.9,0.33,MEDIO
2022,9,Set,25012,Curimataú Ocidental,PB,Agreste Paraibano,-6.8484,-36.1104,True,100.0,3,5.6,66.0,26.0,0.406,MEDIO
2022,10,Out,25012,Curimataú Ocidental,PB,Agreste Paraibano,-6.8484,-36.1104,True,100.0,10,3.8,66.2,25.9,0.402,MEDIO
2022,11,Nov,25012,Curimataú Ocidental,PB,Agreste Paraibano,-6.8484,-36.1104,True,100.0,1,15.3,66.4,25.6,0.382,MEDIO
2022,12,Dez,25012,Curimataú Ocidental,PB,Agreste Paraibano,-6.8484,-36.1104,True,100.0,8,13.9,65.1,26.0,0.404,MEDIO
2023,1,Jan,25012,Curimataú Ocidental,PB,Agreste Paraibano,-6.8484,-36.1104,True,100.0,15,21.0,65.6,25.5,0.382,MEDIO
2023,2,Fev,25012,Curimataú Ocidental,PB,Agreste Paraibano,-6.8484,-36.1104,True,100.0,10,53.7,67.3,26.1,0.313,MEDIO
2023,3,Mar,25012,Curimataú Ocidental,PB,Agreste Paraibano,-6.8484,-36.1104,True,100.0,0,131.9,66.3,26.1,0.146,BAIXO
2023,4,Abr,25012,Curimataú Ocidental,PB,Agreste Paraibano,-6.8484,-36.1104,True,100.0,0,84.4,67.2,26.0,0.241,BAIXO
2023,5,Mai,25012,Curimataú Ocidental,PB,Agreste Paraibano,-6.8484,-36.1104,True,100.0,0,52.2,68.0,26.0,0.302,MEDIO
2023,6,Jun,25012,Curimataú Ocidental,PB,Agreste Paraibano,-6.8484,-36.1104,True,100.0,1,67.3,67.7,25.8,0.267,BAIXO
2023,7,Jul,25012,Curimataú Ocidental,PB,Agreste Paraibano,-6.8484,-36.1104,True,100.0,1,29.8,68.5,26.0,0.348,MEDIO
2023,8,Ago,25012,Curimataú Ocidental,PB,Agreste Paraibano,-6.8484,-36.1104,True,100.0,2,25.8,68.6,25.9,0.355,MEDIO
2023,9,Set,25012,Curimataú Ocidental,PB,Agreste Paraibano,-6.8484,-36.1104,True,100.0,1,10.6,66.0,26.0,0.406,MEDIO
2023,10,Out,25012,Curimataú Ocidental,PB,Agreste Paraibano,-6.8484,-36.1104,True,100.0,8,3.2,66.2,25.9,0.407,MEDIO
2023,11,Nov,25012,Curimataú Ocidental,PB,Agreste Paraibano,-6.8484,-36.1104,True,100.0,22,14.1,66.4,25.6,0.398,MEDIO
2023,12,Dez,25012,Curimataú Ocidental,PB,Agreste Paraibano,-6.8484,-36.1104,True,100.0,91,25.9,65.1,26.0,0.432,MEDIO
2024,1,Jan,25012,Curimataú Ocidental,PB,Agreste Paraibano,-6.8484,-36.1104,True,100.0,10,37.2,65.6,25.5,0.344,MEDIO
2024,2,Fev,25012,Curimataú Ocidental,PB,Agreste Paraibano,-6.8484,-36.1104,True,100.0,8,90.5,67.3,26.1,0.233,BAIXO
2024,3,Mar,25012,Curimataú Ocidental,PB,Agreste Paraibano,-6.8484,-36.1104,True,100.0,1,146.9,66.3,26.1,0.114,BAIXO
2024,4,Abr,25012,Curimataú Ocidental,PB,Agreste Paraibano,-6.8484,-36.1104,True,100.0,1,118.1,67.2,26.0,0.169,BAIXO
2024,5,Mai,25012,Curimataú Ocidental,PB,Agreste Paraibano,-6.8484,-36.1104,True,100.0,2,54.7,68.0,26.0,0.298,BAIXO
2024,6,Jun,25012,Curimataú Ocidental,PB,Agreste Paraibano,-6.8484,-36.1104,True,100.0,0,103.2,67.7,25.8,0.19,BAIXO
2024,7,Jul,25012,Curimataú Ocidental,PB,Agreste Paraibano,-6.8484,-36.1104,True,100.0,0,37.5,68.5,26.0,0.33,MEDIO
2024,8,Ago,25012,Curimataú Ocidental,PB,Agreste Paraibano,-6.8484,-36.1104,True,100.0,12,15.5,68.6,25.9,0.383,MEDIO
2024,9,Set,25012,Curimataú Ocidental,PB,Agreste Paraibano,-6.8484,-36.1104,True,100.0,17,5.8,66.0,26.0,0.416,MEDIO
2024,10,Out,25012,Curimataú Ocidental,PB,Agreste Paraibano,-6.8484,-36.1104,True,100.0,12,3.8,66.2,25.9,0.41,MEDIO
2024,11,Nov,25012,Curimataú Ocidental,PB,Agreste Paraibano,-6.8484,-36.1104,True,100.0,42,3.0,66.4,25.6,0.419,MEDIO
2024,12,Dez,25012,Curimataú Ocidental,PB,Agreste Paraibano,-6.8484,-36.1104,True,100.0,45,13.0,65.1,26.0,0.432,MEDIO
2022,1,Jan,25013,Curimataú Oriental,PB,Agreste Paraibano,-6.6249,-35.7061,True,100.0,10,77.0,65.6,25.5,0.253,BAIXO
2022,2,Fev,25013,Curimataú Oriental,PB,Agreste Paraibano,-6.6249,-35.7061,True,100.0,11,15.3,67.3,26.1,0.389,MEDIO
2022,3,Mar,25013,Curimataú Oriental,PB,Agreste Paraibano,-6.6249,-35.7061,True,100.0,29,210.2,66.3,26.1,0.107,BAIXO
2022,4,Abr,25013,Curimataú Oriental,PB,Agreste Paraibano,-6.6249,-35.7061,True,100.0,0,110.9,67.2,26.0,0.184,BAIXO
2022,5,Mai,25013,Curimataú Oriental,PB,Agreste Paraibano,-6.6249,-35.7061,True,100.0,0,115.4,68.0,26.0,0.167,BAIXO
2022,6,Jun,25013,Curimataú Oriental,PB,Agreste Paraibano,-6.6249,-35.7061,True,100.0,0,118.4,67.7,25.8,0.157,BAIXO
2022,7,Jul,25013,Curimataú Oriental,PB,Agreste Paraibano,-6.6249,-35.7061,True,100.0,0,138.7,68.5,26.0,0.114,BAIXO
2022,8,Ago,25013,Curimataú Oriental,PB,Agreste Paraibano,-6.6249,-35.7061,True,100.0,1,40.0,68.6,25.9,0.323,MEDIO
2022,9,Set,25013,Curimataú Oriental,PB,Agreste Paraibano,-6.6249,-35.7061,True,100.0,1,15.8,66.0,26.0,0.394,MEDIO
2022,10,Out,25013,Curimataú Oriental,PB,Agreste Paraibano,-6.6249,-35.7061,True,100.0,5,9.4,66.2,25.9,0.402,MEDIO
2022,11,Nov,25013,Curimataú Oriental,PB,Agreste Paraibano,-6.6249,-35.7061,True,100.0,17,24.2,66.4,25.6,0.363,MEDIO
2022,12,Dez,25013,Curimataú Oriental,PB,Agreste Paraibano,-6.6249,-35.7061,True,100.0,34,22.9,65.1,26.0,0.384,MEDIO
2023,1,Jan,25013,Curimataú Oriental,PB,Agreste Paraibano,-6.6249,-35.7061,True,100.0,25,32.5,65.6,25.5,0.363,MEDIO
2023,2,Fev,25013,Curimataú Oriental,PB,Agreste Paraibano,-6.6249,-35.7061,True,100.0,15,57.4,67.3,26.1,0.308,MEDIO
2023,3,Mar,25013,Curimataú Oriental,PB,Agreste Paraibano,-6.6249,-35.7061,True,100.0,2,173.9,66.3,26.1,0.108,BAIXO
2023,4,Abr,25013,Curimataú Oriental,PB,Agreste Paraibano,-6.6249,-35.7061,True,100.0,3,122.3,67.2,26.0,0.161,BAIXO
2023,5,Mai,25013,Curimataú Oriental,PB,Agreste Paraibano,-6.6249,-35.7061,True,100.0,2,59.3,68.0,26.0,0.288,BAIXO
2023,6,Jun,25013,Curimataú Oriental,PB,Agreste Paraibano,-6.6249,-35.7061,True,100.0,1,110.6,67.7,25.8,0.174,BAIXO
2023,7,Jul,25013,Curimataú Oriental,PB,Agreste Paraibano,-6.6249,-35.7061,True,100.0,3,59.2,68.5,26.0,0.286,BAIXO
2023,8,Ago,25013,Curimataú Oriental,PB,Agreste Paraibano,-6.6249,-35.7061,True,100.0,1,42.7,68.6,25.9,0.318,MEDIO
2023,9,Set,25013,Curimataú Oriental,PB,Agreste Paraibano,-6.6249,-35.7061,True,100.0,6,33.5,66.0,26.0,0.359,MEDIO
2023,10,Out,25013,Curimataú Oriental,PB,Agreste Paraibano,-6.6249,-35.7061,True,100.0,20,5.6,66.2,25.9,0.414,MEDIO
2023,11,Nov,25013,Curimataú Oriental,PB,Agreste Paraibano,-6.6249,-35.7061,True,100.0,34,28.3,66.4,25.6,0.375,MEDIO
2023,12,Dez,25013,Curimataú Oriental,PB,Agreste Paraibano,-6.6249,-35.7061,True,100.0,100,34.1,65.1,26.0,0.42,MEDIO
2024,1,Jan,25013,Curimataú Oriental,PB,Agreste Paraibano,-6.6249,-35.7061,True,100.0,11,59.8,65.6,25.5,0.296,BAIXO
2024,2,Fev,25013,Curimataú Oriental,PB,Agreste Paraibano,-6.6249,-35.7061,True,100.0,17,120.6,67.3,26.1,0.174,BAIXO
2024,3,Mar,25013,Curimataú Oriental,PB,Agreste Paraibano,-6.6249,-35.7061,True,100.0,4,146.0,66.3,26.1,0.118,BAIXO
2024,4,Abr,25013,Curimataú Oriental,PB,Agreste Paraibano,-6.6249,-35.7061,True,100.0,0,144.2,67.2,26.0,0.112,BAIXO
2024,5,Mai,25013,Curimataú Oriental,PB,Agreste Paraibano,-6.6249,-35.7061,True,100.0,1,76.6,68.0,26.0,0.25,BAIXO
2024,6,Jun,25013,Curimataú Oriental,PB,Agreste Paraibano,-6.6249,-35.7061,True,100.0,0,167.4,67.7,25.8,0.089,BAIXO
2024,7,Jul,25013,Curimataú Oriental,PB,Agreste Paraibano,-6.6249,-35.7061,True,100.0,0,64.8,68.5,26.0,0.272,BAIXO
2024,8,Ago,25013,Curimataú Oriental,PB,Agreste Paraibano,-6.6249,-35.7061,True,100.0,0,18.4,68.6,25.9,0.37,MEDIO
2024,9,Set,25013,Curimataú Oriental,PB,Agreste Paraibano,-6.6249,-35.7061,True,100.0,8,10.5,66.0,26.0,0.41,MEDIO
2024,10,Out,25013,Curimataú Oriental,PB,Agreste Paraibano,-6.6249,-35.7061,True,100.0,19,9.7,66.2,25.9,0.414,MEDIO
2024,11,Nov,25013,Curimataú Oriental,PB,Agreste Paraibano,-6.6249,-35.7061,True,100.0,59,4.6,66.4,25.6,0.429,MEDIO
2024,12,Dez,25013,Curimataú Oriental,PB,Agreste Paraibano,-6.6249,-35.7061,True,100.0,49,22.4,65.1,26.0,0.415,MEDIO
2022,1,Jan,25014,Esperança,PB,Agreste Paraibano,-7.03,-35.8932,True,100.0,0,59.4,65.6,25.5,0.29,BAIXO
2022,2,Fev,25014,Esperança,PB,Agreste Paraibano,-7.03,-35.8932,True,100.0,0,8.4,67.3,26.1,0.401,MEDIO
2022,3,Mar,25014,Esperança,PB,Agreste Paraibano,-7.03,-35.8932,True,100.0,0,188.2,66.3,26.1,0.107,BAIXO
2022,4,Abr,25014,Esperança,PB,Agreste Paraibano,-7.03,-35.8932,True,100.0,0,83.3,67.2,26.0,0.243,BAIXO
2022,5,Mai,25014,Esperança,PB,Agreste Paraibano,-7.03,-35.8932,True,100.0,0,172.4,68.0,26.0,0.092,BAIXO
2022,6,Jun,25014,Esperança,PB,Agreste Paraibano,-7.03,-35.8932,True,100.0,0,143.3,67.7,25.8,0.104,BAIXO
2022,7,Jul,25014,Esperança,PB,Agreste Paraibano,-7.03,-35.8932,True,100.0,0,115.0,68.5,26.0,0.164,BAIXO
2022,8,Ago,25014,Esperança,PB,Agreste Paraibano,-7.03,-35.8932,True,100.0,0,118.2,68.6,25.9,0.156,BAIXO
2022,9,Set,25014,Esperança,PB,Agreste Paraibano,-7.03,-35.8932,True,100.0,0,20.0,66.0,26.0,0.385,MEDIO
2022,10,Out,25014,Esperança,PB,Agreste Paraibano,-7.03,-35.8932,True,100.0,3,7.5,66.2,25.9,0.402,MEDIO
2022,11,Nov,25014,Esperança,PB,Agreste Paraibano,-7.03,-35.8932,True,100.0,1,27.8,66.4,25.6,0.356,MEDIO
2022,12,Dez,25014,Esperança,PB,Agreste Paraibano,-7.03,-35.8932,True,100.0,5,18.1,65.1,26.0,0.395,MEDIO
2023,1,Jan,25014,Esperança,PB,Agreste Paraibano,-7.03,-35.8932,True,100.0,0,44.7,65.6,25.5,0.322,MEDIO
2023,2,Fev,25014,Esperança,PB,Agreste Paraibano,-7.03,-35.8932,True,100.0,0,65.3,67.3,26.1,0.282,BAIXO
2023,3,Mar,25014,Esperança,PB,Agreste Paraibano,-7.03,-35.8932,True,100.0,1,121.7,66.3,26.1,0.168,BAIXO
2023,4,Abr,25014,Esperança,PB,Agreste Paraibano,-7.03,-35.8932,True,100.0,0,92.6,67.2,26.0,0.223,BAIXO
2023,5,Mai,25014,Esperança,PB,Agreste Paraibano,-7.03,-35.8932,True,100.0,1,85.9,68.0,26.0,0.23,BAIXO
2023,6,Jun,25014,Esperança,PB,Agreste Paraibano,-7.03,-35.8932,True,100.0,0,133.3,67.7,25.8,0.125,BAIXO
2023,7,Jul,25014,Esperança,PB,Agreste Paraibano,-7.03,-35.8932,True,100.0,0,55.9,68.5,26.0,0.291,BAIXO
2023,8,Ago,25014,Esperança,PB,Agreste Paraibano,-7.03,-35.8932,True,100.0,0,93.0,68.6,25.9,0.21,BAIXO
2023,9,Set,25014,Esperança,PB,Agreste Paraibano,-7.03,-35.8932,True,100.0,0,39.8,66.0,26.0,0.342,MEDIO
2023,10,Out,25014,Esperança,PB,Agreste Paraibano,-7.03,-35.8932,True,100.0,2,7.4,66.2,25.9,0.404,MEDIO
2023,11,Nov,25014,Esperança,PB,Agreste Paraibano,-7.03,-35.8932,True,100.0,5,26.5,66.4,25.6,0.361,MEDIO
2023,12,Dez,25014,Esperança,PB,Agreste Paraibano,-7.03,-35.8932,True,100.0,0,37.8,65.1,26.0,0.352,MEDIO
2024,1,Jan,25014,Esperança,PB,Agreste Paraibano,-7.03,-35.8932,True,100.0,1,40.1,65.6,25.5,0.332,MEDIO
2024,2,Fev,25014,Esperança,PB,Agreste Paraibano,-7.03,-35.8932,True,100.0,1,96.6,67.3,26.1,0.216,BAIXO
2024,3,Mar,25014,Esperança,PB,Agreste Paraibano,-7.03,-35.8932,True,100.0,1,129.3,66.3,26.1,0.152,BAIXO
2024,4,Abr,25014,Esperança,PB,Agreste Paraibano,-7.03,-35.8932,True,100.0,0,154.7,67.2,26.0,0.1,BAIXO
2024,5,Mai,25014,Esperança,PB,Agreste Paraibano,-7.03,-35.8932,True,100.0,0,111.9,68.0,26.0,0.174,BAIXO
2024,6,Jun,25014,Esperança,PB,Agreste Paraibano,-7.03,-35.8932,True,100.0,0,184.1,67.7,25.8,0.089,BAIXO
2024,7,Jul,25014,Esperança,PB,Agreste Paraibano,-7.03,-35.8932,True,100.0,0,86.0,68.5,26.0,0.227,BAIXO
2024,8,Ago,25014,Esperança,PB,Agreste Paraibano,-7.03,-35.8932,True,100.0,1,45.3,68.6,25.9,0.312,MEDIO
2024,9,Set,25014,Esperança,PB,Agreste Paraibano,-7.03,-35.8932,True,100.0,2,24.2,66.0,26.0,0.377,MEDIO
2024,10,Out,25014,Esperança,PB,Agreste Paraibano,-7.03,-35.8932,True,100.0,10,7.5,66.2,25.9,0.408,MEDIO
2024,11,Nov,25014,Esperança,PB,Agreste Paraibano,-7.03,-35.8932,True,100.0,9,5.6,66.4,25.6,0.399,MEDIO
2024,12,Dez,25014,Esperança,PB,Agreste Paraibano,-7.03,-35.8932,True,100.0,7,22.2,65.1,26.0,0.39,MEDIO
2022,1,Jan,25015,Brejo Paraibano,PB,Agreste Paraibano,-6.9283,-35.65,True,100.0,37,93.9,82.7,22.6,0.12,BAIXO
2022,2,Fev,25015,Brejo Paraibano,PB,Agreste Paraibano,-6.9283,-35.65,True,100.0,14,23.8,85.5,22.4,0.27,BAIXO
2022,3,Mar,25015,Brejo Paraibano,PB,Agreste Paraibano,-6.9283,-35.65,True,100.0,8,252.9,85.5,22.4,0.0,BAIXO
2022,4,Abr,25015,Brejo Paraibano,PB,Agreste Paraibano,-6.9283,-35.65,True,100.0,1,116.9,87.1,22.2,0.071,BAIXO
2022,5,Mai,25015,Brejo Paraibano,PB,Agreste Paraibano,-6.9283,-35.65,True,100.0,1,245.3,87.9,21.9,0.0,BAIXO
2022,6,Jun,25015,Brejo Paraibano,PB,Agreste Paraibano,-6.9283,-35.65,True,100.0,0,191.4,86.9,22.1,0.0,BAIXO
2022,7,Jul,25015,Brejo Paraibano,PB,Agreste Paraibano,-6.9283,-35.65,True,100.0,0,215.2,85.9,22.2,0.0,BAIXO
2022,8,Ago,25015,Brejo Paraibano,PB,Agreste Paraibano,-6.9283,-35.65,True,100.0,0,115.7,83.0,22.5,0.073,BAIXO
2022,9,Set,25015,Brejo Paraibano,PB,Agreste Paraibano,-6.9283,-35.65,True,100.0,5,27.3,83.1,22.6,0.263,BAIXO
2022,10,Out,25015,Brejo Paraibano,PB,Agreste Paraibano,-6.9283,-35.65,True,100.0,3,11.9,83.1,22.7,0.296,BAIXO
2022,11,Nov,25015,Brejo Paraibano,PB,Agreste Paraibano,-6.9283,-35.65,True,100.0,14,36.9,83.8,22.6,0.242,BAIXO
2022,12,Dez,25015,Brejo Paraibano,PB,Agreste Paraibano,-6.9283,-35.65,True,100.0,23,26.2,83.2,22.8,0.265,BAIXO
2023,1,Jan,25015,Brejo Paraibano,PB,Agreste Paraibano,-6.9283,-35.65,True,100.0,17,66.8,82.8,22.9,0.188,BAIXO
2023,2,Fev,25015,Brejo Paraibano,PB,Agreste Paraibano,-6.9283,-35.65,True,100.0,11,81.2,85.8,22.9,0.154,BAIXO
2023,3,Mar,25015,Brejo Paraibano,PB,Agreste Paraibano,-6.9283,-35.65,True,100.0,4,182.3,84.3,22.9,0.002,BAIXO
2023,4,Abr,25015,Brejo Paraibano,PB,Agreste Paraibano,-6.9283,-35.65,True,100.0,5,161.9,82.2,23.0,0.003,BAIXO
2023,5,Mai,25015,Brejo Paraibano,PB,Agreste Paraibano,-6.9283,-35.65,True,100.0,6,124.7,83.7,22.9,0.058,BAIXO
2023,6,Jun,25015,Brejo Paraibano,PB,Agreste Paraibano,-6.9283,-35.65,True,100.0,2,230.8,84.7,22.7,0.001,BAIXO
2023,7,Jul,25015,Brejo Paraibano,PB,Agreste Paraibano,-6.9283,-35.65,True,100.0,6,109.6,85.1,22.6,0.09,BAIXO
2023,8,Ago,25015,Brejo Paraibano,PB,Agreste Paraibano,-6.9283,-35.65,True,100.0,3,109.7,87.2,22.3,0.088,BAIXO
2023,9,Set,25015,Brejo Paraibano,PB,Agreste Paraibano,-6.9283,-35.65,True,100.0,4,59.9,86.2,22.4,0.195,BAIXO
2023,10,Out,25015,Brejo Paraibano,PB,Agreste Paraibano,-6.9283,-35.65,True,100.0,13,10.5,83.4,22.8,0.307,MEDIO
2023,11,Nov,25015,Brejo Paraibano,PB,Agreste Paraibano,-6.9283,-35.65,True,100.0,51,29.7,83.8,22.6,0.288,BAIXO
2023,12,Dez,25015,Brejo Paraibano,PB,Agreste Paraibano,-6.9283,-35.65,True,100.0,20,46.6,83.1,22.8,0.234,BAIXO
2024,1,Jan,25015,Brejo Paraibano,PB,Agreste Paraibano,-6.9283,-35.65,True,100.0,39,69.6,81.7,22.8,0.196,BAIXO
2024,2,Fev,25015,Brejo Paraibano,PB,Agreste Paraibano,-6.9283,-35.65,True,100.0,13,120.7,83.0,22.7,0.071,BAIXO
2024,3,Mar,25015,Brejo Paraibano,PB,Agreste Paraibano,-6.9283,-35.65,True,100.0,19,149.1,84.3,22.7,0.013,BAIXO
2024,4,Abr,25015,Brejo Paraibano,PB,Agreste Paraibano,-6.9283,-35.65,True,100.0,0,177.3,83.3,22.6,0.0,BAIXO
2024,5,Mai,25015,Brejo Paraibano,PB,Agreste Paraibano,-6.9283,-35.65,True,100.0,4,118.9,83.3,22.7,0.069,BAIXO
2024,6,Jun,25015,Brejo Paraibano,PB,Agreste Paraibano,-6.9283,-35.65,True,100.0,2,224.4,84.2,22.7,0.001,BAIXO
2024,7,Jul,25015,Brejo Paraibano,PB,Agreste Paraibano,-6.9283,-35.65,True,100.0,2,126.0,82.2,23.0,0.053,BAIXO
2024,8,Ago,25015,Brejo Paraibano,PB,Agreste Paraibano,-6.9283,-35.65,True,100.0,9,38.5,82.9,23.0,0.244,BAIXO
2024,9,Set,25015,Brejo Paraibano,PB,Agreste Paraibano,-6.9283,-35.65,True,100.0,11,25.2,83.5,23.1,0.274,BAIXO
2024,10,Out,25015,Brejo Paraibano,PB,Agreste Paraibano,-6.9283,-35.65,True,100.0,36,12.3,81.4,23.0,0.317,MEDIO
2024,11,Nov,25015,Brejo Paraibano,PB,Agreste Paraibano,-6.9283,-35.65,True,100.0,129,7.6,84.8,22.6,0.377,MEDIO
2024,12,Dez,25015,Brejo Paraibano,PB,Agreste Paraibano,-6.9283,-35.65,True,100.0,83,31.8,84.2,22.9,0.303,MEDIO
2022,1,Jan,25016,Guarabira,PB,Agreste Paraibano,-6.8197,-35.4344,True,100.0,33,84.8,65.6,25.5,0.236,BAIXO
2022,2,Fev,25016,Guarabira,PB,Agreste Paraibano,-6.8197,-35.4344,True,100.0,34,23.9,67.3,26.1,0.371,MEDIO
2022,3,Mar,25016,Guarabira,PB,Agreste Paraibano,-6.8197,-35.4344,True,100.0,8,237.8,66.3,26.1,0.107,BAIXO
2022,4,Abr,25016,Guarabira,PB,Agreste Paraibano,-6.8197,-35.4344,True,100.0,1,104.8,67.2,26.0,0.197,BAIXO
2022,5,Mai,25016,Guarabira,PB,Agreste Paraibano,-6.8197,-35.4344,True,100.0,3,244.7,68.0,26.0,0.092,BAIXO
2022,6,Jun,25016,Guarabira,PB,Agreste Paraibano,-6.8197,-35.4344,True,100.0,0,186.1,67.7,25.8,0.089,BAIXO
2022,7,Jul,25016,Guarabira,PB,Agreste Paraibano,-6.8197,-35.4344,True,100.0,0,244.2,68.5,26.0,0.089,BAIXO
2022,8,Ago,25016,Guarabira,PB,Agreste Paraibano,-6.8197,-35.4344,True,100.0,4,57.9,68.6,25.9,0.285,BAIXO
2022,9,Set,25016,Guarabira,PB,Agreste Paraibano,-6.8197,-35.4344,True,100.0,14,27.0,66.0,26.0,0.37,MEDIO
2022,10,Out,25016,Guarabira,PB,Agreste Paraibano,-6.8197,-35.4344,True,100.0,5,11.6,66.2,25.9,0.399,MEDIO
2022,11,Nov,25016,Guarabira,PB,Agreste Paraibano,-6.8197,-35.4344,True,100.0,13,37.6,66.4,25.6,0.335,MEDIO
2022,12,Dez,25016,Guarabira,PB,Agreste Paraibano,-6.8197,-35.4344,True,100.0,32,30.0,65.1,26.0,0.369,MEDIO
2023,1,Jan,25016,Guarabira,PB,Agreste Paraibano,-6.8197,-35.4344,True,100.0,30,79.7,65.6,25.5,0.265,BAIXO
2023,2,Fev,25016,Guarabira,PB,Agreste Paraibano,-6.8197,-35.4344,True,100.0,23,59.3,67.3,26.1,0.309,MEDIO
2023,3,Mar,25016,Guarabira,PB,Agreste Paraibano,-6.8197,-35.4344,True,100.0,2,196.2,66.3,26.1,0.108,BAIXO
2023,4,Abr,25016,Guarabira,PB,Agreste Paraibano,-6.8197,-35.4344,True,100.0,10,152.6,67.2,26.0,0.106,BAIXO
2023,5,Mai,25016,Guarabira,PB,Agreste Paraibano,-6.8197,-35.4344,True,100.0,2,108.1,68.0,26.0,0.183,BAIXO
2023,6,Jun,25016,Guarabira,PB,Agreste Paraibano,-6.8197,-35.4344,True,100.0,1,217.2,67.7,25.8,0.09,BAIXO
2023,7,Jul,25016,Guarabira,PB,Agreste Paraibano,-6.8197,-35.4344,True,100.0,5,96.5,68.5,26.0,0.207,BAIXO
2023,8,Ago,25016,Guarabira,PB,Agreste Paraibano,-6.8197,-35.4344,True,100.0,15,65.9,68.6,25.9,0.277,BAIXO
2023,9,Set,25016,Guarabira,PB,Agreste Paraibano,-6.8197,-35.4344,True,100.0,52,53.2,66.0,26.0,0.345,MEDIO
2023,10,Out,25016,Guarabira,PB,Agreste Paraibano,-6.8197,-35.4344,True,100.0,44,8.3,66.2,25.9,0.429,MEDIO
2023,11,Nov,25016,Guarabira,PB,Agreste Paraibano,-6.8197,-35.4344,True,100.0,73,22.0,66.4,25.6,0.412,MEDIO
2023,12,Dez,25016,Guarabira,PB,Agreste Paraibano,-6.8197,-35.4344,True,100.0,71,38.6,65.1,26.0,0.393,MEDIO
2024,1,Jan,25016,Guarabira,PB,Agreste Paraibano,-6.8197,-35.4344,True,100.0,37,95.8,65.6,25.5,0.235,BAIXO
2024,2,Fev,25016,Guarabira,PB,Agreste Paraibano,-6.8197,-35.4344,True,100.0,16,108.8,67.3,26.1,0.199,BAIXO
2024,3,Mar,25016,Guarabira,PB,Agreste Paraibano,-6.8197,-35.4344,True,100.0,6,158.0,66.3,26.1,0.11,BAIXO
2024,4,Abr,25016,Guarabira,PB,Agreste Paraibano,-6.8197,-35.4344,True,100.0,1,174.2,67.2,26.0,0.101,BAIXO
2024,5,Mai,25016,Guarabira,PB,Agreste Paraibano,-6.8197,-35.4344,True,100.0,7,129.4,68.0,26.0,0.141,BAIXO
2024,6,Jun,25016,Guarabira,PB,Agreste Paraibano,-6.8197,-35.4344,True,100.0,7,203.3,67.7,25.8,0.094,BAIXO
2024,7,Jul,25016,Guarabira,PB,Agreste Paraibano,-6.8197,-35.4344,True,100.0,3,101.7,68.5,26.0,0.195,BAIXO
2024,8,Ago,25016,Guarabira,PB,Agreste Paraibano,-6.8197,-35.4344,True,100.0,6,25.0,68.6,25.9,0.359,MEDIO
2024,9,Set,25016,Guarabira,PB,Agreste Paraibano,-6.8197,-35.4344,True,100.0,53,21.5,66.0,26.0,0.413,MEDIO
2024,10,Out,25016,Guarabira,PB,Agreste Paraibano,-6.8197,-35.4344,True,100.0,52,13.8,66.2,25.9,0.426,MEDIO
2024,11,Nov,25016,Guarabira,PB,Agreste Paraibano,-6.8197,-35.4344,True,100.0,207,5.9,66.4,25.6,0.518,ALTO
2024,12,Dez,25016,Guarabira,PB,Agreste Paraibano,-6.8197,-35.4344,True,100.0,70,30.4,65.1,26.0,0.41,MEDIO
2022,1,Jan,25017,Campina Grande,PB,Agreste Paraibano,-7.2837,-35.9634,True,100.0,62,57.1,80.7,23.9,0.199,BAIXO
2022,2,Fev,25017,Campina Grande,PB,Agreste Paraibano,-7.2837,-35.9634,True,100.0,27,7.9,83.1,23.7,0.3,MEDIO
2022,3,Mar,25017,Campina Grande,PB,Agreste Paraibano,-7.2837,-35.9634,True,100.0,4,181.0,83.8,23.6,0.0,BAIXO
2022,4,Abr,25017,Campina Grande,PB,Agreste Paraibano,-7.2837,-35.9634,True,100.0,0,67.1,85.1,23.5,0.178,BAIXO
2022,5,Mai,25017,Campina Grande,PB,Agreste Paraibano,-7.2837,-35.9634,True,100.0,4,172.9,85.4,23.2,0.0,BAIXO
2022,6,Jun,25017,Campina Grande,PB,Agreste Paraibano,-7.2837,-35.9634,True,100.0,0,109.0,85.6,23.2,0.088,BAIXO
2022,7,Jul,25017,Campina Grande,PB,Agreste Paraibano,-7.2837,-35.9634,True,100.0,0,106.3,84.8,23.3,0.094,BAIXO
2022,8,Ago,25017,Campina Grande,PB,Agreste Paraibano,-7.2837,-35.9634,True,100.0,0,46.3,81.1,23.8,0.222,BAIXO
2022,9,Set,25017,Campina Grande,PB,Agreste Paraibano,-7.2837,-35.9634,True,100.0,3,12.6,80.6,23.9,0.294,BAIXO
2022,10,Out,25017,Campina Grande,PB,Agreste Paraibano,-7.2837,-35.9634,True,100.0,11,5.2,80.3,24.0,0.3,MEDIO
2022,11,Nov,25017,Campina Grande,PB,Agreste Paraibano,-7.2837,-35.9634,True,100.0,9,23.1,81.2,23.9,0.272,BAIXO
2022,12,Dez,25017,Campina Grande,PB,Agreste Paraibano,-7.2837,-35.9634,True,100.0,19,17.7,81.0,24.1,0.286,BAIXO
2023,1,Jan,25017,Campina Grande,PB,Agreste Paraibano,-7.2837,-35.9634,True,100.0,27,34.3,80.0,24.2,0.269,BAIXO
2023,2,Fev,25017,Campina Grande,PB,Agreste Paraibano,-7.2837,-35.9634,True,100.0,22,60.3,83.4,24.3,0.213,BAIXO
2023,3,Mar,25017,Campina Grande,PB,Agreste Paraibano,-7.2837,-35.9634,True,100.0,6,110.9,81.8,24.3,0.095,BAIXO
2023,4,Abr,25017,Campina Grande,PB,Agreste Paraibano,-7.2837,-35.9634,True,100.0,1,79.5,81.1,24.1,0.154,BAIXO
2023,5,Mai,25017,Campina Grande,PB,Agreste Paraibano,-7.2837,-35.9634,True,100.0,1,83.5,82.0,24.0,0.143,BAIXO
2023,6,Jun,25017,Campina Grande,PB,Agreste Paraibano,-7.2837,-35.9634,True,100.0,0,113.1,83.3,23.8,0.079,BAIXO
2023,7,Jul,25017,Campina Grande,PB,Agreste Paraibano,-7.2837,-35.9634,True,100.0,0,45.0,83.4,23.8,0.225,BAIXO
2023,8,Ago,25017,Campina Grande,PB,Agreste Paraibano,-7.2837,-35.9634,True,100.0,4,27.2,85.9,23.4,0.266,BAIXO
2023,9,Set,25017,Campina Grande,PB,Agreste Paraibano,-7.2837,-35.9634,True,100.0,7,26.6,84.4,23.5,0.269,BAIXO
2023,10,Out,25017,Campina Grande,PB,Agreste Paraibano,-7.2837,-35.9634,True,100.0,8,5.5,81.8,23.9,0.305,MEDIO
2023,11,Nov,25017,Campina Grande,PB,Agreste Paraibano,-7.2837,-35.9634,True,100.0,55,16.4,81.8,23.8,0.319,MEDIO
2023,12,Dez,25017,Campina Grande,PB,Agreste Paraibano,-7.2837,-35.9634,True,100.0,49,27.4,81.4,24.1,0.295,BAIXO
2024,1,Jan,25017,Campina Grande,PB,Agreste Paraibano,-7.2837,-35.9634,True,100.0,78,31.9,78.2,23.7,0.3,MEDIO
2024,2,Fev,25017,Campina Grande,PB,Agreste Paraibano,-7.2837,-35.9634,True,100.0,22,79.5,81.9,23.4,0.164,BAIXO
2024,3,Mar,25017,Campina Grande,PB,Agreste Paraibano,-7.2837,-35.9634,True,100.0,7,129.4,82.9,23.3,0.048,BAIXO
2024,4,Abr,25017,Campina Grande,PB,Agreste Paraibano,-7.2837,-35.9634,True,100.0,3,156.7,82.1,23.2,0.002,BAIXO
2024,5,Mai,25017,Campina Grande,PB,Agreste Paraibano,-7.2837,-35.9634,True,100.0,3,100.3,81.1,23.4,0.108,BAIXO
2024,6,Jun,25017,Campina Grande,PB,Agreste Paraibano,-7.2837,-35.9634,True,100.0,0,129.2,83.0,23.1,0.045,BAIXO
2024,7,Jul,25017,Campina Grande,PB,Agreste Paraibano,-7.2837,-35.9634,True,100.0,3,64.3,81.4,23.4,0.185,BAIXO
2024,8,Ago,25017,Campina Grande,PB,Agreste Paraibano,-7.2837,-35.9634,True,100.0,7,16.0,83.8,23.6,0.291,BAIXO
2024,9,Set,25017,Campina Grande,PB,Agreste Paraibano,-7.2837,-35.9634,True,100.0,10,17.5,82.3,23.9,0.29,BAIXO
2024,10,Out,25017,Campina Grande,PB,Agreste Paraibano,-7.2837,-35.9634,True,100.0,39,4.9,80.0,23.9,0.323,MEDIO
2024,11,Nov,25017,Campina Grande,PB,Agreste Paraibano,-7.2837,-35.9634,True,100.0,85,3.8,82.9,23.6,0.351,MEDIO
2024,12,Dez,25017,Campina Grande,PB,Agreste Paraibano,-7.2837,-35.9634,True,100.0,107,12.3,81.9,23.9,0.359,MEDIO
2022,1,Jan,25018,Itabaiana,PB,Agreste Paraibano,-7.2862,-35.5066,True,100.0,94,96.4,65.6,25.5,0.211,BAIXO
2022,2,Fev,25018,Itabaiana,PB,Agreste Paraibano,-7.2862,-35.5066,True,100.0,19,18.2,67.3,26.1,0.383,MEDIO
2022,3,Mar,25018,Itabaiana,PB,Agreste Paraibano,-7.2862,-35.5066,True,100.0,8,197.6,66.3,26.1,0.107,BAIXO
2022,4,Abr,25018,Itabaiana,PB,Agreste Paraibano,-7.2862,-35.5066,True,100.0,0,87.4,67.2,26.0,0.234,BAIXO
2022,5,Mai,25018,Itabaiana,PB,Agreste Paraibano,-7.2862,-35.5066,True,100.0,0,229.6,68.0,26.0,0.092,BAIXO
2022,6,Jun,25018,Itabaiana,PB,Agreste Paraibano,-7.2862,-35.5066,True,100.0,0,146.2,67.7,25.8,0.098,BAIXO
2022,7,Jul,25018,Itabaiana,PB,Agreste Paraibano,-7.2862,-35.5066,True,100.0,0,179.3,68.5,26.0,0.089,BAIXO
2022,8,Ago,25018,Itabaiana,PB,Agreste Paraibano,-7.2862,-35.5066,True,100.0,0,55.4,68.6,25.9,0.29,BAIXO
2022,9,Set,25018,Itabaiana,PB,Agreste Paraibano,-7.2862,-35.5066,True,100.0,3,37.6,66.0,26.0,0.347,MEDIO
2022,10,Out,25018,Itabaiana,PB,Agreste Paraibano,-7.2862,-35.5066,True,100.0,1,12.1,66.2,25.9,0.398,MEDIO
2022,11,Nov,25018,Itabaiana,PB,Agreste Paraibano,-7.2862,-35.5066,True,100.0,13,35.6,66.4,25.6,0.339,MEDIO
2022,12,Dez,25018,Itabaiana,PB,Agreste Paraibano,-7.2862,-35.5066,True,100.0,52,19.8,65.1,26.0,0.391,MEDIO
2023,1,Jan,25018,Itabaiana,PB,Agreste Paraibano,-7.2862,-35.5066,True,100.0,81,67.4,65.6,25.5,0.322,MEDIO
2023,2,Fev,25018,Itabaiana,PB,Agreste Paraibano,-7.2862,-35.5066,True,100.0,60,75.4,67.3,26.1,0.296,BAIXO
2023,3,Mar,25018,Itabaiana,PB,Agreste Paraibano,-7.2862,-35.5066,True,100.0,15,142.3,66.3,26.1,0.132,BAIXO
2023,4,Abr,25018,Itabaiana,PB,Agreste Paraibano,-7.2862,-35.5066,True,100.0,3,125.3,67.2,26.0,0.155,BAIXO
2023,5,Mai,25018,Itabaiana,PB,Agreste Paraibano,-7.2862,-35.5066,True,100.0,6,93.6,68.0,26.0,0.217,BAIXO
2023,6,Jun,25018,Itabaiana,PB,Agreste Paraibano,-7.2862,-35.5066,True,100.0,4,142.8,67.7,25.8,0.107,BAIXO
2023,7,Jul,25018,Itabaiana,PB,Agreste Paraibano,-7.2862,-35.5066,True,100.0,3,93.7,68.5,26.0,0.212,BAIXO
2023,8,Ago,25018,Itabaiana,PB,Agreste Paraibano,-7.2862,-35.5066,True,100.0,1,61.9,68.6,25.9,0.277,BAIXO
2023,9,Set,25018,Itabaiana,PB,Agreste Paraibano,-7.2862,-35.5066,True,100.0,11,63.4,66.0,26.0,0.298,BAIXO
2023,10,Out,25018,Itabaiana,PB,Agreste Paraibano,-7.2862,-35.5066,True,100.0,26,10.8,66.2,25.9,0.416,MEDIO
2023,11,Nov,25018,Itabaiana,PB,Agreste Paraibano,-7.2862,-35.5066,True,100.0,43,19.7,66.4,25.6,0.399,MEDIO
2023,12,Dez,25018,Itabaiana,PB,Agreste Paraibano,-7.2862,-35.5066,True,100.0,85,40.1,65.1,26.0,0.398,MEDIO
2024,1,Jan,25018,Itabaiana,PB,Agreste Paraibano,-7.2862,-35.5066,True,100.0,102,59.6,65.6,25.5,0.351,MEDIO
2024,2,Fev,25018,Itabaiana,PB,Agreste Paraibano,-7.2862,-35.5066,True,100.0,45,72.4,67.3,26.1,0.294,BAIXO
2024,3,Mar,25018,Itabaiana,PB,Agreste Paraibano,-7.2862,-35.5066,True,100.0,19,125.3,66.3,26.1,0.171,BAIXO
2024,4,Abr,25018,Itabaiana,PB,Agreste Paraibano,-7.2862,-35.5066,True,100.0,5,146.1,67.2,26.0,0.111,BAIXO
2024,5,Mai,25018,Itabaiana,PB,Agreste Paraibano,-7.2862,-35.5066,True,100.0,6,85.2,68.0,26.0,0.235,BAIXO
2024,6,Jun,25018,Itabaiana,PB,Agreste Paraibano,-7.2862,-35.5066,True,100.0,3,135.6,67.7,25.8,0.122,BAIXO
2024,7,Jul,25018,Itabaiana,PB,Agreste Paraibano,-7.2862,-35.5066,True,100.0,5,101.5,68.5,26.0,0.196,BAIXO
2024,8,Ago,25018,Itabaiana,PB,Agreste Paraibano,-7.2862,-35.5066,True,100.0,9,23.0,68.6,25.9,0.365,MEDIO
2024,9,Set,25018,Itabaiana,PB,Agreste Paraibano,-7.2862,-35.5066,True,100.0,40,42.7,66.0,26.0,0.36,MEDIO
2024,10,Out,25018,Itabaiana,PB,Agreste Paraibano,-7.2862,-35.5066,True,100.0,36,9.3,66.2,25.9,0.424,MEDIO
2024,11,Nov,25018,Itabaiana,PB,Agreste Paraibano,-7.2862,-35.5066,True,100.0,160,5.5,66.4,25.6,0.49,MEDIO
2024,12,Dez,25018,Itabaiana,PB,Agreste Paraibano,-7.2862,-35.5066,True,100.0,167,16.4,65.1,26.0,0.498,MEDIO
2022,1,Jan,25019,Umbuzeiro,PB,Agreste Paraibano,-7.6096,-35.743,True,100.0,13,87.5,65.6,25.5,0.23,BAIXO
2022,2,Fev,25019,Umbuzeiro,PB,Agreste Paraibano,-7.6096,-35.743,True,100.0,6,10.1,67.3,26.1,0.4,MEDIO
2022,3,Mar,25019,Umbuzeiro,PB,Agreste Paraibano,-7.6096,-35.743,True,100.0,4,183.9,66.3,26.1,0.107,BAIXO
2022,4,Abr,25019,Umbuzeiro,PB,Agreste Paraibano,-7.6096,-35.743,True,100.0,3,70.3,67.2,26.0,0.271,BAIXO
2022,5,Mai,25019,Umbuzeiro,PB,Agreste Paraibano,-7.6096,-35.743,True,100.0,0,239.1,68.0,26.0,0.092,BAIXO
2022,6,Jun,25019,Umbuzeiro,PB,Agreste Paraibano,-7.6096,-35.743,True,100.0,0,160.4,67.7,25.8,0.089,BAIXO
2022,7,Jul,25019,Umbuzeiro,PB,Agreste Paraibano,-7.6096,-35.743,True,100.0,0,121.7,68.5,26.0,0.15,BAIXO
2022,8,Ago,25019,Umbuzeiro,PB,Agreste Paraibano,-7.6096,-35.743,True,100.0,1,71.9,68.6,25.9,0.255,BAIXO
2022,9,Set,25019,Umbuzeiro,PB,Agreste Paraibano,-7.6096,-35.743,True,100.0,0,14.4,66.0,26.0,0.397,MEDIO
2022,10,Out,25019,Umbuzeiro,PB,Agreste Paraibano,-7.6096,-35.743,True,100.0,9,9.4,66.2,25.9,0.402,MEDIO
2022,11,Nov,25019,Umbuzeiro,PB,Agreste Paraibano,-7.6096,-35.743,True,100.0,5,28.6,66.4,25.6,0.354,MEDIO
2022,12,Dez,25019,Umbuzeiro,PB,Agreste Paraibano,-7.6096,-35.743,True,100.0,26,21.0,65.1,26.0,0.388,MEDIO
2023,1,Jan,25019,Umbuzeiro,PB,Agreste Paraibano,-7.6096,-35.743,True,100.0,42,38.7,65.6,25.5,0.36,MEDIO
2023,2,Fev,25019,Umbuzeiro,PB,Agreste Paraibano,-7.6096,-35.743,True,100.0,30,75.8,67.3,26.1,0.278,BAIXO
2023,3,Mar,25019,Umbuzeiro,PB,Agreste Paraibano,-7.6096,-35.743,True,100.0,7,119.8,66.3,26.1,0.176,BAIXO
2023,4,Abr,25019,Umbuzeiro,PB,Agreste Paraibano,-7.6096,-35.743,True,100.0,2,115.3,67.2,26.0,0.176,BAIXO
2023,5,Mai,25019,Umbuzeiro,PB,Agreste Paraibano,-7.6096,-35.743,True,100.0,4,92.7,68.0,26.0,0.218,BAIXO
2023,6,Jun,25019,Umbuzeiro,PB,Agreste Paraibano,-7.6096,-35.743,True,100.0,0,126.0,67.7,25.8,0.141,BAIXO
2023,7,Jul,25019,Umbuzeiro,PB,Agreste Paraibano,-7.6096,-35.743,True,100.0,2,63.4,68.5,26.0,0.276,BAIXO
2023,8,Ago,25019,Umbuzeiro,PB,Agreste Paraibano,-7.6096,-35.743,True,100.0,4,35.2,68.6,25.9,0.336,MEDIO
2023,9,Set,25019,Umbuzeiro,PB,Agreste Paraibano,-7.6096,-35.743,True,100.0,5,29.7,66.0,26.0,0.367,MEDIO
2023,10,Out,25019,Umbuzeiro,PB,Agreste Paraibano,-7.6096,-35.743,True,100.0,29,9.8,66.2,25.9,0.42,MEDIO
2023,11,Nov,25019,Umbuzeiro,PB,Agreste Paraibano,-7.6096,-35.743,True,100.0,32,12.4,66.4,25.6,0.408,MEDIO
2023,12,Dez,25019,Umbuzeiro,PB,Agreste Paraibano,-7.6096,-35.743,True,100.0,25,37.1,65.1,26.0,0.369,MEDIO
2024,1,Jan,25019,Umbuzeiro,PB,Agreste Paraibano,-7.6096,-35.743,True,100.0,46,35.8,65.6,25.5,0.369,MEDIO
2024,2,Fev,25019,Umbuzeiro,PB,Agreste Paraibano,-7.6096,-35.743,True,100.0,25,70.2,67.3,26.1,0.287,BAIXO
2024,3,Mar,25019,Umbuzeiro,PB,Agreste Paraibano,-7.6096,-35.743,True,100.0,6,177.7,66.3,26.1,0.11,BAIXO
2024,4,Abr,25019,Umbuzeiro,PB,Agreste Paraibano,-7.6096,-35.743,True,100.0,2,153.4,67.2,26.0,0.101,BAIXO
2024,5,Mai,25019,Umbuzeiro,PB,Agreste Paraibano,-7.6096,-35.743,True,100.0,7,82.3,68.0,26.0,0.242,BAIXO
2024,6,Jun,25019,Umbuzeiro,PB,Agreste Paraibano,-7.6096,-35.743,True,100.0,1,145.9,67.7,25.8,0.099,BAIXO
2024,7,Jul,25019,Umbuzeiro,PB,Agreste Paraibano,-7.6096,-35.743,True,100.0,1,77.5,68.5,26.0,0.245,BAIXO
2024,8,Ago,25019,Umbuzeiro,PB,Agreste Paraibano,-7.6096,-35.743,True,100.0,6,24.9,68.6,25.9,0.359,MEDIO
2024,9,Set,25019,Umbuzeiro,PB,Agreste Paraibano,-7.6096,-35.743,True,100.0,12,17.9,66.0,26.0,0.397,MEDIO
2024,10,Out,25019,Umbuzeiro,PB,Agreste Paraibano,-7.6096,-35.743,True,100.0,24,9.7,66.2,25.9,0.417,MEDIO
2024,11,Nov,25019,Umbuzeiro,PB,Agreste Paraibano,-7.6096,-35.743,True,100.0,72,6.0,66.4,25.6,0.437,MEDIO
2024,12,Dez,25019,Umbuzeiro,PB,Agreste Paraibano,-7.6096,-35.743,True,100.0,62,10.1,65.1,26.0,0.449,MEDIO
2022,1,Jan,25020,Litoral Norte,PB,Mata Paraibana,-6.7279,-35.1379,True,45.0,23,125.1,65.6,25.5,0.15,BAIXO
2022,2,Fev,25020,Litoral Norte,PB,Mata Paraibana,-6.7279,-35.1379,True,45.0,9,16.2,67.3,25.2,0.365,MEDIO
2022,3,Mar,25020,Litoral Norte,PB,Mata Paraibana,-6.7279,-35.1379,True,45.0,3,276.1,66.3,25.1,0.082,BAIXO
2022,4,Abr,25020,Litoral Norte,PB,Mata Paraibana,-6.7279,-35.1379,True,45.0,6,118.4,67.2,25.2,0.146,BAIXO
2022,5,Mai,25020,Litoral Norte,PB,Mata Paraibana,-6.7279,-35.1379,True,45.0,0,329.0,68.0,24.6,0.059,BAIXO
2022,6,Jun,25020,Litoral Norte,PB,Mata Paraibana,-6.7279,-35.1379,True,45.0,0,237.6,67.7,25.0,0.071,BAIXO
2022,7,Jul,25020,Litoral Norte,PB,Mata Paraibana,-6.7279,-35.1379,True,45.0,1,323.0,68.5,24.9,0.063,BAIXO
2022,8,Ago,25020,Litoral Norte,PB,Mata Paraibana,-6.7279,-35.1379,True,45.0,0,56.7,68.6,25.1,0.267,BAIXO
2022,9,Set,25020,Litoral Norte,PB,Mata Paraibana,-6.7279,-35.1379,True,45.0,14,27.8,66.0,25.1,0.346,MEDIO
2022,10,Out,25020,Litoral Norte,PB,Mata Paraibana,-6.7279,-35.1379,True,45.0,11,20.2,66.2,25.4,0.368,MEDIO
2022,11,Nov,25020,Litoral Norte,PB,Mata Paraibana,-6.7279,-35.1379,True,45.0,22,37.2,66.4,25.3,0.328,MEDIO
2022,12,Dez,25020,Litoral Norte,PB,Mata Paraibana,-6.7279,-35.1379,True,45.0,22,36.5,65.1,25.4,0.34,MEDIO
2023,1,Jan,25020,Litoral Norte,PB,Mata Paraibana,-6.7279,-35.1379,True,45.0,97,97.6,65.6,25.3,0.262,BAIXO
2023,2,Fev,25020,Litoral Norte,PB,Mata Paraibana,-6.7279,-35.1379,True,45.0,113,74.9,67.3,25.3,0.309,MEDIO
2023,3,Mar,25020,Litoral Norte,PB,Mata Paraibana,-6.7279,-35.1379,True,45.0,50,231.2,66.3,25.3,0.117,BAIXO
2023,4,Abr,25020,Litoral Norte,PB,Mata Paraibana,-6.7279,-35.1379,True,45.0,21,175.3,67.2,25.4,0.096,BAIXO
2023,5,Mai,25020,Litoral Norte,PB,Mata Paraibana,-6.7279,-35.1379,True,45.0,7,132.2,68.0,25.4,0.121,BAIXO
2023,6,Jun,25020,Litoral Norte,PB,Mata Paraibana,-6.7279,-35.1379,True,45.0,1,284.4,67.7,25.3,0.079,BAIXO
2023,7,Jul,25020,Litoral Norte,PB,Mata Paraibana,-6.7279,-35.1379,True,45.0,13,146.7,68.5,25.2,0.085,BAIXO
2023,8,Ago,25020,Litoral Norte,PB,Mata Paraibana,-6.7279,-35.1379,True,45.0,35,60.2,68.6,25.2,0.283,BAIXO
2023,9,Set,25020,Litoral Norte,PB,Mata Paraibana,-6.7279,-35.1379,True,45.0,41,40.8,66.0,25.0,0.34,MEDIO
2023,10,Out,25020,Litoral Norte,PB,Mata Paraibana,-6.7279,-35.1379,True,45.0,133,10.0,66.2,25.3,0.467,MEDIO
2023,11,Nov,25020,Litoral Norte,PB,Mata Paraibana,-6.7279,-35.1379,True,45.0,151,30.2,66.4,25.0,0.426,MEDIO
2023,12,Dez,25020,Litoral Norte,PB,Mata Paraibana,-6.7279,-35.1379,True,45.0,84,47.4,65.1,25.3,0.365,MEDIO
2024,1,Jan,25020,Litoral Norte,PB,Mata Paraibana,-6.7279,-35.1379,True,45.0,118,121.6,65.6,25.3,0.223,BAIXO
2024,2,Fev,25020,Litoral Norte,PB,Mata Paraibana,-6.7279,-35.1379,True,45.0,96,146.3,67.3,25.6,0.154,BAIXO
2024,3,Mar,25020,Litoral Norte,PB,Mata Paraibana,-6.7279,-35.1379,True,45.0,62,169.1,66.3,25.8,0.137,BAIXO
2024,4,Abr,25020,Litoral Norte,PB,Mata Paraibana,-6.7279,-35.1379,True,45.0,32,210.7,67.2,25.7,0.11,BAIXO
2024,5,Mai,25020,Litoral Norte,PB,Mata Paraibana,-6.7279,-35.1379,True,45.0,12,241.5,68.0,25.6,0.091,BAIXO
2024,6,Jun,25020,Litoral Norte,PB,Mata Paraibana,-6.7279,-35.1379,True,45.0,3,252.6,67.7,25.6,0.087,BAIXO
2024,7,Jul,25020,Litoral Norte,PB,Mata Paraibana,-6.7279,-35.1379,True,45.0,9,129.2,68.5,25.9,0.138,BAIXO
2024,8,Ago,25020,Litoral Norte,PB,Mata Paraibana,-6.7279,-35.1379,True,45.0,89,31.1,68.6,25.9,0.396,MEDIO
2024,9,Set,25020,Litoral Norte,PB,Mata Paraibana,-6.7279,-35.1379,True,45.0,201,24.4,66.0,25.9,0.493,MEDIO
2024,10,Out,25020,Litoral Norte,PB,Mata Paraibana,-6.7279,-35.1379,True,45.0,279,19.1,66.2,25.8,0.548,ALTO
2024,11,Nov,25020,Litoral Norte,PB,Mata Paraibana,-6.7279,-35.1379,True,45.0,298,9.9,66.4,25.6,0.573,ALTO
2024,12,Dez,25020,Litoral Norte,PB,Mata Paraibana,-6.7279,-35.1379,True,45.0,240,32.7,65.1,25.9,0.505,ALTO
2022,1,Jan,25021,Sapé,PB,Mata Paraibana,-7.1515,-35.2229,True,67.0,5,122.8,65.6,25.5,0.155,BAIXO
2022,2,Fev,25021,Sapé,PB,Mata Paraibana,-7.1515,-35.2229,True,67.0,0,27.2,67.3,26.1,0.364,MEDIO
2022,3,Mar,25021,Sapé,PB,Mata Paraibana,-7.1515,-35.2229,True,67.0,0,214.8,66.3,26.1,0.107,BAIXO
2022,4,Abr,25021,Sapé,PB,Mata Paraibana,-7.1515,-35.2229,True,67.0,3,92.0,67.2,26.0,0.224,BAIXO
2022,5,Mai,25021,Sapé,PB,Mata Paraibana,-7.1515,-35.2229,True,67.0,0,305.1,68.0,26.0,0.092,BAIXO
2022,6,Jun,25021,Sapé,PB,Mata Paraibana,-7.1515,-35.2229,True,67.0,0,184.5,67.7,25.8,0.089,BAIXO
2022,7,Jul,25021,Sapé,PB,Mata Paraibana,-7.1515,-35.2229,True,67.0,1,250.7,68.5,26.0,0.089,BAIXO
2022,8,Ago,25021,Sapé,PB,Mata Paraibana,-7.1515,-35.2229,True,67.0,0,58.2,68.6,25.9,0.284,BAIXO
2022,9,Set,25021,Sapé,PB,Mata Paraibana,-7.1515,-35.2229,True,67.0,3,37.5,66.0,26.0,0.347,MEDIO
2022,10,Out,25021,Sapé,PB,Mata Paraibana,-7.1515,-35.2229,True,67.0,3,13.3,66.2,25.9,0.395,MEDIO
2022,11,Nov,25021,Sapé,PB,Mata Paraibana,-7.1515,-35.2229,True,67.0,0,50.1,66.4,25.6,0.308,MEDIO
2022,12,Dez,25021,Sapé,PB,Mata Paraibana,-7.1515,-35.2229,True,67.0,1,22.5,65.1,26.0,0.385,MEDIO
2023,1,Jan,25021,Sapé,PB,Mata Paraibana,-7.1515,-35.2229,True,67.0,50,101.2,65.6,25.5,0.231,BAIXO
2023,2,Fev,25021,Sapé,PB,Mata Paraibana,-7.1515,-35.2229,True,67.0,44,81.3,67.3,26.1,0.274,BAIXO
2023,3,Mar,25021,Sapé,PB,Mata Paraibana,-7.1515,-35.2229,True,67.0,19,146.0,66.3,26.1,0.127,BAIXO
2023,4,Abr,25021,Sapé,PB,Mata Paraibana,-7.1515,-35.2229,True,67.0,0,126.8,67.2,26.0,0.15,BAIXO
2023,5,Mai,25021,Sapé,PB,Mata Paraibana,-7.1515,-35.2229,True,67.0,1,116.2,68.0,26.0,0.166,BAIXO
2023,6,Jun,25021,Sapé,PB,Mata Paraibana,-7.1515,-35.2229,True,67.0,0,206.7,67.7,25.8,0.089,BAIXO
2023,7,Jul,25021,Sapé,PB,Mata Paraibana,-7.1515,-35.2229,True,67.0,9,105.6,68.5,26.0,0.19,BAIXO
2023,8,Ago,25021,Sapé,PB,Mata Paraibana,-7.1515,-35.2229,True,67.0,22,75.2,68.6,25.9,0.261,BAIXO
2023,9,Set,25021,Sapé,PB,Mata Paraibana,-7.1515,-35.2229,True,67.0,20,72.6,66.0,26.0,0.284,BAIXO
2023,10,Out,25021,Sapé,PB,Mata Paraibana,-7.1515,-35.2229,True,67.0,83,10.3,66.2,25.9,0.452,MEDIO
2023,11,Nov,25021,Sapé,PB,Mata Paraibana,-7.1515,-35.2229,True,67.0,115,19.0,66.4,25.6,0.443,MEDIO
2023,12,Dez,25021,Sapé,PB,Mata Paraibana,-7.1515,-35.2229,True,67.0,91,45.1,65.1,26.0,0.391,MEDIO
2024,1,Jan,25021,Sapé,PB,Mata Paraibana,-7.1515,-35.2229,True,67.0,75,97.4,65.6,25.5,0.254,BAIXO
2024,2,Fev,25021,Sapé,PB,Mata Paraibana,-7.1515,-35.2229,True,67.0,38,106.7,67.3,26.1,0.216,BAIXO
2024,3,Mar,25021,Sapé,PB,Mata Paraibana,-7.1515,-35.2229,True,67.0,18,123.2,66.3,26.1,0.175,BAIXO
2024,4,Abr,25021,Sapé,PB,Mata Paraibana,-7.1515,-35.2229,True,67.0,3,158.9,67.2,26.0,0.102,BAIXO
2024,5,Mai,25021,Sapé,PB,Mata Paraibana,-7.1515,-35.2229,True,67.0,5,125.1,68.0,26.0,0.149,BAIXO
2024,6,Jun,25021,Sapé,PB,Mata Paraibana,-7.1515,-35.2229,True,67.0,0,159.6,67.7,25.8,0.089,BAIXO
2024,7,Jul,25021,Sapé,PB,Mata Paraibana,-7.1515,-35.2229,True,67.0,5,104.3,68.5,26.0,0.19,BAIXO
2024,8,Ago,25021,Sapé,PB,Mata Paraibana,-7.1515,-35.2229,True,67.0,94,29.2,68.6,25.9,0.403,MEDIO
2024,9,Set,25021,Sapé,PB,Mata Paraibana,-7.1515,-35.2229,True,67.0,143,39.8,66.0,26.0,0.428,MEDIO
2024,10,Out,25021,Sapé,PB,Mata Paraibana,-7.1515,-35.2229,True,67.0,228,9.8,66.2,25.9,0.539,ALTO
2024,11,Nov,25021,Sapé,PB,Mata Paraibana,-7.1515,-35.2229,True,67.0,259,7.6,66.4,25.6,0.549,ALTO
2024,12,Dez,25021,Sapé,PB,Mata Paraibana,-7.1515,-35.2229,True,67.0,142,28.9,65.1,26.0,0.457,MEDIO
2022,1,Jan,26001,Araripina,PE,Sertão Pernambucano,-7.8101,-40.1576,True,100.0,98,116.3,51.4,25.6,0.26,BAIXO
2022,2,Fev,26001,Araripina,PE,Sertão Pernambucano,-7.8101,-40.1576,True,100.0,52,75.1,51.0,26.1,0.363,MEDIO
2022,3,Mar,26001,Araripina,PE,Sertão Pernambucano,-7.8101,-40.1576,True,100.0,15,131.6,55.4,26.0,0.212,BAIXO
2022,4,Abr,26001,Araripina,PE,Sertão Pernambucano,-7.8101,-40.1576,True,100.0,11,56.8,58.7,25.2,0.332,MEDIO
2022,5,Mai,26001,Araripina,PE,Sertão Pernambucano,-7.8101,-40.1576,True,100.0,13,75.6,60.6,25.7,0.292,BAIXO
2022,6,Jun,26001,Araripina,PE,Sertão Pernambucano,-7.8101,-40.1576,True,100.0,10,28.6,60.3,25.7,0.395,MEDIO
2022,7,Jul,26001,Araripina,PE,Sertão Pernambucano,-7.8101,-40.1576,True,100.0,32,25.3,59.5,25.9,0.412,MEDIO
2022,8,Ago,26001,Araripina,PE,Sertão Pernambucano,-7.8101,-40.1576,True,100.0,93,10.2,58.0,26.0,0.456,MEDIO
2022,9,Set,26001,Araripina,PE,Sertão Pernambucano,-7.8101,-40.1576,True,100.0,1023,5.4,56.0,26.5,0.481,MEDIO
2022,10,Out,26001,Araripina,PE,Sertão Pernambucano,-7.8101,-40.1576,True,100.0,2642,23.6,57.4,26.6,0.446,MEDIO
2022,11,Nov,26001,Araripina,PE,Sertão Pernambucano,-7.8101,-40.1576,True,100.0,1569,126.9,55.0,26.5,0.237,BAIXO
2022,12,Dez,26001,Araripina,PE,Sertão Pernambucano,-7.8101,-40.1576,True,100.0,592,75.8,54.1,26.2,0.345,MEDIO
2023,1,Jan,26001,Araripina,PE,Sertão Pernambucano,-7.8101,-40.1576,True,100.0,125,90.1,64.3,25.7,0.313,MEDIO
2023,2,Fev,26001,Araripina,PE,Sertão Pernambucano,-7.8101,-40.1576,True,100.0,100,78.5,64.4,26.0,0.329,MEDIO
2023,3,Mar,26001,Araripina,PE,Sertão Pernambucano,-7.8101,-40.1576,True,100.0,49,218.1,65.9,26.4,0.146,BAIXO
2023,4,Abr,26001,Araripina,PE,Sertão Pernambucano,-7.8101,-40.1576,True,100.0,38,52.8,67.8,26.2,0.331,MEDIO
2023,5,Mai,26001,Araripina,PE,Sertão Pernambucano,-7.8101,-40.1576,True,100.0,26,43.3,67.1,26.1,0.346,MEDIO
2023,6,Jun,26001,Araripina,PE,Sertão Pernambucano,-7.8101,-40.1576,True,100.0,28,13.6,63.0,26.2,0.439,MEDIO
2023,7,Jul,26001,Araripina,PE,Sertão Pernambucano,-7.8101,-40.1576,True,100.0,181,6.6,64.7,25.8,0.518,ALTO
2023,8,Ago,26001,Araripina,PE,Sertão Pernambucano,-7.8101,-40.1576,True,100.0,387,3.1,61.3,26.3,0.675,ALTO
2023,9,Set,26001,Araripina,PE,Sertão Pernambucano,-7.8101,-40.1576,True,100.0,1770,2.6,59.9,26.3,0.752,CRITICO
2023,10,Out,26001,Araripina,PE,Sertão Pernambucano,-7.8101,-40.1576,True,100.0,3123,4.2,59.6,26.5,0.759,CRITICO
2023,11,Nov,26001,Araripina,PE,Sertão Pernambucano,-7.8101,-40.1576,True,100.0,1506,27.3,58.6,26.9,0.738,CRITICO
2023,12,Dez,26001,Araripina,PE,Sertão Pernambucano,-7.8101,-40.1576,True,100.0,611,35.7,58.0,27.2,0.731,CRITICO
2024,1,Jan,26001,Araripina,PE,Sertão Pernambucano,-7.8101,-40.1576,True,100.0,367,70.1,58.8,26.5,0.555,ALTO
2024,2,Fev,26001,Araripina,PE,Sertão Pernambucano,-7.8101,-40.1576,True,100.0,104,166.0,58.3,26.9,0.239,BAIXO
2024,3,Mar,26001,Araripina,PE,Sertão Pernambucano,-7.8101,-40.1576,True,100.0,25,128.2,58.3,26.9,0.239,BAIXO
2024,4,Abr,26001,Araripina,PE,Sertão Pernambucano,-7.8101,-40.1576,True,100.0,9,182.1,58.3,27.2,0.19,BAIXO
2024,5,Mai,26001,Araripina,PE,Sertão Pernambucano,-7.8101,-40.1576,True,100.0,48,24.2,56.2,27.3,0.498,MEDIO
2024,6,Jun,26001,Araripina,PE,Sertão Pernambucano,-7.8101,-40.1576,True,100.0,28,16.4,56.0,27.3,0.504,ALTO
2024,7,Jul,26001,Araripina,PE,Sertão Pernambucano,-7.8101,-40.1576,True,100.0,79,10.0,58.5,27.0,0.526,ALTO
2024,8,Ago,26001,Araripina,PE,Sertão Pernambucano,-7.8101,-40.1576,True,100.0,329,3.6,59.2,26.9,0.669,ALTO
2024,9,Set,26001,Araripina,PE,Sertão Pernambucano,-7.8101,-40.1576,True,100.0,544,2.4,59.3,27.3,0.781,CRITICO
2024,10,Out,26001,Araripina,PE,Sertão Pernambucano,-7.8101,-40.1576,True,100.0,2337,9.6,56.8,27.5,0.801,CRITICO
2024,11,Nov,26001,Araripina,PE,Sertão Pernambucano,-7.8101,-40.1576,True,100.0,1585,44.3,58.2,27.1,0.709,CRITICO
2024,12,Dez,26001,Araripina,PE,Sertão Pernambucano,-7.8101,-40.1576,True,100.0,1258,23.8,61.1,27.0,0.732,CRITICO
2022,1,Jan,26002,Salgueiro,PE,Sertão Pernambucano,-8.0322,-39.2487,True,100.0,87,94.9,65.1,26.6,0.245,BAIXO
2022,2,Fev,26002,Salgueiro,PE,Sertão Pernambucano,-8.0322,-39.2487,True,100.0,66,46.6,65.4,26.8,0.352,MEDIO
2022,3,Mar,26002,Salgueiro,PE,Sertão Pernambucano,-8.0322,-39.2487,True,100.0,28,124.2,65.6,26.7,0.182,BAIXO
2022,4,Abr,26002,Salgueiro,PE,Sertão Pernambucano,-8.0322,-39.2487,True,100.0,13,56.9,67.5,26.0,0.296,BAIXO
2022,5,Mai,26002,Salgueiro,PE,Sertão Pernambucano,-8.0322,-39.2487,True,100.0,5,46.1,67.6,26.4,0.329,MEDIO
2022,6,Jun,26002,Salgueiro,PE,Sertão Pernambucano,-8.0322,-39.2487,True,100.0,4,27.3,68.6,26.4,0.363,MEDIO
2022,7,Jul,26002,Salgueiro,PE,Sertão Pernambucano,-8.0322,-39.2487,True,100.0,19,19.2,66.3,26.4,0.395,MEDIO
2022,8,Ago,26002,Salgueiro,PE,Sertão Pernambucano,-8.0322,-39.2487,True,100.0,48,6.3,65.0,26.6,0.428,MEDIO
2022,9,Set,26002,Salgueiro,PE,Sertão Pernambucano,-8.0322,-39.2487,True,100.0,364,5.6,63.9,27.0,0.444,MEDIO
2022,10,Out,26002,Salgueiro,PE,Sertão Pernambucano,-8.0322,-39.2487,True,100.0,1150,31.6,64.3,27.2,0.401,MEDIO
2022,11,Nov,26002,Salgueiro,PE,Sertão Pernambucano,-8.0322,-39.2487,True,100.0,881,58.5,64.5,26.9,0.334,MEDIO
2022,12,Dez,26002,Salgueiro,PE,Sertão Pernambucano,-8.0322,-39.2487,True,100.0,486,85.4,63.4,27.0,0.286,BAIXO
2023,1,Jan,26002,Salgueiro,PE,Sertão Pernambucano,-8.0322,-39.2487,True,100.0,69,46.2,65.7,26.9,0.394,MEDIO
2023,2,Fev,26002,Salgueiro,PE,Sertão Pernambucano,-8.0322,-39.2487,True,100.0,62,36.2,65.9,27.1,0.415,MEDIO
2023,3,Mar,26002,Salgueiro,PE,Sertão Pernambucano,-8.0322,-39.2487,True,100.0,66,306.9,67.2,27.1,0.166,BAIXO
2023,4,Abr,26002,Salgueiro,PE,Sertão Pernambucano,-8.0322,-39.2487,True,100.0,19,46.5,65.4,27.1,0.371,MEDIO
2023,5,Mai,26002,Salgueiro,PE,Sertão Pernambucano,-8.0322,-39.2487,True,100.0,25,42.9,64.5,27.3,0.393,MEDIO
2023,6,Jun,26002,Salgueiro,PE,Sertão Pernambucano,-8.0322,-39.2487,True,100.0,9,16.8,64.6,27.1,0.433,MEDIO
2023,7,Jul,26002,Salgueiro,PE,Sertão Pernambucano,-8.0322,-39.2487,True,100.0,41,8.9,66.3,27.0,0.454,MEDIO
2023,8,Ago,26002,Salgueiro,PE,Sertão Pernambucano,-8.0322,-39.2487,True,100.0,115,3.1,64.7,27.0,0.508,ALTO
2023,9,Set,26002,Salgueiro,PE,Sertão Pernambucano,-8.0322,-39.2487,True,100.0,999,3.0,64.0,27.1,0.746,CRITICO
2023,10,Out,26002,Salgueiro,PE,Sertão Pernambucano,-8.0322,-39.2487,True,100.0,1699,4.3,62.5,27.4,0.763,CRITICO
2023,11,Nov,26002,Salgueiro,PE,Sertão Pernambucano,-8.0322,-39.2487,True,100.0,631,17.1,62.8,27.2,0.741,CRITICO
2023,12,Dez,26002,Salgueiro,PE,Sertão Pernambucano,-8.0322,-39.2487,True,100.0,298,43.2,62.8,27.3,0.566,ALTO
2024,1,Jan,26002,Salgueiro,PE,Sertão Pernambucano,-8.0322,-39.2487,True,100.0,268,57.5,66.7,27.0,0.486,MEDIO
2024,2,Fev,26002,Salgueiro,PE,Sertão Pernambucano,-8.0322,-39.2487,True,100.0,100,120.8,67.2,27.2,0.251,BAIXO
2024,3,Mar,26002,Salgueiro,PE,Sertão Pernambucano,-8.0322,-39.2487,True,100.0,123,133.6,67.4,27.2,0.236,BAIXO
2024,4,Abr,26002,Salgueiro,PE,Sertão Pernambucano,-8.0322,-39.2487,True,100.0,14,121.7,66.2,27.4,0.209,BAIXO
2024,5,Mai,26002,Salgueiro,PE,Sertão Pernambucano,-8.0322,-39.2487,True,100.0,18,21.9,65.0,27.3,0.43,MEDIO
2024,6,Jun,26002,Salgueiro,PE,Sertão Pernambucano,-8.0322,-39.2487,True,100.0,21,17.0,65.2,27.5,0.446,MEDIO
2024,7,Jul,26002,Salgueiro,PE,Sertão Pernambucano,-8.0322,-39.2487,True,100.0,17,12.9,66.4,27.5,0.445,MEDIO
2024,8,Ago,26002,Salgueiro,PE,Sertão Pernambucano,-8.0322,-39.2487,True,100.0,85,2.5,65.8,27.6,0.498,MEDIO
2024,9,Set,26002,Salgueiro,PE,Sertão Pernambucano,-8.0322,-39.2487,True,100.0,493,3.1,66.0,27.9,0.75,CRITICO
2024,10,Out,26002,Salgueiro,PE,Sertão Pernambucano,-8.0322,-39.2487,True,100.0,1301,9.5,66.7,27.6,0.742,CRITICO
2024,11,Nov,26002,Salgueiro,PE,Sertão Pernambucano,-8.0322,-39.2487,True,100.0,636,49.8,66.1,27.6,0.66,ALTO
2024,12,Dez,26002,Salgueiro,PE,Sertão Pernambucano,-8.0322,-39.2487,True,100.0,560,23.5,67.5,27.6,0.708,CRITICO
2022,1,Jan,26003,Pajeú,PE,Sertão Pernambucano,-7.8259,-37.8439,True,100.0,385,87.3,65.7,25.4,0.229,BAIXO
2022,2,Fev,26003,Pajeú,PE,Sertão Pernambucano,-7.8259,-37.8439,True,100.0,122,60.0,65.9,25.5,0.288,BAIXO
2022,3,Mar,26003,Pajeú,PE,Sertão Pernambucano,-7.8259,-37.8439,True,100.0,26,169.6,67.2,25.5,0.087,BAIXO
2022,4,Abr,26003,Pajeú,PE,Sertão Pernambucano,-7.8259,-37.8439,True,100.0,18,77.0,68.2,25.4,0.233,BAIXO
2022,5,Mai,26003,Pajeú,PE,Sertão Pernambucano,-7.8259,-37.8439,True,100.0,4,43.9,67.6,25.6,0.314,MEDIO
2022,6,Jun,26003,Pajeú,PE,Sertão Pernambucano,-7.8259,-37.8439,True,100.0,6,57.4,68.6,25.5,0.276,BAIXO
2022,7,Jul,26003,Pajeú,PE,Sertão Pernambucano,-7.8259,-37.8439,True,100.0,17,28.0,66.3,25.6,0.356,MEDIO
2022,8,Ago,26003,Pajeú,PE,Sertão Pernambucano,-7.8259,-37.8439,True,100.0,31,12.1,65.0,25.8,0.403,MEDIO
2022,9,Set,26003,Pajeú,PE,Sertão Pernambucano,-7.8259,-37.8439,True,100.0,245,5.1,65.1,26.0,0.411,MEDIO
2022,10,Out,26003,Pajeú,PE,Sertão Pernambucano,-7.8259,-37.8439,True,100.0,603,22.7,66.5,25.8,0.372,MEDIO
2022,11,Nov,26003,Pajeú,PE,Sertão Pernambucano,-7.8259,-37.8439,True,100.0,1807,81.3,66.0,25.8,0.25,BAIXO
2022,12,Dez,26003,Pajeú,PE,Sertão Pernambucano,-7.8259,-37.8439,True,100.0,1399,44.0,64.8,26.0,0.342,MEDIO
2023,1,Jan,26003,Pajeú,PE,Sertão Pernambucano,-7.8259,-37.8439,True,100.0,395,47.1,55.3,25.9,0.628,ALTO
2023,2,Fev,26003,Pajeú,PE,Sertão Pernambucano,-7.8259,-37.8439,True,100.0,154,70.2,55.5,26.6,0.45,MEDIO
2023,3,Mar,26003,Pajeú,PE,Sertão Pernambucano,-7.8259,-37.8439,True,100.0,118,224.7,56.0,26.4,0.25,BAIXO
2023,4,Abr,26003,Pajeú,PE,Sertão Pernambucano,-7.8259,-37.8439,True,100.0,7,123.7,55.2,26.3,0.242,BAIXO
2023,5,Mai,26003,Pajeú,PE,Sertão Pernambucano,-7.8259,-37.8439,True,100.0,23,50.3,56.0,26.4,0.406,MEDIO
2023,6,Jun,26003,Pajeú,PE,Sertão Pernambucano,-7.8259,-37.8439,True,100.0,17,35.7,54.4,26.4,0.444,MEDIO
2023,7,Jul,26003,Pajeú,PE,Sertão Pernambucano,-7.8259,-37.8439,True,100.0,60,25.7,57.7,26.2,0.465,MEDIO
2023,8,Ago,26003,Pajeú,PE,Sertão Pernambucano,-7.8259,-37.8439,True,100.0,120,6.6,58.8,26.1,0.526,ALTO
2023,9,Set,26003,Pajeú,PE,Sertão Pernambucano,-7.8259,-37.8439,True,100.0,301,4.9,57.3,25.9,0.639,ALTO
2023,10,Out,26003,Pajeú,PE,Sertão Pernambucano,-7.8259,-37.8439,True,100.0,936,2.9,54.9,26.3,0.783,CRITICO
2023,11,Nov,26003,Pajeú,PE,Sertão Pernambucano,-7.8259,-37.8439,True,100.0,1137,23.7,54.0,26.3,0.759,CRITICO
2023,12,Dez,26003,Pajeú,PE,Sertão Pernambucano,-7.8259,-37.8439,True,100.0,1126,43.3,53.8,26.4,0.721,CRITICO
2024,1,Jan,26003,Pajeú,PE,Sertão Pernambucano,-7.8259,-37.8439,True,100.0,634,68.6,64.5,25.5,0.578,ALTO
2024,2,Fev,26003,Pajeú,PE,Sertão Pernambucano,-7.8259,-37.8439,True,100.0,175,155.6,64.8,25.7,0.211,BAIXO
2024,3,Mar,26003,Pajeú,PE,Sertão Pernambucano,-7.8259,-37.8439,True,100.0,49,153.6,64.1,25.7,0.14,BAIXO
2024,4,Abr,26003,Pajeú,PE,Sertão Pernambucano,-7.8259,-37.8439,True,100.0,20,145.6,64.2,25.5,0.126,BAIXO
2024,5,Mai,26003,Pajeú,PE,Sertão Pernambucano,-7.8259,-37.8439,True,100.0,12,59.3,62.9,25.7,0.32,MEDIO
2024,6,Jun,26003,Pajeú,PE,Sertão Pernambucano,-7.8259,-37.8439,True,100.0,32,48.4,62.0,25.8,0.363,MEDIO
2024,7,Jul,26003,Pajeú,PE,Sertão Pernambucano,-7.8259,-37.8439,True,100.0,53,36.6,63.4,25.7,0.39,MEDIO
2024,8,Ago,26003,Pajeú,PE,Sertão Pernambucano,-7.8259,-37.8439,True,100.0,128,5.1,63.2,25.8,0.496,MEDIO
2024,9,Set,26003,Pajeú,PE,Sertão Pernambucano,-7.8259,-37.8439,True,100.0,272,3.8,62.9,26.0,0.589,ALTO
2024,10,Out,26003,Pajeú,PE,Sertão Pernambucano,-7.8259,-37.8439,True,100.0,725,7.2,67.8,25.5,0.682,ALTO
2024,11,Nov,26003,Pajeú,PE,Sertão Pernambucano,-7.8259,-37.8439,True,100.0,1380,10.9,66.0,25.6,0.694,ALTO
2024,12,Dez,26003,Pajeú,PE,Sertão Pernambucano,-7.8259,-37.8439,True,100.0,1359,29.4,64.8,26.1,0.675,ALTO
2022,1,Jan,26004,Sertão do Moxotó,PE,Sertão Pernambucano,-8.4215,-37.6373,True,100.0,179,70.2,65.5,25.3,0.263,BAIXO
2022,2,Fev,26004,Sertão do Moxotó,PE,Sertão Pernambucano,-8.4215,-37.6373,True,100.0,96,36.8,65.2,25.3,0.336,MEDIO
2022,3,Mar,26004,Sertão do Moxotó,PE,Sertão Pernambucano,-8.4215,-37.6373,True,100.0,26,135.3,66.8,25.1,0.11,BAIXO
2022,4,Abr,26004,Sertão do Moxotó,PE,Sertão Pernambucano,-8.4215,-37.6373,True,100.0,17,39.8,70.2,24.6,0.281,BAIXO
2022,5,Mai,26004,Sertão do Moxotó,PE,Sertão Pernambucano,-8.4215,-37.6373,True,100.0,33,48.8,70.2,24.5,0.259,BAIXO
2022,6,Jun,26004,Sertão do Moxotó,PE,Sertão Pernambucano,-8.4215,-37.6373,True,100.0,6,85.4,68.9,24.8,0.197,BAIXO
2022,7,Jul,26004,Sertão do Moxotó,PE,Sertão Pernambucano,-8.4215,-37.6373,True,100.0,1,52.0,66.2,25.1,0.292,BAIXO
2022,8,Ago,26004,Sertão do Moxotó,PE,Sertão Pernambucano,-8.4215,-37.6373,True,100.0,22,28.3,62.6,25.8,0.383,MEDIO
2022,9,Set,26004,Sertão do Moxotó,PE,Sertão Pernambucano,-8.4215,-37.6373,True,100.0,92,6.4,60.6,26.3,0.448,MEDIO
2022,10,Out,26004,Sertão do Moxotó,PE,Sertão Pernambucano,-8.4215,-37.6373,True,100.0,117,13.6,63.1,26.1,0.419,MEDIO
2022,11,Nov,26004,Sertão do Moxotó,PE,Sertão Pernambucano,-8.4215,-37.6373,True,100.0,223,82.0,62.7,26.1,0.275,BAIXO
2022,12,Dez,26004,Sertão do Moxotó,PE,Sertão Pernambucano,-8.4215,-37.6373,True,100.0,267,43.1,63.0,26.0,0.354,MEDIO
2023,1,Jan,26004,Sertão do Moxotó,PE,Sertão Pernambucano,-8.4215,-37.6373,True,100.0,188,32.9,62.1,25.8,0.489,MEDIO
2023,2,Fev,26004,Sertão do Moxotó,PE,Sertão Pernambucano,-8.4215,-37.6373,True,100.0,87,43.1,63.3,26.2,0.409,MEDIO
2023,3,Mar,26004,Sertão do Moxotó,PE,Sertão Pernambucano,-8.4215,-37.6373,True,100.0,78,126.2,63.0,26.3,0.23,BAIXO
2023,4,Abr,26004,Sertão do Moxotó,PE,Sertão Pernambucano,-8.4215,-37.6373,True,100.0,33,104.6,56.6,26.2,0.287,BAIXO
2023,5,Mai,26004,Sertão do Moxotó,PE,Sertão Pernambucano,-8.4215,-37.6373,True,100.0,22,45.1,60.5,26.1,0.381,MEDIO
2023,6,Jun,26004,Sertão do Moxotó,PE,Sertão Pernambucano,-8.4215,-37.6373,True,100.0,13,59.0,60.8,25.9,0.339,MEDIO
2023,7,Jul,26004,Sertão do Moxotó,PE,Sertão Pernambucano,-8.4215,-37.6373,True,100.0,15,44.0,54.5,25.9,0.412,MEDIO
2023,8,Ago,26004,Sertão do Moxotó,PE,Sertão Pernambucano,-8.4215,-37.6373,True,100.0,68,16.3,50.6,25.9,0.527,ALTO
2023,9,Set,26004,Sertão do Moxotó,PE,Sertão Pernambucano,-8.4215,-37.6373,True,100.0,119,5.5,52.9,26.1,0.562,ALTO
2023,10,Out,26004,Sertão do Moxotó,PE,Sertão Pernambucano,-8.4215,-37.6373,True,100.0,303,3.2,51.1,26.4,0.691,ALTO
2023,11,Nov,26004,Sertão do Moxotó,PE,Sertão Pernambucano,-8.4215,-37.6373,True,100.0,352,21.1,53.0,26.2,0.68,ALTO
2023,12,Dez,26004,Sertão do Moxotó,PE,Sertão Pernambucano,-8.4215,-37.6373,True,100.0,305,40.0,53.3,26.3,0.612,ALTO
2024,1,Jan,26004,Sertão do Moxotó,PE,Sertão Pernambucano,-8.4215,-37.6373,True,100.0,300,79.4,65.7,27.0,0.464,MEDIO
2024,2,Fev,26004,Sertão do Moxotó,PE,Sertão Pernambucano,-8.4215,-37.6373,True,100.0,109,112.9,65.9,27.3,0.284,BAIXO
2024,3,Mar,26004,Sertão do Moxotó,PE,Sertão Pernambucano,-8.4215,-37.6373,True,100.0,37,128.8,67.2,27.2,0.196,BAIXO
2024,4,Abr,26004,Sertão do Moxotó,PE,Sertão Pernambucano,-8.4215,-37.6373,True,100.0,13,136.0,68.2,27.6,0.17,BAIXO
2024,5,Mai,26004,Sertão do Moxotó,PE,Sertão Pernambucano,-8.4215,-37.6373,True,100.0,9,53.6,67.6,27.8,0.353,MEDIO
2024,6,Jun,26004,Sertão do Moxotó,PE,Sertão Pernambucano,-8.4215,-37.6373,True,100.0,10,73.0,68.6,28.1,0.314,MEDIO
2024,7,Jul,26004,Sertão do Moxotó,PE,Sertão Pernambucano,-8.4215,-37.6373,True,100.0,12,47.6,66.3,28.1,0.384,MEDIO
2024,8,Ago,26004,Sertão do Moxotó,PE,Sertão Pernambucano,-8.4215,-37.6373,True,100.0,30,12.0,65.0,28.2,0.481,MEDIO
2024,9,Set,26004,Sertão do Moxotó,PE,Sertão Pernambucano,-8.4215,-37.6373,True,100.0,73,4.4,65.1,28.4,0.516,ALTO
2024,10,Out,26004,Sertão do Moxotó,PE,Sertão Pernambucano,-8.4215,-37.6373,True,100.0,224,4.9,66.5,28.0,0.588,ALTO
2024,11,Nov,26004,Sertão do Moxotó,PE,Sertão Pernambucano,-8.4215,-37.6373,True,100.0,367,20.5,66.0,28.0,0.654,ALTO
2024,12,Dez,26004,Sertão do Moxotó,PE,Sertão Pernambucano,-8.4215,-37.6373,True,100.0,370,20.7,64.8,28.3,0.67,ALTO
2022,1,Jan,26005,Petrolina,PE,São Francisco Pernambucano,-8.7071,-40.2435,True,100.0,80,96.8,56.0,27.2,0.313,MEDIO
2022,2,Fev,26005,Petrolina,PE,São Francisco Pernambucano,-8.7071,-40.2435,True,100.0,87,67.7,56.5,27.4,0.377,MEDIO
2022,3,Mar,26005,Petrolina,PE,São Francisco Pernambucano,-8.7071,-40.2435,True,100.0,29,83.3,55.6,27.6,0.354,MEDIO
2022,4,Abr,26005,Petrolina,PE,São Francisco Pernambucano,-8.7071,-40.2435,True,100.0,77,60.4,58.6,27.0,0.37,MEDIO
2022,5,Mai,26005,Petrolina,PE,São Francisco Pernambucano,-8.7071,-40.2435,True,100.0,124,54.4,59.2,27.0,0.379,MEDIO
2022,6,Jun,26005,Petrolina,PE,São Francisco Pernambucano,-8.7071,-40.2435,True,100.0,77,14.7,54.7,27.3,0.499,MEDIO
2022,7,Jul,26005,Petrolina,PE,São Francisco Pernambucano,-8.7071,-40.2435,True,100.0,189,8.3,56.7,27.0,0.489,MEDIO
2022,8,Ago,26005,Petrolina,PE,São Francisco Pernambucano,-8.7071,-40.2435,True,100.0,245,3.7,56.0,27.3,0.501,ALTO
2022,9,Set,26005,Petrolina,PE,São Francisco Pernambucano,-8.7071,-40.2435,True,100.0,2014,2.4,55.1,27.5,0.512,ALTO
2022,10,Out,26005,Petrolina,PE,São Francisco Pernambucano,-8.7071,-40.2435,True,100.0,1830,26.3,55.7,27.6,0.476,MEDIO
2022,11,Nov,26005,Petrolina,PE,São Francisco Pernambucano,-8.7071,-40.2435,True,100.0,616,135.3,57.4,27.6,0.232,BAIXO
2022,12,Dez,26005,Petrolina,PE,São Francisco Pernambucano,-8.7071,-40.2435,True,100.0,203,73.7,55.6,27.9,0.382,MEDIO
2023,1,Jan,26005,Petrolina,PE,São Francisco Pernambucano,-8.7071,-40.2435,True,100.0,84,47.3,51.4,28.1,0.52,ALTO
2023,2,Fev,26005,Petrolina,PE,São Francisco Pernambucano,-8.7071,-40.2435,True,100.0,93,49.4,52.6,28.3,0.519,ALTO
2023,3,Mar,26005,Petrolina,PE,São Francisco Pernambucano,-8.7071,-40.2435,True,100.0,68,146.6,57.8,27.5,0.243,BAIXO
2023,4,Abr,26005,Petrolina,PE,São Francisco Pernambucano,-8.7071,-40.2435,True,100.0,72,23.8,55.4,27.6,0.526,ALTO
2023,5,Mai,26005,Petrolina,PE,São Francisco Pernambucano,-8.7071,-40.2435,True,100.0,43,42.8,56.0,27.7,0.467,MEDIO
2023,6,Jun,26005,Petrolina,PE,São Francisco Pernambucano,-8.7071,-40.2435,True,100.0,122,8.7,54.3,27.7,0.595,ALTO
2023,7,Jul,26005,Petrolina,PE,São Francisco Pernambucano,-8.7071,-40.2435,True,100.0,311,3.1,57.4,27.3,0.679,ALTO
2023,8,Ago,26005,Petrolina,PE,São Francisco Pernambucano,-8.7071,-40.2435,True,100.0,225,1.9,58.1,27.4,0.626,ALTO
2023,9,Set,26005,Petrolina,PE,São Francisco Pernambucano,-8.7071,-40.2435,True,100.0,1078,1.7,56.2,27.7,0.81,CRITICO
2023,10,Out,26005,Petrolina,PE,São Francisco Pernambucano,-8.7071,-40.2435,True,100.0,1515,3.2,53.7,27.8,0.828,CRITICO
2023,11,Nov,26005,Petrolina,PE,São Francisco Pernambucano,-8.7071,-40.2435,True,100.0,978,54.0,53.9,27.6,0.728,CRITICO
2023,12,Dez,26005,Petrolina,PE,São Francisco Pernambucano,-8.7071,-40.2435,True,100.0,537,27.9,53.0,27.8,0.794,CRITICO
2024,1,Jan,26005,Petrolina,PE,São Francisco Pernambucano,-8.7071,-40.2435,True,100.0,152,111.9,63.7,27.3,0.326,MEDIO
2024,2,Fev,26005,Petrolina,PE,São Francisco Pernambucano,-8.7071,-40.2435,True,100.0,93,134.2,68.9,26.8,0.198,BAIXO
2024,3,Mar,26005,Petrolina,PE,São Francisco Pernambucano,-8.7071,-40.2435,True,100.0,100,77.8,69.7,26.4,0.308,MEDIO
2024,4,Abr,26005,Petrolina,PE,São Francisco Pernambucano,-8.7071,-40.2435,True,100.0,71,136.0,68.2,26.8,0.185,BAIXO
2024,5,Mai,26005,Petrolina,PE,São Francisco Pernambucano,-8.7071,-40.2435,True,100.0,134,14.5,64.0,27.4,0.525,ALTO
2024,6,Jun,26005,Petrolina,PE,São Francisco Pernambucano,-8.7071,-40.2435,True,100.0,128,11.0,64.6,27.4,0.525,ALTO
2024,7,Jul,26005,Petrolina,PE,São Francisco Pernambucano,-8.7071,-40.2435,True,100.0,128,5.0,63.6,27.2,0.528,ALTO
2024,8,Ago,26005,Petrolina,PE,São Francisco Pernambucano,-8.7071,-40.2435,True,100.0,419,2.4,61.4,27.5,0.724,CRITICO
2024,9,Set,26005,Petrolina,PE,São Francisco Pernambucano,-8.7071,-40.2435,True,100.0,1021,1.6,65.4,27.3,0.742,CRITICO
2024,10,Out,26005,Petrolina,PE,São Francisco Pernambucano,-8.7071,-40.2435,True,100.0,2490,18.3,65.6,27.1,0.718,CRITICO
2024,11,Nov,26005,Petrolina,PE,São Francisco Pernambucano,-8.7071,-40.2435,True,100.0,1262,62.3,65.5,27.5,0.635,ALTO
2024,12,Dez,26005,Petrolina,PE,São Francisco Pernambucano,-8.7071,-40.2435,True,100.0,613,12.6,64.8,27.4,0.743,CRITICO
2022,1,Jan,26006,Itaparica,PE,São Francisco Pernambucano,-8.737,-38.5648,True,100.0,26,72.4,59.6,25.9,0.31,MEDIO
2022,2,Fev,26006,Itaparica,PE,São Francisco Pernambucano,-8.737,-38.5648,True,100.0,59,33.5,57.3,26.6,0.425,MEDIO
2022,3,Mar,26006,Itaparica,PE,São Francisco Pernambucano,-8.737,-38.5648,True,100.0,28,75.7,55.2,26.9,0.355,MEDIO
2022,4,Abr,26006,Itaparica,PE,São Francisco Pernambucano,-8.737,-38.5648,True,100.0,24,32.6,62.2,25.5,0.369,MEDIO
2022,5,Mai,26006,Itaparica,PE,São Francisco Pernambucano,-8.737,-38.5648,True,100.0,19,43.6,64.8,25.5,0.329,MEDIO
2022,6,Jun,26006,Itaparica,PE,São Francisco Pernambucano,-8.737,-38.5648,True,100.0,5,38.6,65.2,25.6,0.34,MEDIO
2022,7,Jul,26006,Itaparica,PE,São Francisco Pernambucano,-8.737,-38.5648,True,100.0,13,51.2,61.5,26.0,0.346,MEDIO
2022,8,Ago,26006,Itaparica,PE,São Francisco Pernambucano,-8.737,-38.5648,True,100.0,27,18.7,57.7,26.6,0.454,MEDIO
2022,9,Set,26006,Itaparica,PE,São Francisco Pernambucano,-8.737,-38.5648,True,100.0,83,5.3,57.5,26.9,0.482,MEDIO
2022,10,Out,26006,Itaparica,PE,São Francisco Pernambucano,-8.737,-38.5648,True,100.0,112,18.7,58.2,26.9,0.459,MEDIO
2022,11,Nov,26006,Itaparica,PE,São Francisco Pernambucano,-8.737,-38.5648,True,100.0,33,71.7,57.7,26.8,0.346,MEDIO
2022,12,Dez,26006,Itaparica,PE,São Francisco Pernambucano,-8.737,-38.5648,True,100.0,42,86.1,56.2,26.9,0.327,MEDIO
2023,1,Jan,26006,Itaparica,PE,São Francisco Pernambucano,-8.737,-38.5648,True,100.0,27,25.1,57.1,27.2,0.476,MEDIO
2023,2,Fev,26006,Itaparica,PE,São Francisco Pernambucano,-8.737,-38.5648,True,100.0,50,30.1,57.8,27.6,0.484,MEDIO
2023,3,Mar,26006,Itaparica,PE,São Francisco Pernambucano,-8.737,-38.5648,True,100.0,11,137.6,57.4,27.7,0.236,BAIXO
2023,4,Abr,26006,Itaparica,PE,São Francisco Pernambucano,-8.737,-38.5648,True,100.0,23,48.3,56.5,27.6,0.437,MEDIO
2023,5,Mai,26006,Itaparica,PE,São Francisco Pernambucano,-8.737,-38.5648,True,100.0,7,44.0,56.7,27.6,0.436,MEDIO
2023,6,Jun,26006,Itaparica,PE,São Francisco Pernambucano,-8.737,-38.5648,True,100.0,6,42.5,56.0,27.5,0.44,MEDIO
2023,7,Jul,26006,Itaparica,PE,São Francisco Pernambucano,-8.737,-38.5648,True,100.0,24,24.5,58.2,27.3,0.471,MEDIO
2023,8,Ago,26006,Itaparica,PE,São Francisco Pernambucano,-8.737,-38.5648,True,100.0,28,11.5,56.3,27.3,0.513,ALTO
2023,9,Set,26006,Itaparica,PE,São Francisco Pernambucano,-8.737,-38.5648,True,100.0,56,5.5,56.1,27.5,0.539,ALTO
2023,10,Out,26006,Itaparica,PE,São Francisco Pernambucano,-8.737,-38.5648,True,100.0,77,2.5,55.0,27.6,0.561,ALTO
2023,11,Nov,26006,Itaparica,PE,São Francisco Pernambucano,-8.737,-38.5648,True,100.0,239,10.1,53.8,27.6,0.666,ALTO
2023,12,Dez,26006,Itaparica,PE,São Francisco Pernambucano,-8.737,-38.5648,True,100.0,96,25.4,54.3,27.6,0.544,ALTO
2024,1,Jan,26006,Itaparica,PE,São Francisco Pernambucano,-8.737,-38.5648,True,100.0,63,81.8,58.4,27.0,0.363,MEDIO
2024,2,Fev,26006,Itaparica,PE,São Francisco Pernambucano,-8.737,-38.5648,True,100.0,24,104.8,59.0,27.1,0.289,BAIXO
2024,3,Mar,26006,Itaparica,PE,São Francisco Pernambucano,-8.737,-38.5648,True,100.0,15,106.3,58.2,27.4,0.293,BAIXO
2024,4,Abr,26006,Itaparica,PE,São Francisco Pernambucano,-8.737,-38.5648,True,100.0,22,113.1,57.8,27.4,0.285,BAIXO
2024,5,Mai,26006,Itaparica,PE,São Francisco Pernambucano,-8.737,-38.5648,True,100.0,9,45.4,56.9,27.4,0.428,MEDIO
2024,6,Jun,26006,Itaparica,PE,São Francisco Pernambucano,-8.737,-38.5648,True,100.0,10,42.1,55.6,27.6,0.448,MEDIO
2024,7,Jul,26006,Itaparica,PE,São Francisco Pernambucano,-8.737,-38.5648,True,100.0,15,27.0,57.2,27.5,0.471,MEDIO
2024,8,Ago,26006,Itaparica,PE,São Francisco Pernambucano,-8.737,-38.5648,True,100.0,29,8.7,57.5,27.6,0.517,ALTO
2024,9,Set,26006,Itaparica,PE,São Francisco Pernambucano,-8.737,-38.5648,True,100.0,64,3.0,57.2,27.9,0.547,ALTO
2024,10,Out,26006,Itaparica,PE,São Francisco Pernambucano,-8.737,-38.5648,True,100.0,56,4.0,57.3,27.8,0.539,ALTO
2024,11,Nov,26006,Itaparica,PE,São Francisco Pernambucano,-8.737,-38.5648,True,100.0,83,40.6,56.0,27.8,0.498,MEDIO
2024,12,Dez,26006,Itaparica,PE,São Francisco Pernambucano,-8.737,-38.5648,True,100.0,80,17.4,57.3,27.9,0.54,ALTO
2022,1,Jan,26007,Vale do Ipanema,PE,Agreste Pernambucano,-8.7883,-37.1241,True,100.0,167,57.7,67.6,23.8,0.244,BAIXO
2022,2,Fev,26007,Vale do Ipanema,PE,Agreste Pernambucano,-8.7883,-37.1241,True,100.0,136,19.3,65.0,23.9,0.343,MEDIO
2022,3,Mar,26007,Vale do Ipanema,PE,Agreste Pernambucano,-8.7883,-37.1241,True,100.0,61,103.4,66.3,23.7,0.154,BAIXO
2022,4,Abr,26007,Vale do Ipanema,PE,Agreste Pernambucano,-8.7883,-37.1241,True,100.0,62,58.7,71.1,23.0,0.22,BAIXO
2022,5,Mai,26007,Vale do Ipanema,PE,Agreste Pernambucano,-8.7883,-37.1241,True,100.0,19,102.9,72.5,23.1,0.117,BAIXO
2022,6,Jun,26007,Vale do Ipanema,PE,Agreste Pernambucano,-8.7883,-37.1241,True,100.0,1,183.2,75.2,23.0,0.0,BAIXO
2022,7,Jul,26007,Vale do Ipanema,PE,Agreste Pernambucano,-8.7883,-37.1241,True,100.0,0,115.1,71.3,23.2,0.098,BAIXO
2022,8,Ago,26007,Vale do Ipanema,PE,Agreste Pernambucano,-8.7883,-37.1241,True,100.0,8,72.3,65.5,24.1,0.228,BAIXO
2022,9,Set,26007,Vale do Ipanema,PE,Agreste Pernambucano,-8.7883,-37.1241,True,100.0,40,14.7,65.1,24.3,0.359,MEDIO
2022,10,Out,26007,Vale do Ipanema,PE,Agreste Pernambucano,-8.7883,-37.1241,True,100.0,88,9.4,66.5,24.5,0.366,MEDIO
2022,11,Nov,26007,Vale do Ipanema,PE,Agreste Pernambucano,-8.7883,-37.1241,True,100.0,82,88.5,66.1,24.4,0.197,BAIXO
2022,12,Dez,26007,Vale do Ipanema,PE,Agreste Pernambucano,-8.7883,-37.1241,True,100.0,159,30.7,66.4,24.1,0.312,MEDIO
2023,1,Jan,26007,Vale do Ipanema,PE,Agreste Pernambucano,-8.7883,-37.1241,True,100.0,207,20.6,72.6,23.4,0.416,MEDIO
2023,2,Fev,26007,Vale do Ipanema,PE,Agreste Pernambucano,-8.7883,-37.1241,True,100.0,116,40.4,72.6,23.8,0.319,MEDIO
2023,3,Mar,26007,Vale do Ipanema,PE,Agreste Pernambucano,-8.7883,-37.1241,True,100.0,92,88.1,70.7,23.9,0.215,BAIXO
2023,4,Abr,26007,Vale do Ipanema,PE,Agreste Pernambucano,-8.7883,-37.1241,True,100.0,90,83.4,68.7,24.1,0.239,BAIXO
2023,5,Mai,26007,Vale do Ipanema,PE,Agreste Pernambucano,-8.7883,-37.1241,True,100.0,65,57.4,69.8,24.0,0.27,BAIXO
2023,6,Jun,26007,Vale do Ipanema,PE,Agreste Pernambucano,-8.7883,-37.1241,True,100.0,4,104.0,69.9,23.9,0.133,BAIXO
2023,7,Jul,26007,Vale do Ipanema,PE,Agreste Pernambucano,-8.7883,-37.1241,True,100.0,8,70.6,71.3,23.6,0.198,BAIXO
2023,8,Ago,26007,Vale do Ipanema,PE,Agreste Pernambucano,-8.7883,-37.1241,True,100.0,34,44.9,71.5,23.3,0.267,BAIXO
2023,9,Set,26007,Vale do Ipanema,PE,Agreste Pernambucano,-8.7883,-37.1241,True,100.0,123,15.3,69.9,23.7,0.394,MEDIO
2023,10,Out,26007,Vale do Ipanema,PE,Agreste Pernambucano,-8.7883,-37.1241,True,100.0,226,4.4,67.6,24.1,0.484,MEDIO
2023,11,Nov,26007,Vale do Ipanema,PE,Agreste Pernambucano,-8.7883,-37.1241,True,100.0,377,14.5,67.4,23.9,0.564,ALTO
2023,12,Dez,26007,Vale do Ipanema,PE,Agreste Pernambucano,-8.7883,-37.1241,True,100.0,222,25.9,68.1,24.1,0.445,MEDIO
2024,1,Jan,26007,Vale do Ipanema,PE,Agreste Pernambucano,-8.7883,-37.1241,True,100.0,275,71.1,73.7,23.1,0.342,MEDIO
2024,2,Fev,26007,Vale do Ipanema,PE,Agreste Pernambucano,-8.7883,-37.1241,True,100.0,128,105.2,75.4,23.2,0.173,BAIXO
2024,3,Mar,26007,Vale do Ipanema,PE,Agreste Pernambucano,-8.7883,-37.1241,True,100.0,95,82.9,72.0,23.8,0.22,BAIXO
2024,4,Abr,26007,Vale do Ipanema,PE,Agreste Pernambucano,-8.7883,-37.1241,True,100.0,59,130.9,73.1,23.5,0.088,BAIXO
2024,5,Mai,26007,Vale do Ipanema,PE,Agreste Pernambucano,-8.7883,-37.1241,True,100.0,14,95.7,72.2,23.5,0.142,BAIXO
2024,6,Jun,26007,Vale do Ipanema,PE,Agreste Pernambucano,-8.7883,-37.1241,True,100.0,9,131.4,72.6,23.4,0.06,BAIXO
2024,7,Jul,26007,Vale do Ipanema,PE,Agreste Pernambucano,-8.7883,-37.1241,True,100.0,7,81.0,73.1,23.6,0.164,BAIXO
2024,8,Ago,26007,Vale do Ipanema,PE,Agreste Pernambucano,-8.7883,-37.1241,True,100.0,78,25.8,74.3,23.4,0.317,MEDIO
2024,9,Set,26007,Vale do Ipanema,PE,Agreste Pernambucano,-8.7883,-37.1241,True,100.0,114,11.0,72.2,24.1,0.386,MEDIO
2024,10,Out,26007,Vale do Ipanema,PE,Agreste Pernambucano,-8.7883,-37.1241,True,100.0,165,5.3,69.8,24.3,0.439,MEDIO
2024,11,Nov,26007,Vale do Ipanema,PE,Agreste Pernambucano,-8.7883,-37.1241,True,100.0,345,24.2,71.1,23.9,0.501,ALTO
2024,12,Dez,26007,Vale do Ipanema,PE,Agreste Pernambucano,-8.7883,-37.1241,True,100.0,400,18.6,71.1,24.1,0.548,ALTO
2022,1,Jan,26008,Vale do Ipojuca,PE,Agreste Pernambucano,-8.2805,-36.3026,True,100.0,279,64.7,65.7,25.4,0.277,BAIXO
2022,2,Fev,26008,Vale do Ipojuca,PE,Agreste Pernambucano,-8.2805,-36.3026,True,100.0,153,25.5,65.9,25.5,0.362,MEDIO
2022,3,Mar,26008,Vale do Ipojuca,PE,Agreste Pernambucano,-8.2805,-36.3026,True,100.0,83,108.9,67.2,25.5,0.176,BAIXO
2022,4,Abr,26008,Vale do Ipojuca,PE,Agreste Pernambucano,-8.2805,-36.3026,True,100.0,48,56.7,68.2,25.4,0.276,BAIXO
2022,5,Mai,26008,Vale do Ipojuca,PE,Agreste Pernambucano,-8.2805,-36.3026,True,100.0,23,152.7,67.6,25.6,0.086,BAIXO
2022,6,Jun,26008,Vale do Ipojuca,PE,Agreste Pernambucano,-8.2805,-36.3026,True,100.0,1,154.4,68.6,25.5,0.078,BAIXO
2022,7,Jul,26008,Vale do Ipojuca,PE,Agreste Pernambucano,-8.2805,-36.3026,True,100.0,0,91.0,66.3,25.6,0.221,BAIXO
2022,8,Ago,26008,Vale do Ipojuca,PE,Agreste Pernambucano,-8.2805,-36.3026,True,100.0,6,94.0,65.0,25.8,0.228,BAIXO
2022,9,Set,26008,Vale do Ipojuca,PE,Agreste Pernambucano,-8.2805,-36.3026,True,100.0,62,10.1,65.1,26.0,0.41,MEDIO
2022,10,Out,26008,Vale do Ipojuca,PE,Agreste Pernambucano,-8.2805,-36.3026,True,100.0,78,10.4,66.5,25.8,0.399,MEDIO
2022,11,Nov,26008,Vale do Ipojuca,PE,Agreste Pernambucano,-8.2805,-36.3026,True,100.0,64,69.4,66.0,25.8,0.275,BAIXO
2022,12,Dez,26008,Vale do Ipojuca,PE,Agreste Pernambucano,-8.2805,-36.3026,True,100.0,219,30.5,64.8,26.0,0.371,MEDIO
2023,1,Jan,26008,Vale do Ipojuca,PE,Agreste Pernambucano,-8.2805,-36.3026,True,100.0,239,31.7,65.7,25.4,0.491,MEDIO
2023,2,Fev,26008,Vale do Ipojuca,PE,Agreste Pernambucano,-8.2805,-36.3026,True,100.0,106,52.5,65.9,25.5,0.368,MEDIO
2023,3,Mar,26008,Vale do Ipojuca,PE,Agreste Pernambucano,-8.2805,-36.3026,True,100.0,103,129.0,67.2,25.5,0.194,BAIXO
2023,4,Abr,26008,Vale do Ipojuca,PE,Agreste Pernambucano,-8.2805,-36.3026,True,100.0,75,82.8,68.2,25.4,0.265,BAIXO
2023,5,Mai,26008,Vale do Ipojuca,PE,Agreste Pernambucano,-8.2805,-36.3026,True,100.0,22,62.7,67.6,25.6,0.287,BAIXO
2023,6,Jun,26008,Vale do Ipojuca,PE,Agreste Pernambucano,-8.2805,-36.3026,True,100.0,3,114.6,68.6,25.5,0.155,BAIXO
2023,7,Jul,26008,Vale do Ipojuca,PE,Agreste Pernambucano,-8.2805,-36.3026,True,100.0,28,55.2,66.3,25.6,0.314,MEDIO
2023,8,Ago,26008,Vale do Ipojuca,PE,Agreste Pernambucano,-8.2805,-36.3026,True,100.0,76,49.8,65.0,25.8,0.368,MEDIO
2023,9,Set,26008,Vale do Ipojuca,PE,Agreste Pernambucano,-8.2805,-36.3026,True,100.0,138,17.1,65.1,26.0,0.478,MEDIO
2023,10,Out,26008,Vale do Ipojuca,PE,Agreste Pernambucano,-8.2805,-36.3026,True,100.0,284,6.8,66.5,25.8,0.57,ALTO
2023,11,Nov,26008,Vale do Ipojuca,PE,Agreste Pernambucano,-8.2805,-36.3026,True,100.0,523,9.9,66.0,25.8,0.702,CRITICO
2023,12,Dez,26008,Vale do Ipojuca,PE,Agreste Pernambucano,-8.2805,-36.3026,True,100.0,410,50.0,64.8,26.0,0.575,ALTO
2024,1,Jan,26008,Vale do Ipojuca,PE,Agreste Pernambucano,-8.2805,-36.3026,True,100.0,493,25.9,65.7,25.4,0.656,ALTO
2024,2,Fev,26008,Vale do Ipojuca,PE,Agreste Pernambucano,-8.2805,-36.3026,True,100.0,168,92.7,65.9,25.5,0.319,MEDIO
2024,3,Mar,26008,Vale do Ipojuca,PE,Agreste Pernambucano,-8.2805,-36.3026,True,100.0,164,122.2,67.2,25.5,0.245,BAIXO
2024,4,Abr,26008,Vale do Ipojuca,PE,Agreste Pernambucano,-8.2805,-36.3026,True,100.0,68,116.3,68.2,25.4,0.189,BAIXO
2024,5,Mai,26008,Vale do Ipojuca,PE,Agreste Pernambucano,-8.2805,-36.3026,True,100.0,44,71.4,67.6,25.6,0.281,BAIXO
2024,6,Jun,26008,Vale do Ipojuca,PE,Agreste Pernambucano,-8.2805,-36.3026,True,100.0,26,143.3,68.6,25.5,0.107,BAIXO
2024,7,Jul,26008,Vale do Ipojuca,PE,Agreste Pernambucano,-8.2805,-36.3026,True,100.0,22,78.5,66.3,25.6,0.261,BAIXO
2024,8,Ago,26008,Vale do Ipojuca,PE,Agreste Pernambucano,-8.2805,-36.3026,True,100.0,86,28.6,65.0,25.8,0.419,MEDIO
2024,9,Set,26008,Vale do Ipojuca,PE,Agreste Pernambucano,-8.2805,-36.3026,True,100.0,128,11.1,65.1,26.0,0.485,MEDIO
2024,10,Out,26008,Vale do Ipojuca,PE,Agreste Pernambucano,-8.2805,-36.3026,True,100.0,293,5.8,66.5,25.8,0.575,ALTO
2024,11,Nov,26008,Vale do Ipojuca,PE,Agreste Pernambucano,-8.2805,-36.3026,True,100.0,504,9.7,66.0,25.8,0.702,CRITICO
2024,12,Dez,26008,Vale do Ipojuca,PE,Agreste Pernambucano,-8.2805,-36.3026,True,100.0,822,9.2,64.8,26.0,0.715,CRITICO
2022,1,Jan,26009,Alto Capibaribe,PE,Agreste Pernambucano,-7.8745,-36.0141,True,100.0,34,62.7,70.4,24.7,0.233,BAIXO
2022,2,Fev,26009,Alto Capibaribe,PE,Agreste Pernambucano,-7.8745,-36.0141,True,100.0,10,14.8,73.3,24.5,0.313,MEDIO
2022,3,Mar,26009,Alto Capibaribe,PE,Agreste Pernambucano,-7.8745,-36.0141,True,100.0,5,122.0,73.7,24.3,0.076,BAIXO
2022,4,Abr,26009,Alto Capibaribe,PE,Agreste Pernambucano,-7.8745,-36.0141,True,100.0,6,44.5,74.7,24.2,0.233,BAIXO
2022,5,Mai,26009,Alto Capibaribe,PE,Agreste Pernambucano,-7.8745,-36.0141,True,100.0,1,176.7,73.7,24.2,0.013,BAIXO
2022,6,Jun,26009,Alto Capibaribe,PE,Agreste Pernambucano,-7.8745,-36.0141,True,100.0,0,142.8,75.5,24.1,0.018,BAIXO
2022,7,Jul,26009,Alto Capibaribe,PE,Agreste Pernambucano,-7.8745,-36.0141,True,100.0,0,80.7,75.0,24.1,0.151,BAIXO
2022,8,Ago,26009,Alto Capibaribe,PE,Agreste Pernambucano,-7.8745,-36.0141,True,100.0,0,87.1,71.1,24.4,0.169,BAIXO
2022,9,Set,26009,Alto Capibaribe,PE,Agreste Pernambucano,-7.8745,-36.0141,True,100.0,1,10.1,70.2,24.7,0.347,MEDIO
2022,10,Out,26009,Alto Capibaribe,PE,Agreste Pernambucano,-7.8745,-36.0141,True,100.0,13,8.4,70.9,24.9,0.348,MEDIO
2022,11,Nov,26009,Alto Capibaribe,PE,Agreste Pernambucano,-7.8745,-36.0141,True,100.0,5,44.2,72.4,24.5,0.255,BAIXO
2022,12,Dez,26009,Alto Capibaribe,PE,Agreste Pernambucano,-7.8745,-36.0141,True,100.0,18,20.2,72.5,24.6,0.309,MEDIO
2023,1,Jan,26009,Alto Capibaribe,PE,Agreste Pernambucano,-7.8745,-36.0141,True,100.0,15,25.5,73.2,24.6,0.302,MEDIO
2023,2,Fev,26009,Alto Capibaribe,PE,Agreste Pernambucano,-7.8745,-36.0141,True,100.0,7,70.0,75.2,24.8,0.196,BAIXO
2023,3,Mar,26009,Alto Capibaribe,PE,Agreste Pernambucano,-7.8745,-36.0141,True,100.0,5,127.9,73.4,24.9,0.083,BAIXO
2023,4,Abr,26009,Alto Capibaribe,PE,Agreste Pernambucano,-7.8745,-36.0141,True,100.0,1,84.6,73.4,24.5,0.163,BAIXO
2023,5,Mai,26009,Alto Capibaribe,PE,Agreste Pernambucano,-7.8745,-36.0141,True,100.0,2,73.9,73.5,24.5,0.186,BAIXO
2023,6,Jun,26009,Alto Capibaribe,PE,Agreste Pernambucano,-7.8745,-36.0141,True,100.0,0,116.2,75.6,24.2,0.077,BAIXO
2023,7,Jul,26009,Alto Capibaribe,PE,Agreste Pernambucano,-7.8745,-36.0141,True,100.0,1,57.5,75.9,24.3,0.206,BAIXO
2023,8,Ago,26009,Alto Capibaribe,PE,Agreste Pernambucano,-7.8745,-36.0141,True,100.0,4,42.3,76.4,24.1,0.236,BAIXO
2023,9,Set,26009,Alto Capibaribe,PE,Agreste Pernambucano,-7.8745,-36.0141,True,100.0,5,19.1,76.0,24.2,0.289,BAIXO
2023,10,Out,26009,Alto Capibaribe,PE,Agreste Pernambucano,-7.8745,-36.0141,True,100.0,17,8.2,73.6,24.4,0.329,MEDIO
2023,11,Nov,26009,Alto Capibaribe,PE,Agreste Pernambucano,-7.8745,-36.0141,True,100.0,39,9.4,74.5,24.2,0.332,MEDIO
2023,12,Dez,26009,Alto Capibaribe,PE,Agreste Pernambucano,-7.8745,-36.0141,True,100.0,21,39.9,73.0,24.6,0.276,BAIXO
2024,1,Jan,26009,Alto Capibaribe,PE,Agreste Pernambucano,-7.8745,-36.0141,True,100.0,46,22.8,64.1,24.8,0.388,MEDIO
2024,2,Fev,26009,Alto Capibaribe,PE,Agreste Pernambucano,-7.8745,-36.0141,True,100.0,15,89.6,50.3,25.1,0.32,MEDIO
2024,3,Mar,26009,Alto Capibaribe,PE,Agreste Pernambucano,-7.8745,-36.0141,True,100.0,12,169.4,51.3,24.8,0.175,BAIXO
2024,4,Abr,26009,Alto Capibaribe,PE,Agreste Pernambucano,-7.8745,-36.0141,True,100.0,2,107.7,46.8,25.4,0.303,MEDIO
2024,5,Mai,26009,Alto Capibaribe,PE,Agreste Pernambucano,-7.8745,-36.0141,True,100.0,1,65.0,50.7,25.8,0.38,MEDIO
2024,6,Jun,26009,Alto Capibaribe,PE,Agreste Pernambucano,-7.8745,-36.0141,True,100.0,0,139.5,52.2,25.4,0.2,BAIXO
2024,7,Jul,26009,Alto Capibaribe,PE,Agreste Pernambucano,-7.8745,-36.0141,True,100.0,2,63.3,49.6,25.5,0.383,MEDIO
2024,8,Ago,26009,Alto Capibaribe,PE,Agreste Pernambucano,-7.8745,-36.0141,True,100.0,13,26.0,48.1,25.8,0.487,MEDIO
2024,9,Set,26009,Alto Capibaribe,PE,Agreste Pernambucano,-7.8745,-36.0141,True,100.0,12,10.1,53.9,25.5,0.476,MEDIO
2024,10,Out,26009,Alto Capibaribe,PE,Agreste Pernambucano,-7.8745,-36.0141,True,100.0,37,7.9,51.1,25.6,0.512,ALTO
2024,11,Nov,26009,Alto Capibaribe,PE,Agreste Pernambucano,-7.8745,-36.0141,True,100.0,73,6.8,52.9,25.2,0.512,ALTO
2024,12,Dez,26009,Alto Capibaribe,PE,Agreste Pernambucano,-7.8745,-36.0141,True,100.0,33,7.9,49.9,25.2,0.507,ALTO
2022,1,Jan,26010,Médio Capibaribe,PE,Agreste Pernambucano,-7.8819,-35.5603,True,50.0,11,79.0,65.7,25.4,0.247,BAIXO
2022,2,Fev,26010,Médio Capibaribe,PE,Agreste Pernambucano,-7.8819,-35.5603,True,50.0,14,26.9,65.9,25.5,0.359,MEDIO
2022,3,Mar,26010,Médio Capibaribe,PE,Agreste Pernambucano,-7.8819,-35.5603,True,50.0,6,145.2,67.2,25.5,0.098,BAIXO
2022,4,Abr,26010,Médio Capibaribe,PE,Agreste Pernambucano,-7.8819,-35.5603,True,50.0,1,73.8,68.2,25.4,0.24,BAIXO
2022,5,Mai,26010,Médio Capibaribe,PE,Agreste Pernambucano,-7.8819,-35.5603,True,50.0,3,283.0,67.6,25.6,0.086,BAIXO
2022,6,Jun,26010,Médio Capibaribe,PE,Agreste Pernambucano,-7.8819,-35.5603,True,50.0,0,190.4,68.6,25.5,0.078,BAIXO
2022,7,Jul,26010,Médio Capibaribe,PE,Agreste Pernambucano,-7.8819,-35.5603,True,50.0,0,122.8,66.3,25.6,0.153,BAIXO
2022,8,Ago,26010,Médio Capibaribe,PE,Agreste Pernambucano,-7.8819,-35.5603,True,50.0,0,118.9,65.0,25.8,0.174,BAIXO
2022,9,Set,26010,Médio Capibaribe,PE,Agreste Pernambucano,-7.8819,-35.5603,True,50.0,0,23.9,65.1,26.0,0.381,MEDIO
2022,10,Out,26010,Médio Capibaribe,PE,Agreste Pernambucano,-7.8819,-35.5603,True,50.0,9,13.6,66.5,25.8,0.392,MEDIO
2022,11,Nov,26010,Médio Capibaribe,PE,Agreste Pernambucano,-7.8819,-35.5603,True,50.0,10,47.0,66.0,25.8,0.323,MEDIO
2022,12,Dez,26010,Médio Capibaribe,PE,Agreste Pernambucano,-7.8819,-35.5603,True,50.0,15,35.2,64.8,26.0,0.361,MEDIO
2023,1,Jan,26010,Médio Capibaribe,PE,Agreste Pernambucano,-7.8819,-35.5603,True,50.0,35,45.1,65.7,25.4,0.34,MEDIO
2023,2,Fev,26010,Médio Capibaribe,PE,Agreste Pernambucano,-7.8819,-35.5603,True,50.0,17,83.2,65.9,25.5,0.249,BAIXO
2023,3,Mar,26010,Médio Capibaribe,PE,Agreste Pernambucano,-7.8819,-35.5603,True,50.0,6,101.3,67.2,25.5,0.195,BAIXO
2023,4,Abr,26010,Médio Capibaribe,PE,Agreste Pernambucano,-7.8819,-35.5603,True,50.0,3,110.3,68.2,25.4,0.163,BAIXO
2023,5,Mai,26010,Médio Capibaribe,PE,Agreste Pernambucano,-7.8819,-35.5603,True,50.0,4,88.7,67.6,25.6,0.22,BAIXO
2023,6,Jun,26010,Médio Capibaribe,PE,Agreste Pernambucano,-7.8819,-35.5603,True,50.0,0,126.7,68.6,25.5,0.127,BAIXO
2023,7,Jul,26010,Médio Capibaribe,PE,Agreste Pernambucano,-7.8819,-35.5603,True,50.0,5,83.2,66.3,25.6,0.241,BAIXO
2023,8,Ago,26010,Médio Capibaribe,PE,Agreste Pernambucano,-7.8819,-35.5603,True,50.0,4,115.9,65.0,25.8,0.183,BAIXO
2023,9,Set,26010,Médio Capibaribe,PE,Agreste Pernambucano,-7.8819,-35.5603,True,50.0,2,50.1,65.1,26.0,0.326,MEDIO
2023,10,Out,26010,Médio Capibaribe,PE,Agreste Pernambucano,-7.8819,-35.5603,True,50.0,33,13.9,66.5,25.8,0.411,MEDIO
2023,11,Nov,26010,Médio Capibaribe,PE,Agreste Pernambucano,-7.8819,-35.5603,True,50.0,70,16.1,66.0,25.8,0.431,MEDIO
2023,12,Dez,26010,Médio Capibaribe,PE,Agreste Pernambucano,-7.8819,-35.5603,True,50.0,36,49.4,64.8,26.0,0.352,MEDIO
2024,1,Jan,26010,Médio Capibaribe,PE,Agreste Pernambucano,-7.8819,-35.5603,True,50.0,45,41.8,65.7,25.4,0.353,MEDIO
2024,2,Fev,26010,Médio Capibaribe,PE,Agreste Pernambucano,-7.8819,-35.5603,True,50.0,28,81.2,65.9,25.5,0.26,BAIXO
2024,3,Mar,26010,Médio Capibaribe,PE,Agreste Pernambucano,-7.8819,-35.5603,True,50.0,19,134.1,67.2,25.5,0.133,BAIXO
2024,4,Abr,26010,Médio Capibaribe,PE,Agreste Pernambucano,-7.8819,-35.5603,True,50.0,5,133.9,68.2,25.4,0.114,BAIXO
2024,5,Mai,26010,Médio Capibaribe,PE,Agreste Pernambucano,-7.8819,-35.5603,True,50.0,6,66.6,67.6,25.6,0.269,BAIXO
2024,6,Jun,26010,Médio Capibaribe,PE,Agreste Pernambucano,-7.8819,-35.5603,True,50.0,5,161.0,68.6,25.5,0.081,BAIXO
2024,7,Jul,26010,Médio Capibaribe,PE,Agreste Pernambucano,-7.8819,-35.5603,True,50.0,3,82.8,66.3,25.6,0.24,BAIXO
2024,8,Ago,26010,Médio Capibaribe,PE,Agreste Pernambucano,-7.8819,-35.5603,True,50.0,11,48.4,65.0,25.8,0.332,MEDIO
2024,9,Set,26010,Médio Capibaribe,PE,Agreste Pernambucano,-7.8819,-35.5603,True,50.0,35,28.6,65.1,26.0,0.392,MEDIO
2024,10,Out,26010,Médio Capibaribe,PE,Agreste Pernambucano,-7.8819,-35.5603,True,50.0,105,10.9,66.5,25.8,0.46,MEDIO
2024,11,Nov,26010,Médio Capibaribe,PE,Agreste Pernambucano,-7.8819,-35.5603,True,50.0,162,8.0,66.0,25.8,0.5,ALTO
2024,12,Dez,26010,Médio Capibaribe,PE,Agreste Pernambucano,-7.8819,-35.5603,True,50.0,136,11.6,64.8,26.0,0.493,MEDIO
2022,1,Jan,26011,Garanhuns,PE,Agreste Pernambucano,-8.9874,-36.5322,True,58.0,34,47.5,81.0,20.2,0.22,BAIXO
2022,2,Fev,26011,Garanhuns,PE,Agreste Pernambucano,-8.9874,-36.5322,True,58.0,57,17.7,79.6,20.2,0.284,BAIXO
2022,3,Mar,26011,Garanhuns,PE,Agreste Pernambucano,-8.9874,-36.5322,True,58.0,18,92.5,84.1,20.2,0.123,BAIXO
2022,4,Abr,26011,Garanhuns,PE,Agreste Pernambucano,-8.9874,-36.5322,True,58.0,32,70.9,85.0,20.0,0.169,BAIXO
2022,5,Mai,26011,Garanhuns,PE,Agreste Pernambucano,-8.9874,-36.5322,True,58.0,11,206.7,88.7,19.7,0.0,BAIXO
2022,6,Jun,26011,Garanhuns,PE,Agreste Pernambucano,-8.9874,-36.5322,True,58.0,0,271.5,90.9,19.8,0.0,BAIXO
2022,7,Jul,26011,Garanhuns,PE,Agreste Pernambucano,-8.9874,-36.5322,True,58.0,0,225.4,88.4,19.8,0.0,BAIXO
2022,8,Ago,26011,Garanhuns,PE,Agreste Pernambucano,-8.9874,-36.5322,True,58.0,1,95.0,79.9,20.5,0.118,BAIXO
2022,9,Set,26011,Garanhuns,PE,Agreste Pernambucano,-8.9874,-36.5322,True,58.0,1,30.6,83.3,20.6,0.256,BAIXO
2022,10,Out,26011,Garanhuns,PE,Agreste Pernambucano,-8.9874,-36.5322,True,58.0,9,18.9,81.7,20.8,0.281,BAIXO
2022,11,Nov,26011,Garanhuns,PE,Agreste Pernambucano,-8.9874,-36.5322,True,58.0,10,125.0,82.3,20.7,0.054,BAIXO
2022,12,Dez,26011,Garanhuns,PE,Agreste Pernambucano,-8.9874,-36.5322,True,58.0,17,26.4,82.2,21.1,0.265,BAIXO
2023,1,Jan,26011,Garanhuns,PE,Agreste Pernambucano,-8.9874,-36.5322,True,58.0,94,27.8,77.9,21.6,0.318,MEDIO
2023,2,Fev,26011,Garanhuns,PE,Agreste Pernambucano,-8.9874,-36.5322,True,58.0,61,35.2,79.5,21.9,0.283,BAIXO
2023,3,Mar,26011,Garanhuns,PE,Agreste Pernambucano,-8.9874,-36.5322,True,58.0,100,75.9,77.8,21.9,0.219,BAIXO
2023,4,Abr,26011,Garanhuns,PE,Agreste Pernambucano,-8.9874,-36.5322,True,58.0,100,77.3,79.3,21.7,0.216,BAIXO
2023,5,Mai,26011,Garanhuns,PE,Agreste Pernambucano,-8.9874,-36.5322,True,58.0,26,99.4,79.5,21.7,0.124,BAIXO
2023,6,Jun,26011,Garanhuns,PE,Agreste Pernambucano,-8.9874,-36.5322,True,58.0,2,138.1,80.4,21.5,0.027,BAIXO
2023,7,Jul,26011,Garanhuns,PE,Agreste Pernambucano,-8.9874,-36.5322,True,58.0,2,123.0,78.5,21.4,0.059,BAIXO
2023,8,Ago,26011,Garanhuns,PE,Agreste Pernambucano,-8.9874,-36.5322,True,58.0,10,60.6,79.5,21.3,0.198,BAIXO
2023,9,Set,26011,Garanhuns,PE,Agreste Pernambucano,-8.9874,-36.5322,True,58.0,24,43.9,76.0,21.7,0.242,BAIXO
2023,10,Out,26011,Garanhuns,PE,Agreste Pernambucano,-8.9874,-36.5322,True,58.0,70,11.4,75.5,21.7,0.339,MEDIO
2023,11,Nov,26011,Garanhuns,PE,Agreste Pernambucano,-8.9874,-36.5322,True,58.0,162,10.9,75.0,21.5,0.395,MEDIO
2023,12,Dez,26011,Garanhuns,PE,Agreste Pernambucano,-8.9874,-36.5322,True,58.0,134,30.3,75.7,21.5,0.337,MEDIO
2024,1,Jan,26011,Garanhuns,PE,Agreste Pernambucano,-8.9874,-36.5322,True,58.0,211,41.9,74.9,21.9,0.359,MEDIO
2024,2,Fev,26011,Garanhuns,PE,Agreste Pernambucano,-8.9874,-36.5322,True,58.0,98,74.0,76.4,21.9,0.222,BAIXO
2024,3,Mar,26011,Garanhuns,PE,Agreste Pernambucano,-8.9874,-36.5322,True,58.0,186,67.5,77.4,22.1,0.288,BAIXO
2024,4,Abr,26011,Garanhuns,PE,Agreste Pernambucano,-8.9874,-36.5322,True,58.0,60,123.9,73.9,22.0,0.099,BAIXO
2024,5,Mai,26011,Garanhuns,PE,Agreste Pernambucano,-8.9874,-36.5322,True,58.0,17,135.2,74.7,22.0,0.044,BAIXO
2024,6,Jun,26011,Garanhuns,PE,Agreste Pernambucano,-8.9874,-36.5322,True,58.0,8,179.9,75.0,21.9,0.005,BAIXO
2024,7,Jul,26011,Garanhuns,PE,Agreste Pernambucano,-8.9874,-36.5322,True,58.0,26,124.8,75.6,21.9,0.07,BAIXO
2024,8,Ago,26011,Garanhuns,PE,Agreste Pernambucano,-8.9874,-36.5322,True,58.0,48,38.0,74.0,22.2,0.275,BAIXO
2024,9,Set,26011,Garanhuns,PE,Agreste Pernambucano,-8.9874,-36.5322,True,58.0,46,28.0,74.9,22.3,0.29,BAIXO
2024,10,Out,26011,Garanhuns,PE,Agreste Pernambucano,-8.9874,-36.5322,True,58.0,110,10.4,73.6,22.3,0.374,MEDIO
2024,11,Nov,26011,Garanhuns,PE,Agreste Pernambucano,-8.9874,-36.5322,True,58.0,194,12.9,76.2,22.0,0.41,MEDIO
2024,12,Dez,26011,Garanhuns,PE,Agreste Pernambucano,-8.9874,-36.5322,True,58.0,223,9.3,73.2,22.3,0.445,MEDIO
2022,1,Jan,26012,Brejo Pernambucano,PE,Agreste Pernambucano,-8.5198,-35.9169,True,55.0,10,52.9,86.8,19.2,0.208,BAIXO
2022,2,Fev,26012,Brejo Pernambucano,PE,Agreste Pernambucano,-8.5198,-35.9169,True,55.0,18,37.5,87.7,19.4,0.241,BAIXO
2022,3,Mar,26012,Brejo Pernambucano,PE,Agreste Pernambucano,-8.5198,-35.9169,True,55.0,5,134.8,86.8,19.6,0.033,BAIXO
2022,4,Abr,26012,Brejo Pernambucano,PE,Agreste Pernambucano,-8.5198,-35.9169,True,55.0,4,87.5,88.9,19.2,0.134,BAIXO
2022,5,Mai,26012,Brejo Pernambucano,PE,Agreste Pernambucano,-8.5198,-35.9169,True,55.0,0,251.5,87.7,19.3,0.0,BAIXO
2022,6,Jun,26012,Brejo Pernambucano,PE,Agreste Pernambucano,-8.5198,-35.9169,True,55.0,0,223.3,89.0,19.2,0.0,BAIXO
2022,7,Jul,26012,Brejo Pernambucano,PE,Agreste Pernambucano,-8.5198,-35.9169,True,55.0,0,205.8,88.5,19.2,0.0,BAIXO
2022,8,Ago,26012,Brejo Pernambucano,PE,Agreste Pernambucano,-8.5198,-35.9169,True,55.0,0,102.3,84.4,19.6,0.102,BAIXO
2022,9,Set,26012,Brejo Pernambucano,PE,Agreste Pernambucano,-8.5198,-35.9169,True,55.0,9,24.6,84.8,19.7,0.269,BAIXO
2022,10,Out,26012,Brejo Pernambucano,PE,Agreste Pernambucano,-8.5198,-35.9169,True,55.0,1,17.3,86.2,19.8,0.284,BAIXO
2022,11,Nov,26012,Brejo Pernambucano,PE,Agreste Pernambucano,-8.5198,-35.9169,True,55.0,3,115.5,87.8,19.1,0.074,BAIXO
2022,12,Dez,26012,Brejo Pernambucano,PE,Agreste Pernambucano,-8.5198,-35.9169,True,55.0,6,51.5,82.6,20.0,0.211,BAIXO
2023,1,Jan,26012,Brejo Pernambucano,PE,Agreste Pernambucano,-8.5198,-35.9169,True,55.0,39,46.2,82.2,20.9,0.246,BAIXO
2023,2,Fev,26012,Brejo Pernambucano,PE,Agreste Pernambucano,-8.5198,-35.9169,True,55.0,35,81.0,85.7,21.0,0.169,BAIXO
2023,3,Mar,26012,Brejo Pernambucano,PE,Agreste Pernambucano,-8.5198,-35.9169,True,55.0,39,128.4,83.9,20.8,0.07,BAIXO
2023,4,Abr,26012,Brejo Pernambucano,PE,Agreste Pernambucano,-8.5198,-35.9169,True,55.0,19,101.4,85.4,20.5,0.116,BAIXO
2023,5,Mai,26012,Brejo Pernambucano,PE,Agreste Pernambucano,-8.5198,-35.9169,True,55.0,9,105.4,83.6,20.6,0.101,BAIXO
2023,6,Jun,26012,Brejo Pernambucano,PE,Agreste Pernambucano,-8.5198,-35.9169,True,55.0,0,199.1,87.1,20.2,0.0,BAIXO
2023,7,Jul,26012,Brejo Pernambucano,PE,Agreste Pernambucano,-8.5198,-35.9169,True,55.0,3,114.0,90.5,20.1,0.079,BAIXO
2023,8,Ago,26012,Brejo Pernambucano,PE,Agreste Pernambucano,-8.5198,-35.9169,True,55.0,5,68.6,86.7,20.6,0.177,BAIXO
2023,9,Set,26012,Brejo Pernambucano,PE,Agreste Pernambucano,-8.5198,-35.9169,True,55.0,15,45.7,85.3,20.5,0.232,BAIXO
2023,10,Out,26012,Brejo Pernambucano,PE,Agreste Pernambucano,-8.5198,-35.9169,True,55.0,44,13.2,84.4,20.5,0.32,MEDIO
2023,11,Nov,26012,Brejo Pernambucano,PE,Agreste Pernambucano,-8.5198,-35.9169,True,55.0,88,12.6,85.2,20.3,0.347,MEDIO
2023,12,Dez,26012,Brejo Pernambucano,PE,Agreste Pernambucano,-8.5198,-35.9169,True,55.0,52,56.8,84.9,20.5,0.231,BAIXO
2024,1,Jan,26012,Brejo Pernambucano,PE,Agreste Pernambucano,-8.5198,-35.9169,True,55.0,99,21.0,83.2,21.3,0.336,MEDIO
2024,2,Fev,26012,Brejo Pernambucano,PE,Agreste Pernambucano,-8.5198,-35.9169,True,55.0,66,79.0,83.6,21.4,0.192,BAIXO
2024,3,Mar,26012,Brejo Pernambucano,PE,Agreste Pernambucano,-8.5198,-35.9169,True,55.0,56,107.0,85.5,21.2,0.126,BAIXO
2024,4,Abr,26012,Brejo Pernambucano,PE,Agreste Pernambucano,-8.5198,-35.9169,True,55.0,17,165.5,83.2,21.3,0.01,BAIXO
2024,5,Mai,26012,Brejo Pernambucano,PE,Agreste Pernambucano,-8.5198,-35.9169,True,55.0,16,112.7,82.9,21.5,0.09,BAIXO
2024,6,Jun,26012,Brejo Pernambucano,PE,Agreste Pernambucano,-8.5198,-35.9169,True,55.0,4,215.6,83.2,21.4,0.002,BAIXO
2024,7,Jul,26012,Brejo Pernambucano,PE,Agreste Pernambucano,-8.5198,-35.9169,True,55.0,2,139.0,83.1,21.4,0.025,BAIXO
2024,8,Ago,26012,Brejo Pernambucano,PE,Agreste Pernambucano,-8.5198,-35.9169,True,55.0,11,42.7,84.1,21.5,0.237,BAIXO
2024,9,Set,26012,Brejo Pernambucano,PE,Agreste Pernambucano,-8.5198,-35.9169,True,55.0,12,26.6,84.8,21.5,0.272,BAIXO
2024,10,Out,26012,Brejo Pernambucano,PE,Agreste Pernambucano,-8.5198,-35.9169,True,55.0,118,9.6,82.0,21.6,0.371,MEDIO
2024,11,Nov,26012,Brejo Pernambucano,PE,Agreste Pernambucano,-8.5198,-35.9169,True,55.0,156,10.6,83.0,21.4,0.392,MEDIO
2024,12,Dez,26012,Brejo Pernambucano,PE,Agreste Pernambucano,-8.5198,-35.9169,True,55.0,276,13.0,83.6,21.6,0.459,MEDIO
2022,1,Jan,27001,Serrana do Sertão Alagoano,AL,Sertão Alagoano,-9.1622,-37.754,True,100.0,34,27.5,79.4,25.6,0.303,MEDIO
2022,2,Fev,27001,Serrana do Sertão Alagoano,AL,Sertão Alagoano,-9.1622,-37.754,True,100.0,48,10.7,79.4,25.7,0.341,MEDIO
2022,3,Mar,27001,Serrana do Sertão Alagoano,AL,Sertão Alagoano,-9.1622,-37.754,True,100.0,62,55.8,80.4,25.8,0.247,BAIXO
2022,4,Abr,27001,Serrana do Sertão Alagoano,AL,Sertão Alagoano,-9.1622,-37.754,True,100.0,42,22.6,81.7,25.7,0.316,MEDIO
2022,5,Mai,27001,Serrana do Sertão Alagoano,AL,Sertão Alagoano,-9.1622,-37.754,True,100.0,8,96.6,81.0,25.7,0.157,BAIXO
2022,6,Jun,27001,Serrana do Sertão Alagoano,AL,Sertão Alagoano,-9.1622,-37.754,True,100.0,0,137.1,83.2,25.6,0.068,BAIXO
2022,7,Jul,27001,Serrana do Sertão Alagoano,AL,Sertão Alagoano,-9.1622,-37.754,True,100.0,1,144.2,80.1,25.5,0.05,BAIXO
2022,8,Ago,27001,Serrana do Sertão Alagoano,AL,Sertão Alagoano,-9.1622,-37.754,True,100.0,0,87.8,81.0,25.5,0.171,BAIXO
2022,9,Set,27001,Serrana do Sertão Alagoano,AL,Sertão Alagoano,-9.1622,-37.754,True,100.0,11,18.3,81.6,25.8,0.327,MEDIO
2022,10,Out,27001,Serrana do Sertão Alagoano,AL,Sertão Alagoano,-9.1622,-37.754,True,100.0,20,7.1,79.9,25.8,0.345,MEDIO
2022,11,Nov,27001,Serrana do Sertão Alagoano,AL,Sertão Alagoano,-9.1622,-37.754,True,100.0,28,78.9,79.6,25.7,0.195,BAIXO
2022,12,Dez,27001,Serrana do Sertão Alagoano,AL,Sertão Alagoano,-9.1622,-37.754,True,100.0,32,92.9,79.0,25.9,0.17,BAIXO
2023,1,Jan,27001,Serrana do Sertão Alagoano,AL,Sertão Alagoano,-9.1622,-37.754,True,100.0,43,28.1,79.4,25.6,0.327,MEDIO
2023,2,Fev,27001,Serrana do Sertão Alagoano,AL,Sertão Alagoano,-9.1622,-37.754,True,100.0,65,19.2,79.4,25.7,0.362,MEDIO
2023,3,Mar,27001,Serrana do Sertão Alagoano,AL,Sertão Alagoano,-9.1622,-37.754,True,100.0,33,52.9,80.4,25.8,0.273,BAIXO
2023,4,Abr,27001,Serrana do Sertão Alagoano,AL,Sertão Alagoano,-9.1622,-37.754,True,100.0,36,54.8,81.7,25.7,0.268,BAIXO
2023,5,Mai,27001,Serrana do Sertão Alagoano,AL,Sertão Alagoano,-9.1622,-37.754,True,100.0,29,47.3,81.0,25.7,0.28,BAIXO
2023,6,Jun,27001,Serrana do Sertão Alagoano,AL,Sertão Alagoano,-9.1622,-37.754,True,100.0,0,88.6,83.2,25.6,0.172,BAIXO
2023,7,Jul,27001,Serrana do Sertão Alagoano,AL,Sertão Alagoano,-9.1622,-37.754,True,100.0,3,68.5,80.1,25.5,0.214,BAIXO
2023,8,Ago,27001,Serrana do Sertão Alagoano,AL,Sertão Alagoano,-9.1622,-37.754,True,100.0,2,43.4,81.0,25.5,0.267,BAIXO
2023,9,Set,27001,Serrana do Sertão Alagoano,AL,Sertão Alagoano,-9.1622,-37.754,True,100.0,13,17.5,81.6,25.8,0.337,MEDIO
2023,10,Out,27001,Serrana do Sertão Alagoano,AL,Sertão Alagoano,-9.1622,-37.754,True,100.0,53,3.6,79.9,25.8,0.377,MEDIO
2023,11,Nov,27001,Serrana do Sertão Alagoano,AL,Sertão Alagoano,-9.1622,-37.754,True,100.0,176,6.5,79.6,25.7,0.448,MEDIO
2023,12,Dez,27001,Serrana do Sertão Alagoano,AL,Sertão Alagoano,-9.1622,-37.754,True,100.0,26,23.5,79.0,25.9,0.334,MEDIO
2024,1,Jan,27001,Serrana do Sertão Alagoano,AL,Sertão Alagoano,-9.1622,-37.754,True,100.0,175,122.7,79.4,25.6,0.204,BAIXO
2024,2,Fev,27001,Serrana do Sertão Alagoano,AL,Sertão Alagoano,-9.1622,-37.754,True,100.0,22,93.3,79.4,25.7,0.177,BAIXO
2024,3,Mar,27001,Serrana do Sertão Alagoano,AL,Sertão Alagoano,-9.1622,-37.754,True,100.0,47,40.0,80.4,25.8,0.309,MEDIO
2024,4,Abr,27001,Serrana do Sertão Alagoano,AL,Sertão Alagoano,-9.1622,-37.754,True,100.0,53,143.6,81.7,25.7,0.088,BAIXO
2024,5,Mai,27001,Serrana do Sertão Alagoano,AL,Sertão Alagoano,-9.1622,-37.754,True,100.0,10,106.7,81.0,25.7,0.141,BAIXO
2024,6,Jun,27001,Serrana do Sertão Alagoano,AL,Sertão Alagoano,-9.1622,-37.754,True,100.0,0,82.3,83.2,25.6,0.185,BAIXO
2024,7,Jul,27001,Serrana do Sertão Alagoano,AL,Sertão Alagoano,-9.1622,-37.754,True,100.0,2,67.6,80.1,25.5,0.215,BAIXO
2024,8,Ago,27001,Serrana do Sertão Alagoano,AL,Sertão Alagoano,-9.1622,-37.754,True,100.0,9,25.5,81.0,25.5,0.31,MEDIO
2024,9,Set,27001,Serrana do Sertão Alagoano,AL,Sertão Alagoano,-9.1622,-37.754,True,100.0,12,9.9,81.6,25.8,0.352,MEDIO
2024,10,Out,27001,Serrana do Sertão Alagoano,AL,Sertão Alagoano,-9.1622,-37.754,True,100.0,43,4.9,79.9,25.8,0.371,MEDIO
2024,11,Nov,27001,Serrana do Sertão Alagoano,AL,Sertão Alagoano,-9.1622,-37.754,True,100.0,86,32.2,79.6,25.7,0.347,MEDIO
2024,12,Dez,27001,Serrana do Sertão Alagoano,AL,Sertão Alagoano,-9.1622,-37.754,True,100.0,93,11.8,79.0,25.9,0.399,MEDIO
2022,1,Jan,27002,Alagoana do Sertão do São Francisco,AL,Sertão Alagoano,-9.4458,-37.8945,True,100.0,10,19.1,73.8,25.7,0.33,MEDIO
2022,2,Fev,27002,Alagoana do Sertão do São Francisco,AL,Sertão Alagoano,-9.4458,-37.8945,True,100.0,13,8.5,74.3,25.7,0.347,MEDIO
2022,3,Mar,27002,Alagoana do Sertão do São Francisco,AL,Sertão Alagoano,-9.4458,-37.8945,True,100.0,9,45.3,75.8,25.5,0.262,BAIXO
2022,4,Abr,27002,Alagoana do Sertão do São Francisco,AL,Sertão Alagoano,-9.4458,-37.8945,True,100.0,6,15.9,77.8,25.1,0.315,MEDIO
2022,5,Mai,27002,Alagoana do Sertão do São Francisco,AL,Sertão Alagoano,-9.4458,-37.8945,True,100.0,4,119.2,76.2,25.3,0.098,BAIXO
2022,6,Jun,27002,Alagoana do Sertão do São Francisco,AL,Sertão Alagoano,-9.4458,-37.8945,True,100.0,0,138.9,75.4,25.4,0.059,BAIXO
2022,7,Jul,27002,Alagoana do Sertão do São Francisco,AL,Sertão Alagoano,-9.4458,-37.8945,True,100.0,0,85.6,73.4,25.7,0.19,BAIXO
2022,8,Ago,27002,Alagoana do Sertão do São Francisco,AL,Sertão Alagoano,-9.4458,-37.8945,True,100.0,0,82.5,72.1,25.9,0.21,BAIXO
2022,9,Set,27002,Alagoana do Sertão do São Francisco,AL,Sertão Alagoano,-9.4458,-37.8945,True,100.0,1,16.7,73.0,26.1,0.351,MEDIO
2022,10,Out,27002,Alagoana do Sertão do São Francisco,AL,Sertão Alagoano,-9.4458,-37.8945,True,100.0,1,5.6,72.5,26.3,0.373,MEDIO
2022,11,Nov,27002,Alagoana do Sertão do São Francisco,AL,Sertão Alagoano,-9.4458,-37.8945,True,100.0,18,65.0,71.1,26.5,0.269,BAIXO
2022,12,Dez,27002,Alagoana do Sertão do São Francisco,AL,Sertão Alagoano,-9.4458,-37.8945,True,100.0,9,107.2,70.4,26.5,0.183,BAIXO
2023,1,Jan,27002,Alagoana do Sertão do São Francisco,AL,Sertão Alagoano,-9.4458,-37.8945,True,100.0,4,26.0,66.9,27.3,0.401,MEDIO
2023,2,Fev,27002,Alagoana do Sertão do São Francisco,AL,Sertão Alagoano,-9.4458,-37.8945,True,100.0,3,16.5,66.8,27.8,0.434,MEDIO
2023,3,Mar,27002,Alagoana do Sertão do São Francisco,AL,Sertão Alagoano,-9.4458,-37.8945,True,100.0,7,36.8,66.1,27.8,0.397,MEDIO
2023,4,Abr,27002,Alagoana do Sertão do São Francisco,AL,Sertão Alagoano,-9.4458,-37.8945,True,100.0,3,40.7,66.9,27.9,0.384,MEDIO
2023,5,Mai,27002,Alagoana do Sertão do São Francisco,AL,Sertão Alagoano,-9.4458,-37.8945,True,100.0,5,46.5,65.9,28.1,0.384,MEDIO
2023,6,Jun,27002,Alagoana do Sertão do São Francisco,AL,Sertão Alagoano,-9.4458,-37.8945,True,100.0,0,142.1,67.2,27.5,0.153,BAIXO
2023,7,Jul,27002,Alagoana do Sertão do São Francisco,AL,Sertão Alagoano,-9.4458,-37.8945,True,100.0,7,49.0,65.6,27.6,0.369,MEDIO
2023,8,Ago,27002,Alagoana do Sertão do São Francisco,AL,Sertão Alagoano,-9.4458,-37.8945,True,100.0,2,29.2,66.8,27.3,0.394,MEDIO
2023,9,Set,27002,Alagoana do Sertão do São Francisco,AL,Sertão Alagoano,-9.4458,-37.8945,True,100.0,1,17.5,65.6,27.7,0.436,MEDIO
2023,10,Out,27002,Alagoana do Sertão do São Francisco,AL,Sertão Alagoano,-9.4458,-37.8945,True,100.0,21,2.9,64.2,27.7,0.473,MEDIO
2023,11,Nov,27002,Alagoana do Sertão do São Francisco,AL,Sertão Alagoano,-9.4458,-37.8945,True,100.0,117,4.2,63.8,27.9,0.538,ALTO
2023,12,Dez,27002,Alagoana do Sertão do São Francisco,AL,Sertão Alagoano,-9.4458,-37.8945,True,100.0,37,17.5,64.3,27.8,0.468,MEDIO
2024,1,Jan,27002,Alagoana do Sertão do São Francisco,AL,Sertão Alagoano,-9.4458,-37.8945,True,100.0,107,94.0,69.7,26.8,0.287,BAIXO
2024,2,Fev,27002,Alagoana do Sertão do São Francisco,AL,Sertão Alagoano,-9.4458,-37.8945,True,100.0,5,75.1,72.4,26.6,0.245,BAIXO
2024,3,Mar,27002,Alagoana do Sertão do São Francisco,AL,Sertão Alagoano,-9.4458,-37.8945,True,100.0,8,35.5,69.2,27.1,0.364,MEDIO
2024,4,Abr,27002,Alagoana do Sertão do São Francisco,AL,Sertão Alagoano,-9.4458,-37.8945,True,100.0,4,152.7,69.6,27.0,0.111,BAIXO
2024,5,Mai,27002,Alagoana do Sertão do São Francisco,AL,Sertão Alagoano,-9.4458,-37.8945,True,100.0,0,114.8,68.5,27.1,0.194,BAIXO
2024,6,Jun,27002,Alagoana do Sertão do São Francisco,AL,Sertão Alagoano,-9.4458,-37.8945,True,100.0,0,102.8,69.3,27.1,0.214,BAIXO
2024,7,Jul,27002,Alagoana do Sertão do São Francisco,AL,Sertão Alagoano,-9.4458,-37.8945,True,100.0,0,50.7,71.0,26.8,0.308,MEDIO
2024,8,Ago,27002,Alagoana do Sertão do São Francisco,AL,Sertão Alagoano,-9.4458,-37.8945,True,100.0,6,20.6,69.8,27.2,0.393,MEDIO
2024,9,Set,27002,Alagoana do Sertão do São Francisco,AL,Sertão Alagoano,-9.4458,-37.8945,True,100.0,11,6.4,69.0,27.4,0.429,MEDIO
2024,10,Out,27002,Alagoana do Sertão do São Francisco,AL,Sertão Alagoano,-9.4458,-37.8945,True,100.0,20,3.7,68.3,27.5,0.441,MEDIO
2024,11,Nov,27002,Alagoana do Sertão do São Francisco,AL,Sertão Alagoano,-9.4458,-37.8945,True,100.0,32,26.8,70.0,26.9,0.387,MEDIO
2024,12,Dez,27002,Alagoana do Sertão do São Francisco,AL,Sertão Alagoano,-9.4458,-37.8945,True,100.0,34,8.0,69.6,27.2,0.434,MEDIO
2022,1,Jan,27003,Santana do Ipanema,AL,Sertão Alagoano,-9.4387,-37.392,True,100.0,31,18.9,79.4,25.6,0.321,MEDIO
2022,2,Fev,27003,Santana do Ipanema,AL,Sertão Alagoano,-9.4387,-37.392,True,100.0,84,6.5,79.4,25.7,0.342,MEDIO
2022,3,Mar,27003,Santana do Ipanema,AL,Sertão Alagoano,-9.4387,-37.392,True,100.0,70,57.2,80.4,25.8,0.244,BAIXO
2022,4,Abr,27003,Santana do Ipanema,AL,Sertão Alagoano,-9.4387,-37.392,True,100.0,70,27.7,81.7,25.7,0.305,MEDIO
2022,5,Mai,27003,Santana do Ipanema,AL,Sertão Alagoano,-9.4387,-37.392,True,100.0,6,132.9,81.0,25.7,0.079,BAIXO
2022,6,Jun,27003,Santana do Ipanema,AL,Sertão Alagoano,-9.4387,-37.392,True,100.0,0,173.3,83.2,25.6,0.04,BAIXO
2022,7,Jul,27003,Santana do Ipanema,AL,Sertão Alagoano,-9.4387,-37.392,True,100.0,0,120.6,80.1,25.5,0.1,BAIXO
2022,8,Ago,27003,Santana do Ipanema,AL,Sertão Alagoano,-9.4387,-37.392,True,100.0,0,89.7,81.0,25.5,0.167,BAIXO
2022,9,Set,27003,Santana do Ipanema,AL,Sertão Alagoano,-9.4387,-37.392,True,100.0,0,19.9,81.6,25.8,0.324,MEDIO
2022,10,Out,27003,Santana do Ipanema,AL,Sertão Alagoano,-9.4387,-37.392,True,100.0,3,6.7,79.9,25.8,0.345,MEDIO
2022,11,Nov,27003,Santana do Ipanema,AL,Sertão Alagoano,-9.4387,-37.392,True,100.0,17,83.8,79.6,25.7,0.184,BAIXO
2022,12,Dez,27003,Santana do Ipanema,AL,Sertão Alagoano,-9.4387,-37.392,True,100.0,27,46.3,79.0,25.9,0.27,BAIXO
2023,1,Jan,27003,Santana do Ipanema,AL,Sertão Alagoano,-9.4387,-37.392,True,100.0,52,22.6,79.4,25.6,0.344,MEDIO
2023,2,Fev,27003,Santana do Ipanema,AL,Sertão Alagoano,-9.4387,-37.392,True,100.0,47,20.5,79.4,25.7,0.348,MEDIO
2023,3,Mar,27003,Santana do Ipanema,AL,Sertão Alagoano,-9.4387,-37.392,True,100.0,50,51.4,80.4,25.8,0.286,BAIXO
2023,4,Abr,27003,Santana do Ipanema,AL,Sertão Alagoano,-9.4387,-37.392,True,100.0,48,57.8,81.7,25.7,0.269,BAIXO
2023,5,Mai,27003,Santana do Ipanema,AL,Sertão Alagoano,-9.4387,-37.392,True,100.0,17,53.6,81.0,25.7,0.259,BAIXO
2023,6,Jun,27003,Santana do Ipanema,AL,Sertão Alagoano,-9.4387,-37.392,True,100.0,1,84.6,83.2,25.6,0.181,BAIXO
2023,7,Jul,27003,Santana do Ipanema,AL,Sertão Alagoano,-9.4387,-37.392,True,100.0,2,73.5,80.1,25.5,0.203,BAIXO
2023,8,Ago,27003,Santana do Ipanema,AL,Sertão Alagoano,-9.4387,-37.392,True,100.0,2,40.5,81.0,25.5,0.273,BAIXO
2023,9,Set,27003,Santana do Ipanema,AL,Sertão Alagoano,-9.4387,-37.392,True,100.0,5,18.7,81.6,25.8,0.329,MEDIO
2023,10,Out,27003,Santana do Ipanema,AL,Sertão Alagoano,-9.4387,-37.392,True,100.0,18,3.8,79.9,25.8,0.356,MEDIO
2023,11,Nov,27003,Santana do Ipanema,AL,Sertão Alagoano,-9.4387,-37.392,True,100.0,148,6.0,79.6,25.7,0.431,MEDIO
2023,12,Dez,27003,Santana do Ipanema,AL,Sertão Alagoano,-9.4387,-37.392,True,100.0,54,18.9,79.0,25.9,0.361,MEDIO
2024,1,Jan,27003,Santana do Ipanema,AL,Sertão Alagoano,-9.4387,-37.392,True,100.0,435,83.7,79.4,25.6,0.443,MEDIO
2024,2,Fev,27003,Santana do Ipanema,AL,Sertão Alagoano,-9.4387,-37.392,True,100.0,32,91.4,79.4,25.7,0.187,BAIXO
2024,3,Mar,27003,Santana do Ipanema,AL,Sertão Alagoano,-9.4387,-37.392,True,100.0,75,35.3,80.4,25.8,0.336,MEDIO
2024,4,Abr,27003,Santana do Ipanema,AL,Sertão Alagoano,-9.4387,-37.392,True,100.0,76,109.7,81.7,25.7,0.174,BAIXO
2024,5,Mai,27003,Santana do Ipanema,AL,Sertão Alagoano,-9.4387,-37.392,True,100.0,10,105.5,81.0,25.7,0.144,BAIXO
2024,6,Jun,27003,Santana do Ipanema,AL,Sertão Alagoano,-9.4387,-37.392,True,100.0,0,76.5,83.2,25.6,0.198,BAIXO
2024,7,Jul,27003,Santana do Ipanema,AL,Sertão Alagoano,-9.4387,-37.392,True,100.0,2,63.0,80.1,25.5,0.225,BAIXO
2024,8,Ago,27003,Santana do Ipanema,AL,Sertão Alagoano,-9.4387,-37.392,True,100.0,5,25.2,81.0,25.5,0.308,MEDIO
2024,9,Set,27003,Santana do Ipanema,AL,Sertão Alagoano,-9.4387,-37.392,True,100.0,1,13.1,81.6,25.8,0.339,MEDIO
2024,10,Out,27003,Santana do Ipanema,AL,Sertão Alagoano,-9.4387,-37.392,True,100.0,26,4.4,79.9,25.8,0.361,MEDIO
2024,11,Nov,27003,Santana do Ipanema,AL,Sertão Alagoano,-9.4387,-37.392,True,100.0,30,30.2,79.6,25.7,0.317,MEDIO
2024,12,Dez,27003,Santana do Ipanema,AL,Sertão Alagoano,-9.4387,-37.392,True,100.0,60,10.6,79.0,25.9,0.382,MEDIO
2022,1,Jan,27004,Batalha,AL,Sertão Alagoano,-9.6345,-37.1302,True,100.0,71,22.0,79.4,25.6,0.314,MEDIO
2022,2,Fev,27004,Batalha,AL,Sertão Alagoano,-9.6345,-37.1302,True,100.0,80,5.9,79.4,25.7,0.342,MEDIO
2022,3,Mar,27004,Batalha,AL,Sertão Alagoano,-9.6345,-37.1302,True,100.0,80,81.4,80.4,25.8,0.192,BAIXO
2022,4,Abr,27004,Batalha,AL,Sertão Alagoano,-9.6345,-37.1302,True,100.0,87,42.1,81.7,25.7,0.274,BAIXO
2022,5,Mai,27004,Batalha,AL,Sertão Alagoano,-9.6345,-37.1302,True,100.0,38,158.6,81.0,25.7,0.042,BAIXO
2022,6,Jun,27004,Batalha,AL,Sertão Alagoano,-9.6345,-37.1302,True,100.0,4,211.8,83.2,25.6,0.04,BAIXO
2022,7,Jul,27004,Batalha,AL,Sertão Alagoano,-9.6345,-37.1302,True,100.0,14,111.7,80.1,25.5,0.12,BAIXO
2022,8,Ago,27004,Batalha,AL,Sertão Alagoano,-9.6345,-37.1302,True,100.0,59,80.2,81.0,25.5,0.187,BAIXO
2022,9,Set,27004,Batalha,AL,Sertão Alagoano,-9.6345,-37.1302,True,100.0,199,22.6,81.6,25.8,0.318,MEDIO
2022,10,Out,27004,Batalha,AL,Sertão Alagoano,-9.6345,-37.1302,True,100.0,962,7.7,79.9,25.8,0.345,MEDIO
2022,11,Nov,27004,Batalha,AL,Sertão Alagoano,-9.6345,-37.1302,True,100.0,546,91.3,79.6,25.7,0.168,BAIXO
2022,12,Dez,27004,Batalha,AL,Sertão Alagoano,-9.6345,-37.1302,True,100.0,195,43.3,79.0,25.9,0.276,BAIXO
2023,1,Jan,27004,Batalha,AL,Sertão Alagoano,-9.6345,-37.1302,True,100.0,33,28.3,79.4,25.6,0.321,MEDIO
2023,2,Fev,27004,Batalha,AL,Sertão Alagoano,-9.6345,-37.1302,True,100.0,135,23.8,79.4,25.7,0.394,MEDIO
2023,3,Mar,27004,Batalha,AL,Sertão Alagoano,-9.6345,-37.1302,True,100.0,27,58.5,80.4,25.8,0.257,BAIXO
2023,4,Abr,27004,Batalha,AL,Sertão Alagoano,-9.6345,-37.1302,True,100.0,38,62.4,81.7,25.7,0.253,BAIXO
2023,5,Mai,27004,Batalha,AL,Sertão Alagoano,-9.6345,-37.1302,True,100.0,20,72.0,81.0,25.7,0.222,BAIXO
2023,6,Jun,27004,Batalha,AL,Sertão Alagoano,-9.6345,-37.1302,True,100.0,0,88.3,83.2,25.6,0.172,BAIXO
2023,7,Jul,27004,Batalha,AL,Sertão Alagoano,-9.6345,-37.1302,True,100.0,7,84.7,80.1,25.5,0.182,BAIXO
2023,8,Ago,27004,Batalha,AL,Sertão Alagoano,-9.6345,-37.1302,True,100.0,7,35.1,81.0,25.5,0.288,BAIXO
2023,9,Set,27004,Batalha,AL,Sertão Alagoano,-9.6345,-37.1302,True,100.0,4,20.9,81.6,25.8,0.324,MEDIO
2023,10,Out,27004,Batalha,AL,Sertão Alagoano,-9.6345,-37.1302,True,100.0,13,5.1,79.9,25.8,0.353,MEDIO
2023,11,Nov,27004,Batalha,AL,Sertão Alagoano,-9.6345,-37.1302,True,100.0,127,6.8,79.6,25.7,0.419,MEDIO
2023,12,Dez,27004,Batalha,AL,Sertão Alagoano,-9.6345,-37.1302,True,100.0,40,21.6,79.0,25.9,0.347,MEDIO
2024,1,Jan,27004,Batalha,AL,Sertão Alagoano,-9.6345,-37.1302,True,100.0,531,68.2,79.4,25.6,0.515,ALTO
2024,2,Fev,27004,Batalha,AL,Sertão Alagoano,-9.6345,-37.1302,True,100.0,41,96.4,79.4,25.7,0.182,BAIXO
2024,3,Mar,27004,Batalha,AL,Sertão Alagoano,-9.6345,-37.1302,True,100.0,116,33.1,80.4,25.8,0.365,MEDIO
2024,4,Abr,27004,Batalha,AL,Sertão Alagoano,-9.6345,-37.1302,True,100.0,65,94.0,81.7,25.7,0.201,BAIXO
2024,5,Mai,27004,Batalha,AL,Sertão Alagoano,-9.6345,-37.1302,True,100.0,18,133.9,81.0,25.7,0.088,BAIXO
2024,6,Jun,27004,Batalha,AL,Sertão Alagoano,-9.6345,-37.1302,True,100.0,2,91.1,83.2,25.6,0.167,BAIXO
2024,7,Jul,27004,Batalha,AL,Sertão Alagoano,-9.6345,-37.1302,True,100.0,2,70.1,80.1,25.5,0.21,BAIXO
2024,8,Ago,27004,Batalha,AL,Sertão Alagoano,-9.6345,-37.1302,True,100.0,17,24.9,81.0,25.5,0.316,MEDIO
2024,9,Set,27004,Batalha,AL,Sertão Alagoano,-9.6345,-37.1302,True,100.0,8,16.1,81.6,25.8,0.337,MEDIO
2024,10,Out,27004,Batalha,AL,Sertão Alagoano,-9.6345,-37.1302,True,100.0,38,5.1,79.9,25.8,0.368,MEDIO
2024,11,Nov,27004,Batalha,AL,Sertão Alagoano,-9.6345,-37.1302,True,100.0,66,19.8,79.6,25.7,0.361,MEDIO
2024,12,Dez,27004,Batalha,AL,Sertão Alagoano,-9.6345,-37.1302,True,100.0,107,6.9,79.0,25.9,0.412,MEDIO
2022,1,Jan,27005,Palmeira dos Índios,AL,Agreste Alagoano,-9.4376,-36.6196,True,55.0,43,44.8,71.9,25.8,0.29,BAIXO
2022,2,Fev,27005,Palmeira dos Índios,AL,Agreste Alagoano,-9.4376,-36.6196,True,55.0,59,9.9,72.3,25.6,0.357,MEDIO
2022,3,Mar,27005,Palmeira dos Índios,AL,Agreste Alagoano,-9.4376,-36.6196,True,55.0,32,118.3,72.3,25.3,0.117,BAIXO
2022,4,Abr,27005,Palmeira dos Índios,AL,Agreste Alagoano,-9.4376,-36.6196,True,55.0,57,80.6,72.3,25.4,0.201,BAIXO
2022,5,Mai,27005,Palmeira dos Índios,AL,Agreste Alagoano,-9.4376,-36.6196,True,55.0,1,256.5,79.2,24.7,0.017,BAIXO
2022,6,Jun,27005,Palmeira dos Índios,AL,Agreste Alagoano,-9.4376,-36.6196,True,55.0,0,335.1,76.6,24.9,0.022,BAIXO
2022,7,Jul,27005,Palmeira dos Índios,AL,Agreste Alagoano,-9.4376,-36.6196,True,55.0,0,208.4,74.1,25.0,0.031,BAIXO
2022,8,Ago,27005,Palmeira dos Índios,AL,Agreste Alagoano,-9.4376,-36.6196,True,55.0,0,124.2,72.4,25.3,0.104,BAIXO
2022,9,Set,27005,Palmeira dos Índios,AL,Agreste Alagoano,-9.4376,-36.6196,True,55.0,1,47.4,73.4,25.7,0.272,BAIXO
2022,10,Out,27005,Palmeira dos Índios,AL,Agreste Alagoano,-9.4376,-36.6196,True,55.0,3,19.5,72.6,25.7,0.337,MEDIO
2022,11,Nov,27005,Palmeira dos Índios,AL,Agreste Alagoano,-9.4376,-36.6196,True,55.0,3,159.5,71.4,25.7,0.065,BAIXO
2022,12,Dez,27005,Palmeira dos Índios,AL,Agreste Alagoano,-9.4376,-36.6196,True,55.0,31,44.6,71.6,25.6,0.287,BAIXO
2023,1,Jan,27005,Palmeira dos Índios,AL,Agreste Alagoano,-9.4376,-36.6196,True,55.0,36,37.9,78.1,25.5,0.299,BAIXO
2023,2,Fev,27005,Palmeira dos Índios,AL,Agreste Alagoano,-9.4376,-36.6196,True,55.0,34,34.1,78.3,26.1,0.321,MEDIO
2023,3,Mar,27005,Palmeira dos Índios,AL,Agreste Alagoano,-9.4376,-36.6196,True,55.0,56,59.6,78.0,26.1,0.28,BAIXO
2023,4,Abr,27005,Palmeira dos Índios,AL,Agreste Alagoano,-9.4376,-36.6196,True,55.0,104,63.8,78.9,25.9,0.295,BAIXO
2023,5,Mai,27005,Palmeira dos Índios,AL,Agreste Alagoano,-9.4376,-36.6196,True,55.0,34,119.0,77.8,26.2,0.142,BAIXO
2023,6,Jun,27005,Palmeira dos Índios,AL,Agreste Alagoano,-9.4376,-36.6196,True,55.0,0,115.4,77.9,25.6,0.114,BAIXO
2023,7,Jul,27005,Palmeira dos Índios,AL,Agreste Alagoano,-9.4376,-36.6196,True,55.0,2,127.6,79.2,25.4,0.084,BAIXO
2023,8,Ago,27005,Palmeira dos Índios,AL,Agreste Alagoano,-9.4376,-36.6196,True,55.0,1,60.4,78.2,25.4,0.228,BAIXO
2023,9,Set,27005,Palmeira dos Índios,AL,Agreste Alagoano,-9.4376,-36.6196,True,55.0,8,52.7,75.8,25.8,0.258,BAIXO
2023,10,Out,27005,Palmeira dos Índios,AL,Agreste Alagoano,-9.4376,-36.6196,True,55.0,6,13.8,75.7,25.8,0.34,MEDIO
2023,11,Nov,27005,Palmeira dos Índios,AL,Agreste Alagoano,-9.4376,-36.6196,True,55.0,135,8.8,76.6,25.7,0.424,MEDIO
2023,12,Dez,27005,Palmeira dos Índios,AL,Agreste Alagoano,-9.4376,-36.6196,True,55.0,73,29.7,77.0,25.8,0.347,MEDIO
2024,1,Jan,27005,Palmeira dos Índios,AL,Agreste Alagoano,-9.4376,-36.6196,True,55.0,101,51.2,79.5,25.6,0.312,MEDIO
2024,2,Fev,27005,Palmeira dos Índios,AL,Agreste Alagoano,-9.4376,-36.6196,True,55.0,42,75.9,79.4,25.6,0.224,BAIXO
2024,3,Mar,27005,Palmeira dos Índios,AL,Agreste Alagoano,-9.4376,-36.6196,True,55.0,92,41.0,78.7,25.8,0.334,MEDIO
2024,4,Abr,27005,Palmeira dos Índios,AL,Agreste Alagoano,-9.4376,-36.6196,True,55.0,38,99.6,77.1,25.8,0.176,BAIXO
2024,5,Mai,27005,Palmeira dos Índios,AL,Agreste Alagoano,-9.4376,-36.6196,True,55.0,7,179.4,75.6,25.7,0.047,BAIXO
2024,6,Jun,27005,Palmeira dos Índios,AL,Agreste Alagoano,-9.4376,-36.6196,True,55.0,0,166.5,76.6,25.6,0.04,BAIXO
2024,7,Jul,27005,Palmeira dos Índios,AL,Agreste Alagoano,-9.4376,-36.6196,True,55.0,1,123.3,76.9,25.5,0.095,BAIXO
2024,8,Ago,27005,Palmeira dos Índios,AL,Agreste Alagoano,-9.4376,-36.6196,True,55.0,12,44.2,77.5,26.0,0.284,BAIXO
2024,9,Set,27005,Palmeira dos Índios,AL,Agreste Alagoano,-9.4376,-36.6196,True,55.0,18,33.4,78.6,26.1,0.313,MEDIO
2024,10,Out,27005,Palmeira dos Índios,AL,Agreste Alagoano,-9.4376,-36.6196,True,55.0,53,11.7,79.3,25.9,0.376,MEDIO
2024,11,Nov,27005,Palmeira dos Índios,AL,Agreste Alagoano,-9.4376,-36.6196,True,55.0,38,15.1,79.3,25.9,0.359,MEDIO
2024,12,Dez,27005,Palmeira dos Índios,AL,Agreste Alagoano,-9.4376,-36.6196,True,55.0,42,10.4,77.2,26.1,0.377,MEDIO
2022,1,Jan,27006,Arapiraca,AL,Agreste Alagoano,-9.7829,-36.666,True,80.0,41,40.1,98.1,22.4,0.236,BAIXO
2022,2,Fev,27006,Arapiraca,AL,Agreste Alagoano,-9.7829,-36.666,True,80.0,46,7.1,94.1,22.7,0.3,MEDIO
2022,3,Mar,27006,Arapiraca,AL,Agreste Alagoano,-9.7829,-36.666,True,80.0,47,166.9,88.7,22.6,0.0,BAIXO
2022,4,Abr,27006,Arapiraca,AL,Agreste Alagoano,-9.7829,-36.666,True,80.0,42,116.5,96.7,22.0,0.072,BAIXO
2022,5,Mai,27006,Arapiraca,AL,Agreste Alagoano,-9.7829,-36.666,True,80.0,6,363.1,91.9,22.6,0.0,BAIXO
2022,6,Jun,27006,Arapiraca,AL,Agreste Alagoano,-9.7829,-36.666,True,80.0,0,400.5,94.6,22.3,0.0,BAIXO
2022,7,Jul,27006,Arapiraca,AL,Agreste Alagoano,-9.7829,-36.666,True,80.0,0,161.2,91.1,22.4,0.0,BAIXO
2022,8,Ago,27006,Arapiraca,AL,Agreste Alagoano,-9.7829,-36.666,True,80.0,0,109.5,88.5,22.4,0.087,BAIXO
2022,9,Set,27006,Arapiraca,AL,Agreste Alagoano,-9.7829,-36.666,True,80.0,1,52.0,95.8,21.4,0.21,BAIXO
2022,10,Out,27006,Arapiraca,AL,Agreste Alagoano,-9.7829,-36.666,True,80.0,0,13.0,89.8,22.5,0.294,BAIXO
2022,11,Nov,27006,Arapiraca,AL,Agreste Alagoano,-9.7829,-36.666,True,80.0,5,180.2,86.0,23.0,0.0,BAIXO
2022,12,Dez,27006,Arapiraca,AL,Agreste Alagoano,-9.7829,-36.666,True,80.0,10,65.5,90.0,22.7,0.181,BAIXO
2023,1,Jan,27006,Arapiraca,AL,Agreste Alagoano,-9.7829,-36.666,True,80.0,67,53.2,79.4,25.2,0.278,BAIXO
2023,2,Fev,27006,Arapiraca,AL,Agreste Alagoano,-9.7829,-36.666,True,80.0,49,34.3,79.4,25.4,0.312,MEDIO
2023,3,Mar,27006,Arapiraca,AL,Agreste Alagoano,-9.7829,-36.666,True,80.0,78,78.3,80.4,25.8,0.245,BAIXO
2023,4,Abr,27006,Arapiraca,AL,Agreste Alagoano,-9.7829,-36.666,True,80.0,46,66.4,81.7,25.3,0.239,BAIXO
2023,5,Mai,27006,Arapiraca,AL,Agreste Alagoano,-9.7829,-36.666,True,80.0,16,133.4,81.0,25.8,0.09,BAIXO
2023,6,Jun,27006,Arapiraca,AL,Agreste Alagoano,-9.7829,-36.666,True,80.0,3,131.2,83.2,24.8,0.062,BAIXO
2023,7,Jul,27006,Arapiraca,AL,Agreste Alagoano,-9.7829,-36.666,True,80.0,2,129.3,80.1,24.5,0.058,BAIXO
2023,8,Ago,27006,Arapiraca,AL,Agreste Alagoano,-9.7829,-36.666,True,80.0,4,44.6,81.0,25.0,0.253,BAIXO
2023,9,Set,27006,Arapiraca,AL,Agreste Alagoano,-9.7829,-36.666,True,80.0,17,49.7,81.6,25.2,0.255,BAIXO
2023,10,Out,27006,Arapiraca,AL,Agreste Alagoano,-9.7829,-36.666,True,80.0,59,8.8,79.9,24.8,0.355,MEDIO
2023,11,Nov,27006,Arapiraca,AL,Agreste Alagoano,-9.7829,-36.666,True,80.0,78,9.3,79.6,24.8,0.367,MEDIO
2023,12,Dez,27006,Arapiraca,AL,Agreste Alagoano,-9.7829,-36.666,True,80.0,48,30.0,79.0,24.7,0.303,MEDIO
2024,1,Jan,27006,Arapiraca,AL,Agreste Alagoano,-9.7829,-36.666,True,80.0,353,53.1,79.4,25.5,0.457,MEDIO
2024,2,Fev,27006,Arapiraca,AL,Agreste Alagoano,-9.7829,-36.666,True,80.0,52,67.8,79.4,25.4,0.242,BAIXO
2024,3,Mar,27006,Arapiraca,AL,Agreste Alagoano,-9.7829,-36.666,True,80.0,89,45.4,80.4,26.0,0.328,MEDIO
2024,4,Abr,27006,Arapiraca,AL,Agreste Alagoano,-9.7829,-36.666,True,80.0,45,99.2,81.7,25.9,0.183,BAIXO
2024,5,Mai,27006,Arapiraca,AL,Agreste Alagoano,-9.7829,-36.666,True,80.0,15,206.7,81.0,25.7,0.051,BAIXO
2024,6,Jun,27006,Arapiraca,AL,Agreste Alagoano,-9.7829,-36.666,True,80.0,1,145.5,83.2,25.8,0.055,BAIXO
2024,7,Jul,27006,Arapiraca,AL,Agreste Alagoano,-9.7829,-36.666,True,80.0,1,108.7,80.1,25.7,0.132,BAIXO
2024,8,Ago,27006,Arapiraca,AL,Agreste Alagoano,-9.7829,-36.666,True,80.0,4,35.8,81.0,26.2,0.302,MEDIO
2024,9,Set,27006,Arapiraca,AL,Agreste Alagoano,-9.7829,-36.666,True,80.0,15,28.6,81.6,26.0,0.319,MEDIO
2024,10,Out,27006,Arapiraca,AL,Agreste Alagoano,-9.7829,-36.666,True,80.0,98,8.8,79.9,25.7,0.401,MEDIO
2024,11,Nov,27006,Arapiraca,AL,Agreste Alagoano,-9.7829,-36.666,True,80.0,67,13.1,79.6,25.3,0.366,MEDIO
2024,12,Dez,27006,Arapiraca,AL,Agreste Alagoano,-9.7829,-36.666,True,80.0,67,9.7,79.0,26.1,0.393,MEDIO
2022,1,Jan,27007,Traipu,AL,Agreste Alagoano,-9.9479,-36.9308,True,100.0,38,37.2,79.4,25.6,0.282,BAIXO
2022,2,Fev,27007,Traipu,AL,Agreste Alagoano,-9.9479,-36.9308,True,100.0,46,7.2,79.4,25.7,0.342,MEDIO
2022,3,Mar,27007,Traipu,AL,Agreste Alagoano,-9.9479,-36.9308,True,100.0,43,119.0,80.4,25.8,0.111,BAIXO
2022,4,Abr,27007,Traipu,AL,Agreste Alagoano,-9.9479,-36.9308,True,100.0,55,99.5,81.7,25.7,0.151,BAIXO
2022,5,Mai,27007,Traipu,AL,Agreste Alagoano,-9.9479,-36.9308,True,100.0,4,349.3,81.0,25.7,0.042,BAIXO
2022,6,Jun,27007,Traipu,AL,Agreste Alagoano,-9.9479,-36.9308,True,100.0,0,265.4,83.2,25.6,0.04,BAIXO
2022,7,Jul,27007,Traipu,AL,Agreste Alagoano,-9.9479,-36.9308,True,100.0,0,115.6,80.1,25.5,0.111,BAIXO
2022,8,Ago,27007,Traipu,AL,Agreste Alagoano,-9.9479,-36.9308,True,100.0,1,91.5,81.0,25.5,0.163,BAIXO
2022,9,Set,27007,Traipu,AL,Agreste Alagoano,-9.9479,-36.9308,True,100.0,3,48.4,81.6,25.8,0.263,BAIXO
2022,10,Out,27007,Traipu,AL,Agreste Alagoano,-9.9479,-36.9308,True,100.0,0,11.5,79.9,25.8,0.342,MEDIO
2022,11,Nov,27007,Traipu,AL,Agreste Alagoano,-9.9479,-36.9308,True,100.0,6,92.3,79.6,25.7,0.166,BAIXO
2022,12,Dez,27007,Traipu,AL,Agreste Alagoano,-9.9479,-36.9308,True,100.0,4,56.0,79.0,25.9,0.249,BAIXO
2023,1,Jan,27007,Traipu,AL,Agreste Alagoano,-9.9479,-36.9308,True,100.0,41,42.7,79.4,25.6,0.295,BAIXO
2023,2,Fev,27007,Traipu,AL,Agreste Alagoano,-9.9479,-36.9308,True,100.0,165,28.7,79.4,25.7,0.401,MEDIO
2023,3,Mar,27007,Traipu,AL,Agreste Alagoano,-9.9479,-36.9308,True,100.0,110,63.1,80.4,25.8,0.297,BAIXO
2023,4,Abr,27007,Traipu,AL,Agreste Alagoano,-9.9479,-36.9308,True,100.0,69,62.7,81.7,25.7,0.271,BAIXO
2023,5,Mai,27007,Traipu,AL,Agreste Alagoano,-9.9479,-36.9308,True,100.0,11,146.7,81.0,25.7,0.056,BAIXO
2023,6,Jun,27007,Traipu,AL,Agreste Alagoano,-9.9479,-36.9308,True,100.0,5,108.2,83.2,25.6,0.133,BAIXO
2023,7,Jul,27007,Traipu,AL,Agreste Alagoano,-9.9479,-36.9308,True,100.0,0,102.7,80.1,25.5,0.139,BAIXO
2023,8,Ago,27007,Traipu,AL,Agreste Alagoano,-9.9479,-36.9308,True,100.0,1,37.2,81.0,25.5,0.28,BAIXO
2023,9,Set,27007,Traipu,AL,Agreste Alagoano,-9.9479,-36.9308,True,100.0,5,40.1,81.6,25.8,0.284,BAIXO
2023,10,Out,27007,Traipu,AL,Agreste Alagoano,-9.9479,-36.9308,True,100.0,9,6.9,79.9,25.8,0.35,MEDIO
2023,11,Nov,27007,Traipu,AL,Agreste Alagoano,-9.9479,-36.9308,True,100.0,24,11.9,79.6,25.7,0.353,MEDIO
2023,12,Dez,27007,Traipu,AL,Agreste Alagoano,-9.9479,-36.9308,True,100.0,77,29.8,79.0,25.9,0.351,MEDIO
2024,1,Jan,27007,Traipu,AL,Agreste Alagoano,-9.9479,-36.9308,True,100.0,185,75.1,79.4,25.6,0.312,MEDIO
2024,2,Fev,27007,Traipu,AL,Agreste Alagoano,-9.9479,-36.9308,True,100.0,44,67.0,79.4,25.7,0.247,BAIXO
2024,3,Mar,27007,Traipu,AL,Agreste Alagoano,-9.9479,-36.9308,True,100.0,155,35.0,80.4,25.8,0.384,MEDIO
2024,4,Abr,27007,Traipu,AL,Agreste Alagoano,-9.9479,-36.9308,True,100.0,51,97.6,81.7,25.7,0.185,BAIXO
2024,5,Mai,27007,Traipu,AL,Agreste Alagoano,-9.9479,-36.9308,True,100.0,12,205.8,81.0,25.7,0.05,BAIXO
2024,6,Jun,27007,Traipu,AL,Agreste Alagoano,-9.9479,-36.9308,True,100.0,0,111.7,83.2,25.6,0.122,BAIXO
2024,7,Jul,27007,Traipu,AL,Agreste Alagoano,-9.9479,-36.9308,True,100.0,2,80.8,80.1,25.5,0.187,BAIXO
2024,8,Ago,27007,Traipu,AL,Agreste Alagoano,-9.9479,-36.9308,True,100.0,29,30.0,81.0,25.5,0.312,MEDIO
2024,9,Set,27007,Traipu,AL,Agreste Alagoano,-9.9479,-36.9308,True,100.0,13,24.9,81.6,25.8,0.321,MEDIO
2024,10,Out,27007,Traipu,AL,Agreste Alagoano,-9.9479,-36.9308,True,100.0,1,5.7,79.9,25.8,0.346,MEDIO
2024,11,Nov,27007,Traipu,AL,Agreste Alagoano,-9.9479,-36.9308,True,100.0,10,11.1,79.6,25.7,0.346,MEDIO
2024,12,Dez,27007,Traipu,AL,Agreste Alagoano,-9.9479,-36.9308,True,100.0,49,5.7,79.0,25.9,0.377,MEDIO
2022,1,Jan,28001,Sergipana do Sertão do São Francisco,SE,Sertão Sergipano,-9.9603,-37.551,True,100.0,75,18.0,74.0,26.8,0.359,MEDIO
2022,2,Fev,28001,Sergipana do Sertão do São Francisco,SE,Sertão Sergipano,-9.9603,-37.551,True,100.0,175,7.6,67.0,27.3,0.432,MEDIO
2022,3,Mar,28001,Sergipana do Sertão do São Francisco,SE,Sertão Sergipano,-9.9603,-37.551,True,100.0,173,53.3,73.9,26.3,0.272,BAIXO
2022,4,Abr,28001,Sergipana do Sertão do São Francisco,SE,Sertão Sergipano,-9.9603,-37.551,True,100.0,217,26.0,73.1,26.5,0.34,MEDIO
2022,5,Mai,28001,Sergipana do Sertão do São Francisco,SE,Sertão Sergipano,-9.9603,-37.551,True,100.0,70,166.2,87.7,23.7,0.0,BAIXO
2022,6,Jun,28001,Sergipana do Sertão do São Francisco,SE,Sertão Sergipano,-9.9603,-37.551,True,100.0,0,140.0,84.8,23.2,0.021,BAIXO
2022,7,Jul,28001,Sergipana do Sertão do São Francisco,SE,Sertão Sergipano,-9.9603,-37.551,True,100.0,0,85.0,76.0,24.3,0.147,BAIXO
2022,8,Ago,28001,Sergipana do Sertão do São Francisco,SE,Sertão Sergipano,-9.9603,-37.551,True,100.0,4,95.0,73.1,26.0,0.18,BAIXO
2022,9,Set,28001,Sergipana do Sertão do São Francisco,SE,Sertão Sergipano,-9.9603,-37.551,True,100.0,20,30.4,76.3,25.5,0.294,BAIXO
2022,10,Out,28001,Sergipana do Sertão do São Francisco,SE,Sertão Sergipano,-9.9603,-37.551,True,100.0,32,12.5,76.3,25.8,0.34,MEDIO
2022,11,Nov,28001,Sergipana do Sertão do São Francisco,SE,Sertão Sergipano,-9.9603,-37.551,True,100.0,32,85.4,76.9,26.3,0.196,BAIXO
2022,12,Dez,28001,Sergipana do Sertão do São Francisco,SE,Sertão Sergipano,-9.9603,-37.551,True,100.0,108,62.9,75.4,26.4,0.247,BAIXO
2023,1,Jan,28001,Sergipana do Sertão do São Francisco,SE,Sertão Sergipano,-9.9603,-37.551,True,100.0,122,25.0,63.5,26.1,0.465,MEDIO
2023,2,Fev,28001,Sergipana do Sertão do São Francisco,SE,Sertão Sergipano,-9.9603,-37.551,True,100.0,185,20.1,64.3,26.4,0.516,ALTO
2023,3,Mar,28001,Sergipana do Sertão do São Francisco,SE,Sertão Sergipano,-9.9603,-37.551,True,100.0,149,46.5,63.3,26.5,0.447,MEDIO
2023,4,Abr,28001,Sergipana do Sertão do São Francisco,SE,Sertão Sergipano,-9.9603,-37.551,True,100.0,240,46.8,63.2,26.4,0.499,MEDIO
2023,5,Mai,28001,Sergipana do Sertão do São Francisco,SE,Sertão Sergipano,-9.9603,-37.551,True,100.0,55,66.4,62.4,26.5,0.353,MEDIO
2023,6,Jun,28001,Sergipana do Sertão do São Francisco,SE,Sertão Sergipano,-9.9603,-37.551,True,100.0,1,111.3,64.7,25.9,0.195,BAIXO
2023,7,Jul,28001,Sergipana do Sertão do São Francisco,SE,Sertão Sergipano,-9.9603,-37.551,True,100.0,7,84.7,64.7,26.2,0.264,BAIXO
2023,8,Ago,28001,Sergipana do Sertão do São Francisco,SE,Sertão Sergipano,-9.9603,-37.551,True,100.0,10,28.1,63.0,26.3,0.4,MEDIO
2023,9,Set,28001,Sergipana do Sertão do São Francisco,SE,Sertão Sergipano,-9.9603,-37.551,True,100.0,23,26.6,62.5,26.5,0.419,MEDIO
2023,10,Out,28001,Sergipana do Sertão do São Francisco,SE,Sertão Sergipano,-9.9603,-37.551,True,100.0,101,6.4,63.2,26.3,0.492,MEDIO
2023,11,Nov,28001,Sergipana do Sertão do São Francisco,SE,Sertão Sergipano,-9.9603,-37.551,True,100.0,211,7.8,62.9,26.4,0.562,ALTO
2023,12,Dez,28001,Sergipana do Sertão do São Francisco,SE,Sertão Sergipano,-9.9603,-37.551,True,100.0,129,20.7,61.3,26.6,0.505,ALTO
2024,1,Jan,28001,Sergipana do Sertão do São Francisco,SE,Sertão Sergipano,-9.9603,-37.551,True,100.0,519,73.7,81.0,26.5,0.526,ALTO
2024,2,Fev,28001,Sergipana do Sertão do São Francisco,SE,Sertão Sergipano,-9.9603,-37.551,True,100.0,118,80.9,82.9,26.3,0.276,BAIXO
2024,3,Mar,28001,Sergipana do Sertão do São Francisco,SE,Sertão Sergipano,-9.9603,-37.551,True,100.0,279,23.1,80.7,26.9,0.512,ALTO
2024,4,Abr,28001,Sergipana do Sertão do São Francisco,SE,Sertão Sergipano,-9.9603,-37.551,True,100.0,197,94.0,80.8,26.8,0.308,MEDIO
2024,5,Mai,28001,Sergipana do Sertão do São Francisco,SE,Sertão Sergipano,-9.9603,-37.551,True,100.0,37,139.0,80.9,26.7,0.113,BAIXO
2024,6,Jun,28001,Sergipana do Sertão do São Francisco,SE,Sertão Sergipano,-9.9603,-37.551,True,100.0,8,105.0,80.7,26.8,0.171,BAIXO
2024,7,Jul,28001,Sergipana do Sertão do São Francisco,SE,Sertão Sergipano,-9.9603,-37.551,True,100.0,15,78.6,81.4,26.6,0.227,BAIXO
2024,8,Ago,28001,Sergipana do Sertão do São Francisco,SE,Sertão Sergipano,-9.9603,-37.551,True,100.0,61,26.6,82.5,26.9,0.374,MEDIO
2024,9,Set,28001,Sergipana do Sertão do São Francisco,SE,Sertão Sergipano,-9.9603,-37.551,True,100.0,18,16.3,80.2,27.1,0.375,MEDIO
2024,10,Out,28001,Sergipana do Sertão do São Francisco,SE,Sertão Sergipano,-9.9603,-37.551,True,100.0,61,6.0,80.6,26.8,0.407,MEDIO
2024,11,Nov,28001,Sergipana do Sertão do São Francisco,SE,Sertão Sergipano,-9.9603,-37.551,True,100.0,78,22.4,82.3,26.5,0.383,MEDIO
2024,12,Dez,28001,Sergipana do Sertão do São Francisco,SE,Sertão Sergipano,-9.9603,-37.551,True,100.0,181,4.8,80.9,27.0,0.484,MEDIO
2022,1,Jan,28002,Carira,SE,Sertão Sergipano,-10.4435,-37.6109,True,100.0,19,23.9,70.2,26.0,0.35,MEDIO
2022,2,Fev,28002,Carira,SE,Sertão Sergipano,-10.4435,-37.6109,True,100.0,15,24.5,67.0,26.1,0.371,MEDIO
2022,3,Mar,28002,Carira,SE,Sertão Sergipano,-10.4435,-37.6109,True,100.0,23,80.5,68.8,25.9,0.235,BAIXO
2022,4,Abr,28002,Carira,SE,Sertão Sergipano,-10.4435,-37.6109,True,100.0,18,74.1,68.5,26.4,0.263,BAIXO
2022,5,Mai,28002,Carira,SE,Sertão Sergipano,-10.4435,-37.6109,True,100.0,10,176.4,69.5,25.2,0.064,BAIXO
2022,6,Jun,28002,Carira,SE,Sertão Sergipano,-10.4435,-37.6109,True,100.0,0,156.9,71.6,25.4,0.056,BAIXO
2022,7,Jul,28002,Carira,SE,Sertão Sergipano,-10.4435,-37.6109,True,100.0,0,93.0,69.4,25.9,0.205,BAIXO
2022,8,Ago,28002,Carira,SE,Sertão Sergipano,-10.4435,-37.6109,True,100.0,1,116.0,71.5,25.6,0.135,BAIXO
2022,9,Set,28002,Carira,SE,Sertão Sergipano,-10.4435,-37.6109,True,100.0,1,27.3,71.2,25.9,0.334,MEDIO
2022,10,Out,28002,Carira,SE,Sertão Sergipano,-10.4435,-37.6109,True,100.0,1,21.6,71.9,25.8,0.34,MEDIO
2022,11,Nov,28002,Carira,SE,Sertão Sergipano,-10.4435,-37.6109,True,100.0,0,110.4,73.5,26.0,0.144,BAIXO
2022,12,Dez,28002,Carira,SE,Sertão Sergipano,-10.4435,-37.6109,True,100.0,3,41.1,70.5,26.1,0.314,MEDIO
2023,1,Jan,28002,Carira,SE,Sertão Sergipano,-10.4435,-37.6109,True,100.0,4,21.4,70.2,26.0,0.358,MEDIO
2023,2,Fev,28002,Carira,SE,Sertão Sergipano,-10.4435,-37.6109,True,100.0,16,24.5,67.0,26.1,0.381,MEDIO
2023,3,Mar,28002,Carira,SE,Sertão Sergipano,-10.4435,-37.6109,True,100.0,6,65.4,68.8,25.9,0.271,BAIXO
2023,4,Abr,28002,Carira,SE,Sertão Sergipano,-10.4435,-37.6109,True,100.0,12,70.2,68.5,26.4,0.279,BAIXO
2023,5,Mai,28002,Carira,SE,Sertão Sergipano,-10.4435,-37.6109,True,100.0,2,117.1,69.5,25.2,0.136,BAIXO
2023,6,Jun,28002,Carira,SE,Sertão Sergipano,-10.4435,-37.6109,True,100.0,0,126.5,71.6,25.4,0.107,BAIXO
2023,7,Jul,28002,Carira,SE,Sertão Sergipano,-10.4435,-37.6109,True,100.0,0,92.5,69.4,25.9,0.206,BAIXO
2023,8,Ago,28002,Carira,SE,Sertão Sergipano,-10.4435,-37.6109,True,100.0,1,27.0,71.5,25.6,0.326,MEDIO
2023,9,Set,28002,Carira,SE,Sertão Sergipano,-10.4435,-37.6109,True,100.0,0,23.6,71.2,25.9,0.342,MEDIO
2023,10,Out,28002,Carira,SE,Sertão Sergipano,-10.4435,-37.6109,True,100.0,1,7.3,71.9,25.8,0.365,MEDIO
2023,11,Nov,28002,Carira,SE,Sertão Sergipano,-10.4435,-37.6109,True,100.0,5,9.9,73.5,26.0,0.362,MEDIO
2023,12,Dez,28002,Carira,SE,Sertão Sergipano,-10.4435,-37.6109,True,100.0,28,27.9,70.5,26.1,0.359,MEDIO
2024,1,Jan,28002,Carira,SE,Sertão Sergipano,-10.4435,-37.6109,True,100.0,4,67.9,70.2,26.0,0.258,BAIXO
2024,2,Fev,28002,Carira,SE,Sertão Sergipano,-10.4435,-37.6109,True,100.0,27,83.2,67.0,26.1,0.262,BAIXO
2024,3,Mar,28002,Carira,SE,Sertão Sergipano,-10.4435,-37.6109,True,100.0,26,24.4,68.8,25.9,0.371,MEDIO
2024,4,Abr,28002,Carira,SE,Sertão Sergipano,-10.4435,-37.6109,True,100.0,14,98.7,68.5,26.4,0.219,BAIXO
2024,5,Mai,28002,Carira,SE,Sertão Sergipano,-10.4435,-37.6109,True,100.0,3,177.0,69.5,25.2,0.066,BAIXO
2024,6,Jun,28002,Carira,SE,Sertão Sergipano,-10.4435,-37.6109,True,100.0,0,131.6,71.6,25.4,0.096,BAIXO
2024,7,Jul,28002,Carira,SE,Sertão Sergipano,-10.4435,-37.6109,True,100.0,0,90.6,69.4,25.9,0.21,BAIXO
2024,8,Ago,28002,Carira,SE,Sertão Sergipano,-10.4435,-37.6109,True,100.0,2,48.6,71.5,25.6,0.28,BAIXO
2024,9,Set,28002,Carira,SE,Sertão Sergipano,-10.4435,-37.6109,True,100.0,0,18.4,71.2,25.9,0.353,MEDIO
2024,10,Out,28002,Carira,SE,Sertão Sergipano,-10.4435,-37.6109,True,100.0,2,8.3,71.9,25.8,0.366,MEDIO
2024,11,Nov,28002,Carira,SE,Sertão Sergipano,-10.4435,-37.6109,True,100.0,3,18.1,73.5,26.0,0.344,MEDIO
2024,12,Dez,28002,Carira,SE,Sertão Sergipano,-10.4435,-37.6109,True,100.0,35,5.2,70.5,26.1,0.402,MEDIO
2022,1,Jan,28003,Nossa Senhora das Dores,SE,Agreste Sergipano,-10.3758,-37.1674,True,33.0,0,32.5,70.2,26.0,0.332,MEDIO
2022,2,Fev,28003,Nossa Senhora das Dores,SE,Agreste Sergipano,-10.3758,-37.1674,True,33.0,0,17.5,67.0,26.1,0.386,MEDIO
2022,3,Mar,28003,Nossa Senhora das Dores,SE,Agreste Sergipano,-10.3758,-37.1674,True,33.0,0,135.7,68.8,25.9,0.117,BAIXO
2022,4,Abr,28003,Nossa Senhora das Dores,SE,Agreste Sergipano,-10.3758,-37.1674,True,33.0,0,88.7,68.5,26.4,0.232,BAIXO
2022,5,Mai,28003,Nossa Senhora das Dores,SE,Agreste Sergipano,-10.3758,-37.1674,True,33.0,0,374.5,69.5,25.2,0.064,BAIXO
2022,6,Jun,28003,Nossa Senhora das Dores,SE,Agreste Sergipano,-10.3758,-37.1674,True,33.0,0,348.9,71.6,25.4,0.056,BAIXO
2022,7,Jul,28003,Nossa Senhora das Dores,SE,Agreste Sergipano,-10.3758,-37.1674,True,33.0,0,141.8,69.4,25.9,0.1,BAIXO
2022,8,Ago,28003,Nossa Senhora das Dores,SE,Agreste Sergipano,-10.3758,-37.1674,True,33.0,0,174.0,71.5,25.6,0.062,BAIXO
2022,9,Set,28003,Nossa Senhora das Dores,SE,Agreste Sergipano,-10.3758,-37.1674,True,33.0,0,59.6,71.2,25.9,0.265,BAIXO
2022,10,Out,28003,Nossa Senhora das Dores,SE,Agreste Sergipano,-10.3758,-37.1674,True,33.0,0,26.8,71.9,25.8,0.328,MEDIO
2022,11,Nov,28003,Nossa Senhora das Dores,SE,Agreste Sergipano,-10.3758,-37.1674,True,33.0,0,132.8,73.5,26.0,0.096,BAIXO
2022,12,Dez,28003,Nossa Senhora das Dores,SE,Agreste Sergipano,-10.3758,-37.1674,True,33.0,0,49.6,70.5,26.1,0.296,BAIXO
2023,1,Jan,28003,Nossa Senhora das Dores,SE,Agreste Sergipano,-10.3758,-37.1674,True,33.0,33,34.8,70.2,26.0,0.347,MEDIO
2023,2,Fev,28003,Nossa Senhora das Dores,SE,Agreste Sergipano,-10.3758,-37.1674,True,33.0,19,41.7,67.0,26.1,0.346,MEDIO
2023,3,Mar,28003,Nossa Senhora das Dores,SE,Agreste Sergipano,-10.3758,-37.1674,True,33.0,21,87.7,68.8,25.9,0.232,BAIXO
2023,4,Abr,28003,Nossa Senhora das Dores,SE,Agreste Sergipano,-10.3758,-37.1674,True,33.0,34,101.1,68.5,26.4,0.226,BAIXO
2023,5,Mai,28003,Nossa Senhora das Dores,SE,Agreste Sergipano,-10.3758,-37.1674,True,33.0,6,187.9,69.5,25.2,0.068,BAIXO
2023,6,Jun,28003,Nossa Senhora das Dores,SE,Agreste Sergipano,-10.3758,-37.1674,True,33.0,0,210.2,71.6,25.4,0.056,BAIXO
2023,7,Jul,28003,Nossa Senhora das Dores,SE,Agreste Sergipano,-10.3758,-37.1674,True,33.0,0,198.2,69.4,25.9,0.082,BAIXO
2023,8,Ago,28003,Nossa Senhora das Dores,SE,Agreste Sergipano,-10.3758,-37.1674,True,33.0,0,51.8,71.5,25.6,0.272,BAIXO
2023,9,Set,28003,Nossa Senhora das Dores,SE,Agreste Sergipano,-10.3758,-37.1674,True,33.0,2,48.5,71.2,25.9,0.29,BAIXO
2023,10,Out,28003,Nossa Senhora das Dores,SE,Agreste Sergipano,-10.3758,-37.1674,True,33.0,5,11.1,71.9,25.8,0.365,MEDIO
2023,11,Nov,28003,Nossa Senhora das Dores,SE,Agreste Sergipano,-10.3758,-37.1674,True,33.0,30,22.3,73.5,26.0,0.351,MEDIO
2023,12,Dez,28003,Nossa Senhora das Dores,SE,Agreste Sergipano,-10.3758,-37.1674,True,33.0,17,40.3,70.5,26.1,0.326,MEDIO
2024,1,Jan,28003,Nossa Senhora das Dores,SE,Agreste Sergipano,-10.3758,-37.1674,True,33.0,56,61.9,70.2,26.0,0.302,MEDIO
2024,2,Fev,28003,Nossa Senhora das Dores,SE,Agreste Sergipano,-10.3758,-37.1674,True,33.0,27,86.0,67.0,26.1,0.256,BAIXO
2024,3,Mar,28003,Nossa Senhora das Dores,SE,Agreste Sergipano,-10.3758,-37.1674,True,33.0,63,36.2,68.8,25.9,0.368,MEDIO
2024,4,Abr,28003,Nossa Senhora das Dores,SE,Agreste Sergipano,-10.3758,-37.1674,True,33.0,19,215.2,68.5,26.4,0.112,BAIXO
2024,5,Mai,28003,Nossa Senhora das Dores,SE,Agreste Sergipano,-10.3758,-37.1674,True,33.0,2,320.5,69.5,25.2,0.066,BAIXO
2024,6,Jun,28003,Nossa Senhora das Dores,SE,Agreste Sergipano,-10.3758,-37.1674,True,33.0,1,258.0,71.6,25.4,0.057,BAIXO
2024,7,Jul,28003,Nossa Senhora das Dores,SE,Agreste Sergipano,-10.3758,-37.1674,True,33.0,0,148.9,69.4,25.9,0.085,BAIXO
2024,8,Ago,28003,Nossa Senhora das Dores,SE,Agreste Sergipano,-10.3758,-37.1674,True,33.0,0,57.4,71.5,25.6,0.26,BAIXO
2024,9,Set,28003,Nossa Senhora das Dores,SE,Agreste Sergipano,-10.3758,-37.1674,True,33.0,1,34.4,71.2,25.9,0.32,MEDIO
2024,10,Out,28003,Nossa Senhora das Dores,SE,Agreste Sergipano,-10.3758,-37.1674,True,33.0,18,11.3,71.9,25.8,0.372,MEDIO
2024,11,Nov,28003,Nossa Senhora das Dores,SE,Agreste Sergipano,-10.3758,-37.1674,True,33.0,36,17.1,73.5,26.0,0.366,MEDIO
2024,12,Dez,28003,Nossa Senhora das Dores,SE,Agreste Sergipano,-10.3758,-37.1674,True,33.0,105,5.1,70.5,26.1,0.444,MEDIO
2022,1,Jan,28004,Agreste de Itabaiana,SE,Agreste Sergipano,-10.71,-37.4406,True,57.0,4,32.3,70.2,26.0,0.332,MEDIO
2022,2,Fev,28004,Agreste de Itabaiana,SE,Agreste Sergipano,-10.71,-37.4406,True,57.0,10,33.4,67.0,26.1,0.352,MEDIO
2022,3,Mar,28004,Agreste de Itabaiana,SE,Agreste Sergipano,-10.71,-37.4406,True,57.0,13,99.1,68.8,25.9,0.195,BAIXO
2022,4,Abr,28004,Agreste de Itabaiana,SE,Agreste Sergipano,-10.71,-37.4406,True,57.0,4,109.9,68.5,26.4,0.187,BAIXO
2022,5,Mai,28004,Agreste de Itabaiana,SE,Agreste Sergipano,-10.71,-37.4406,True,57.0,0,238.6,69.5,25.2,0.064,BAIXO
2022,6,Jun,28004,Agreste de Itabaiana,SE,Agreste Sergipano,-10.71,-37.4406,True,57.0,0,215.3,71.6,25.4,0.056,BAIXO
2022,7,Jul,28004,Agreste de Itabaiana,SE,Agreste Sergipano,-10.71,-37.4406,True,57.0,0,72.6,69.4,25.9,0.248,BAIXO
2022,8,Ago,28004,Agreste de Itabaiana,SE,Agreste Sergipano,-10.71,-37.4406,True,57.0,1,145.8,71.5,25.6,0.071,BAIXO
2022,9,Set,28004,Agreste de Itabaiana,SE,Agreste Sergipano,-10.71,-37.4406,True,57.0,1,35.1,71.2,25.9,0.317,MEDIO
2022,10,Out,28004,Agreste de Itabaiana,SE,Agreste Sergipano,-10.71,-37.4406,True,57.0,0,35.2,71.9,25.8,0.31,MEDIO
2022,11,Nov,28004,Agreste de Itabaiana,SE,Agreste Sergipano,-10.71,-37.4406,True,57.0,0,168.9,73.5,26.0,0.059,BAIXO
2022,12,Dez,28004,Agreste de Itabaiana,SE,Agreste Sergipano,-10.71,-37.4406,True,57.0,0,41.6,70.5,26.1,0.313,MEDIO
2023,1,Jan,28004,Agreste de Itabaiana,SE,Agreste Sergipano,-10.71,-37.4406,True,57.0,21,30.1,70.2,26.0,0.35,MEDIO
2023,2,Fev,28004,Agreste de Itabaiana,SE,Agreste Sergipano,-10.71,-37.4406,True,57.0,11,43.9,67.0,26.1,0.336,MEDIO
2023,3,Mar,28004,Agreste de Itabaiana,SE,Agreste Sergipano,-10.71,-37.4406,True,57.0,18,99.9,68.8,25.9,0.204,BAIXO
2023,4,Abr,28004,Agreste de Itabaiana,SE,Agreste Sergipano,-10.71,-37.4406,True,57.0,8,122.5,68.5,26.4,0.164,BAIXO
2023,5,Mai,28004,Agreste de Itabaiana,SE,Agreste Sergipano,-10.71,-37.4406,True,57.0,2,243.4,69.5,25.2,0.066,BAIXO
2023,6,Jun,28004,Agreste de Itabaiana,SE,Agreste Sergipano,-10.71,-37.4406,True,57.0,1,189.0,71.6,25.4,0.057,BAIXO
2023,7,Jul,28004,Agreste de Itabaiana,SE,Agreste Sergipano,-10.71,-37.4406,True,57.0,0,73.8,69.4,25.9,0.246,BAIXO
2023,8,Ago,28004,Agreste de Itabaiana,SE,Agreste Sergipano,-10.71,-37.4406,True,57.0,1,49.5,71.5,25.6,0.278,BAIXO
2023,9,Set,28004,Agreste de Itabaiana,SE,Agreste Sergipano,-10.71,-37.4406,True,57.0,2,26.8,71.2,25.9,0.336,MEDIO
2023,10,Out,28004,Agreste de Itabaiana,SE,Agreste Sergipano,-10.71,-37.4406,True,57.0,7,8.8,71.9,25.8,0.369,MEDIO
2023,11,Nov,28004,Agreste de Itabaiana,SE,Agreste Sergipano,-10.71,-37.4406,True,57.0,17,20.5,73.5,26.0,0.347,MEDIO
2023,12,Dez,28004,Agreste de Itabaiana,SE,Agreste Sergipano,-10.71,-37.4406,True,57.0,16,42.5,70.5,26.1,0.321,MEDIO
2024,1,Jan,28004,Agreste de Itabaiana,SE,Agreste Sergipano,-10.71,-37.4406,True,57.0,24,51.7,70.2,26.0,0.305,MEDIO
2024,2,Fev,28004,Agreste de Itabaiana,SE,Agreste Sergipano,-10.71,-37.4406,True,57.0,14,72.7,67.0,26.1,0.277,BAIXO
2024,3,Mar,28004,Agreste de Itabaiana,SE,Agreste Sergipano,-10.71,-37.4406,True,57.0,37,42.6,68.8,25.9,0.339,MEDIO
2024,4,Abr,28004,Agreste de Itabaiana,SE,Agreste Sergipano,-10.71,-37.4406,True,57.0,12,173.4,68.5,26.4,0.108,BAIXO
2024,5,Mai,28004,Agreste de Itabaiana,SE,Agreste Sergipano,-10.71,-37.4406,True,57.0,0,289.5,69.5,25.2,0.064,BAIXO
2024,6,Jun,28004,Agreste de Itabaiana,SE,Agreste Sergipano,-10.71,-37.4406,True,57.0,0,204.4,71.6,25.4,0.056,BAIXO
2024,7,Jul,28004,Agreste de Itabaiana,SE,Agreste Sergipano,-10.71,-37.4406,True,57.0,1,58.9,69.4,25.9,0.278,BAIXO
2024,8,Ago,28004,Agreste de Itabaiana,SE,Agreste Sergipano,-10.71,-37.4406,True,57.0,1,78.3,71.5,25.6,0.216,BAIXO
2024,9,Set,28004,Agreste de Itabaiana,SE,Agreste Sergipano,-10.71,-37.4406,True,57.0,1,22.6,71.2,25.9,0.345,MEDIO
2024,10,Out,28004,Agreste de Itabaiana,SE,Agreste Sergipano,-10.71,-37.4406,True,57.0,25,15.6,71.9,25.8,0.367,MEDIO
2024,11,Nov,28004,Agreste de Itabaiana,SE,Agreste Sergipano,-10.71,-37.4406,True,57.0,30,22.4,73.5,26.0,0.351,MEDIO
2024,12,Dez,28004,Agreste de Itabaiana,SE,Agreste Sergipano,-10.71,-37.4406,True,57.0,50,6.1,70.5,26.1,0.411,MEDIO
2022,1,Jan,28005,Tobias Barreto,SE,Agreste Sergipano,-10.9091,-37.9809,True,100.0,42,34.9,77.9,24.5,0.259,BAIXO
2022,2,Fev,28005,Tobias Barreto,SE,Agreste Sergipano,-10.9091,-37.9809,True,100.0,167,28.8,76.3,24.8,0.28,BAIXO
2022,3,Mar,28005,Tobias Barreto,SE,Agreste Sergipano,-10.9091,-37.9809,True,100.0,99,73.6,78.9,24.1,0.166,BAIXO
2022,4,Abr,28005,Tobias Barreto,SE,Agreste Sergipano,-10.9091,-37.9809,True,100.0,89,62.7,82.5,23.4,0.187,BAIXO
2022,5,Mai,28005,Tobias Barreto,SE,Agreste Sergipano,-10.9091,-37.9809,True,100.0,18,76.6,86.8,23.0,0.157,BAIXO
2022,6,Jun,28005,Tobias Barreto,SE,Agreste Sergipano,-10.9091,-37.9809,True,100.0,4,69.5,78.8,24.2,0.177,BAIXO
2022,7,Jul,28005,Tobias Barreto,SE,Agreste Sergipano,-10.9091,-37.9809,True,100.0,4,51.7,78.5,24.6,0.226,BAIXO
2022,8,Ago,28005,Tobias Barreto,SE,Agreste Sergipano,-10.9091,-37.9809,True,100.0,9,61.0,81.3,24.4,0.201,BAIXO
2022,9,Set,28005,Tobias Barreto,SE,Agreste Sergipano,-10.9091,-37.9809,True,100.0,11,28.9,81.6,24.2,0.264,BAIXO
2022,10,Out,28005,Tobias Barreto,SE,Agreste Sergipano,-10.9091,-37.9809,True,100.0,10,14.8,80.9,24.5,0.302,MEDIO
2022,11,Nov,28005,Tobias Barreto,SE,Agreste Sergipano,-10.9091,-37.9809,True,100.0,4,138.9,79.7,24.0,0.024,BAIXO
2022,12,Dez,28005,Tobias Barreto,SE,Agreste Sergipano,-10.9091,-37.9809,True,100.0,14,64.4,78.3,24.3,0.191,BAIXO
2023,1,Jan,28005,Tobias Barreto,SE,Agreste Sergipano,-10.9091,-37.9809,True,100.0,33,37.2,76.9,24.5,0.274,BAIXO
2023,2,Fev,28005,Tobias Barreto,SE,Agreste Sergipano,-10.9091,-37.9809,True,100.0,41,31.5,76.6,24.9,0.301,MEDIO
2023,3,Mar,28005,Tobias Barreto,SE,Agreste Sergipano,-10.9091,-37.9809,True,100.0,67,87.0,78.4,24.8,0.195,BAIXO
2023,4,Abr,28005,Tobias Barreto,SE,Agreste Sergipano,-10.9091,-37.9809,True,100.0,40,69.6,76.0,24.8,0.216,BAIXO
2023,5,Mai,28005,Tobias Barreto,SE,Agreste Sergipano,-10.9091,-37.9809,True,100.0,7,122.1,75.8,24.9,0.086,BAIXO
2023,6,Jun,28005,Tobias Barreto,SE,Agreste Sergipano,-10.9091,-37.9809,True,100.0,0,73.4,77.1,24.4,0.174,BAIXO
2023,7,Jul,28005,Tobias Barreto,SE,Agreste Sergipano,-10.9091,-37.9809,True,100.0,1,29.9,76.3,24.7,0.275,BAIXO
2023,8,Ago,28005,Tobias Barreto,SE,Agreste Sergipano,-10.9091,-37.9809,True,100.0,2,30.0,77.6,24.3,0.266,BAIXO
2023,9,Set,28005,Tobias Barreto,SE,Agreste Sergipano,-10.9091,-37.9809,True,100.0,17,17.5,77.4,24.8,0.314,MEDIO
2023,10,Out,28005,Tobias Barreto,SE,Agreste Sergipano,-10.9091,-37.9809,True,100.0,22,6.7,77.5,24.6,0.328,MEDIO
2023,11,Nov,28005,Tobias Barreto,SE,Agreste Sergipano,-10.9091,-37.9809,True,100.0,40,10.4,77.9,24.7,0.341,MEDIO
2023,12,Dez,28005,Tobias Barreto,SE,Agreste Sergipano,-10.9091,-37.9809,True,100.0,63,41.0,77.9,24.8,0.291,BAIXO
2024,1,Jan,28005,Tobias Barreto,SE,Agreste Sergipano,-10.9091,-37.9809,True,100.0,60,72.8,70.2,26.0,0.281,BAIXO
2024,2,Fev,28005,Tobias Barreto,SE,Agreste Sergipano,-10.9091,-37.9809,True,100.0,34,72.6,67.0,26.1,0.289,BAIXO
2024,3,Mar,28005,Tobias Barreto,SE,Agreste Sergipano,-10.9091,-37.9809,True,100.0,119,45.6,68.8,25.9,0.381,MEDIO
2024,4,Abr,28005,Tobias Barreto,SE,Agreste Sergipano,-10.9091,-37.9809,True,100.0,20,90.6,68.5,26.4,0.24,BAIXO
2024,5,Mai,28005,Tobias Barreto,SE,Agreste Sergipano,-10.9091,-37.9809,True,100.0,1,120.4,69.5,25.2,0.128,BAIXO
2024,6,Jun,28005,Tobias Barreto,SE,Agreste Sergipano,-10.9091,-37.9809,True,100.0,0,99.1,71.6,25.4,0.165,BAIXO
2024,7,Jul,28005,Tobias Barreto,SE,Agreste Sergipano,-10.9091,-37.9809,True,100.0,0,44.7,69.4,25.9,0.308,MEDIO
2024,8,Ago,28005,Tobias Barreto,SE,Agreste Sergipano,-10.9091,-37.9809,True,100.0,4,49.1,71.5,25.6,0.28,BAIXO
2024,9,Set,28005,Tobias Barreto,SE,Agreste Sergipano,-10.9091,-37.9809,True,100.0,1,16.6,71.2,25.9,0.358,MEDIO
2024,10,Out,28005,Tobias Barreto,SE,Agreste Sergipano,-10.9091,-37.9809,True,100.0,19,10.1,71.9,25.8,0.376,MEDIO
2024,11,Nov,28005,Tobias Barreto,SE,Agreste Sergipano,-10.9091,-37.9809,True,100.0,17,12.5,73.5,26.0,0.364,MEDIO
2024,12,Dez,28005,Tobias Barreto,SE,Agreste Sergipano,-10.9091,-37.9809,True,100.0,133,4.5,70.5,26.1,0.46,MEDIO
2022,1,Jan,28006,Agreste de Lagarto,SE,Agreste Sergipano,-10.9491,-37.7127,True,100.0,24,36.0,70.2,26.0,0.324,MEDIO
2022,2,Fev,28006,Agreste de Lagarto,SE,Agreste Sergipano,-10.9491,-37.7127,True,100.0,83,49.3,67.0,26.1,0.318,MEDIO
2022,3,Mar,28006,Agreste de Lagarto,SE,Agreste Sergipano,-10.9491,-37.7127,True,100.0,77,95.6,68.8,25.9,0.203,BAIXO
2022,4,Abr,28006,Agreste de Lagarto,SE,Agreste Sergipano,-10.9491,-37.7127,True,100.0,102,82.6,68.5,26.4,0.245,BAIXO
2022,5,Mai,28006,Agreste de Lagarto,SE,Agreste Sergipano,-10.9491,-37.7127,True,100.0,24,123.7,69.5,25.2,0.121,BAIXO
2022,6,Jun,28006,Agreste de Lagarto,SE,Agreste Sergipano,-10.9491,-37.7127,True,100.0,0,123.8,71.6,25.4,0.112,BAIXO
2022,7,Jul,28006,Agreste de Lagarto,SE,Agreste Sergipano,-10.9491,-37.7127,True,100.0,0,113.8,69.4,25.9,0.16,BAIXO
2022,8,Ago,28006,Agreste de Lagarto,SE,Agreste Sergipano,-10.9491,-37.7127,True,100.0,0,163.0,71.5,25.6,0.062,BAIXO
2022,9,Set,28006,Agreste de Lagarto,SE,Agreste Sergipano,-10.9491,-37.7127,True,100.0,1,47.5,71.2,25.9,0.291,BAIXO
2022,10,Out,28006,Agreste de Lagarto,SE,Agreste Sergipano,-10.9491,-37.7127,True,100.0,1,34.6,71.9,25.8,0.312,MEDIO
2022,11,Nov,28006,Agreste de Lagarto,SE,Agreste Sergipano,-10.9491,-37.7127,True,100.0,0,171.9,73.5,26.0,0.059,BAIXO
2022,12,Dez,28006,Agreste de Lagarto,SE,Agreste Sergipano,-10.9491,-37.7127,True,100.0,5,66.0,70.5,26.1,0.261,BAIXO
2023,1,Jan,28006,Agreste de Lagarto,SE,Agreste Sergipano,-10.9491,-37.7127,True,100.0,35,55.9,70.2,26.0,0.303,MEDIO
2023,2,Fev,28006,Agreste de Lagarto,SE,Agreste Sergipano,-10.9491,-37.7127,True,100.0,18,48.7,67.0,26.1,0.33,MEDIO
2023,3,Mar,28006,Agreste de Lagarto,SE,Agreste Sergipano,-10.9491,-37.7127,True,100.0,51,106.3,68.8,25.9,0.21,BAIXO
2023,4,Abr,28006,Agreste de Lagarto,SE,Agreste Sergipano,-10.9491,-37.7127,True,100.0,34,129.0,68.5,26.4,0.166,BAIXO
2023,5,Mai,28006,Agreste de Lagarto,SE,Agreste Sergipano,-10.9491,-37.7127,True,100.0,0,209.6,69.5,25.2,0.064,BAIXO
2023,6,Jun,28006,Agreste de Lagarto,SE,Agreste Sergipano,-10.9491,-37.7127,True,100.0,0,119.4,71.6,25.4,0.122,BAIXO
2023,7,Jul,28006,Agreste de Lagarto,SE,Agreste Sergipano,-10.9491,-37.7127,True,100.0,0,81.2,69.4,25.9,0.23,BAIXO
2023,8,Ago,28006,Agreste de Lagarto,SE,Agreste Sergipano,-10.9491,-37.7127,True,100.0,0,66.4,71.5,25.6,0.241,BAIXO
2023,9,Set,28006,Agreste de Lagarto,SE,Agreste Sergipano,-10.9491,-37.7127,True,100.0,3,26.6,71.2,25.9,0.337,MEDIO
2023,10,Out,28006,Agreste de Lagarto,SE,Agreste Sergipano,-10.9491,-37.7127,True,100.0,18,8.9,71.9,25.8,0.375,MEDIO
2023,11,Nov,28006,Agreste de Lagarto,SE,Agreste Sergipano,-10.9491,-37.7127,True,100.0,61,12.5,73.5,26.0,0.391,MEDIO
2023,12,Dez,28006,Agreste de Lagarto,SE,Agreste Sergipano,-10.9491,-37.7127,True,100.0,70,46.7,70.5,26.1,0.344,MEDIO
2024,1,Jan,28006,Agreste de Lagarto,SE,Agreste Sergipano,-10.9491,-37.7127,True,100.0,62,57.6,70.2,26.0,0.315,MEDIO
2024,2,Fev,28006,Agreste de Lagarto,SE,Agreste Sergipano,-10.9491,-37.7127,True,100.0,31,71.7,67.0,26.1,0.289,BAIXO
2024,3,Mar,28006,Agreste de Lagarto,SE,Agreste Sergipano,-10.9491,-37.7127,True,100.0,161,53.2,68.8,25.9,0.39,MEDIO
2024,4,Abr,28006,Agreste de Lagarto,SE,Agreste Sergipano,-10.9491,-37.7127,True,100.0,16,125.7,68.5,26.4,0.162,BAIXO
2024,5,Mai,28006,Agreste de Lagarto,SE,Agreste Sergipano,-10.9491,-37.7127,True,100.0,7,226.9,69.5,25.2,0.069,BAIXO
2024,6,Jun,28006,Agreste de Lagarto,SE,Agreste Sergipano,-10.9491,-37.7127,True,100.0,1,146.9,71.6,25.4,0.063,BAIXO
2024,7,Jul,28006,Agreste de Lagarto,SE,Agreste Sergipano,-10.9491,-37.7127,True,100.0,0,82.9,69.4,25.9,0.226,BAIXO
2024,8,Ago,28006,Agreste de Lagarto,SE,Agreste Sergipano,-10.9491,-37.7127,True,100.0,0,104.5,71.5,25.6,0.159,BAIXO
2024,9,Set,28006,Agreste de Lagarto,SE,Agreste Sergipano,-10.9491,-37.7127,True,100.0,3,25.3,71.2,25.9,0.34,MEDIO
2024,10,Out,28006,Agreste de Lagarto,SE,Agreste Sergipano,-10.9491,-37.7127,True,100.0,9,15.7,71.9,25.8,0.358,MEDIO
2024,11,Nov,28006,Agreste de Lagarto,SE,Agreste Sergipano,-10.9491,-37.7127,True,100.0,21,19.8,73.5,26.0,0.351,MEDIO
2024,12,Dez,28006,Agreste de Lagarto,SE,Agreste Sergipano,-10.9491,-37.7127,True,100.0,168,6.2,70.5,26.1,0.481,MEDIO
2022,1,Jan,28007,Propriá,SE,Leste Sergipano,-10.2855,-36.7636,True,40.0,0,59.4,70.2,26.0,0.274,BAIXO
2022,2,Fev,28007,Propriá,SE,Leste Sergipano,-10.2855,-36.7636,True,40.0,0,10.7,67.0,26.1,0.401,MEDIO
2022,3,Mar,28007,Propriá,SE,Leste Sergipano,-10.2855,-36.7636,True,40.0,0,184.9,68.8,25.9,0.086,BAIXO
2022,4,Abr,28007,Propriá,SE,Leste Sergipano,-10.2855,-36.7636,True,40.0,0,118.9,68.5,26.4,0.167,BAIXO
2022,5,Mai,28007,Propriá,SE,Leste Sergipano,-10.2855,-36.7636,True,40.0,0,525.3,69.5,25.2,0.064,BAIXO
2022,6,Jun,28007,Propriá,SE,Leste Sergipano,-10.2855,-36.7636,True,40.0,0,216.3,71.6,25.4,0.056,BAIXO
2022,7,Jul,28007,Propriá,SE,Leste Sergipano,-10.2855,-36.7636,True,40.0,0,109.3,69.4,25.9,0.17,BAIXO
2022,8,Ago,28007,Propriá,SE,Leste Sergipano,-10.2855,-36.7636,True,40.0,0,138.0,71.5,25.6,0.088,BAIXO
2022,9,Set,28007,Propriá,SE,Leste Sergipano,-10.2855,-36.7636,True,40.0,0,62.3,71.2,25.9,0.259,BAIXO
2022,10,Out,28007,Propriá,SE,Leste Sergipano,-10.2855,-36.7636,True,40.0,0,20.8,71.9,25.8,0.341,MEDIO
2022,11,Nov,28007,Propriá,SE,Leste Sergipano,-10.2855,-36.7636,True,40.0,0,136.1,73.5,26.0,0.089,BAIXO
2022,12,Dez,28007,Propriá,SE,Leste Sergipano,-10.2855,-36.7636,True,40.0,0,64.4,70.5,26.1,0.264,BAIXO
2023,1,Jan,28007,Propriá,SE,Leste Sergipano,-10.2855,-36.7636,True,40.0,22,37.9,70.2,26.0,0.333,MEDIO
2023,2,Fev,28007,Propriá,SE,Leste Sergipano,-10.2855,-36.7636,True,40.0,16,46.7,67.0,26.1,0.333,MEDIO
2023,3,Mar,28007,Propriá,SE,Leste Sergipano,-10.2855,-36.7636,True,40.0,17,92.4,68.8,25.9,0.22,BAIXO
2023,4,Abr,28007,Propriá,SE,Leste Sergipano,-10.2855,-36.7636,True,40.0,12,95.1,68.5,26.4,0.225,BAIXO
2023,5,Mai,28007,Propriá,SE,Leste Sergipano,-10.2855,-36.7636,True,40.0,5,232.0,69.5,25.2,0.067,BAIXO
2023,6,Jun,28007,Propriá,SE,Leste Sergipano,-10.2855,-36.7636,True,40.0,0,164.8,71.6,25.4,0.056,BAIXO
2023,7,Jul,28007,Propriá,SE,Leste Sergipano,-10.2855,-36.7636,True,40.0,0,141.3,69.4,25.9,0.101,BAIXO
2023,8,Ago,28007,Propriá,SE,Leste Sergipano,-10.2855,-36.7636,True,40.0,1,48.7,71.5,25.6,0.28,BAIXO
2023,9,Set,28007,Propriá,SE,Leste Sergipano,-10.2855,-36.7636,True,40.0,1,51.4,71.2,25.9,0.283,BAIXO
2023,10,Out,28007,Propriá,SE,Leste Sergipano,-10.2855,-36.7636,True,40.0,1,13.1,71.9,25.8,0.358,MEDIO
2023,11,Nov,28007,Propriá,SE,Leste Sergipano,-10.2855,-36.7636,True,40.0,28,20.1,73.5,26.0,0.355,MEDIO
2023,12,Dez,28007,Propriá,SE,Leste Sergipano,-10.2855,-36.7636,True,40.0,26,37.3,70.5,26.1,0.338,MEDIO
2024,1,Jan,28007,Propriá,SE,Leste Sergipano,-10.2855,-36.7636,True,40.0,51,48.8,70.2,26.0,0.327,MEDIO
2024,2,Fev,28007,Propriá,SE,Leste Sergipano,-10.2855,-36.7636,True,40.0,34,77.3,67.0,26.1,0.279,BAIXO
2024,3,Mar,28007,Propriá,SE,Leste Sergipano,-10.2855,-36.7636,True,40.0,42,47.1,68.8,25.9,0.332,MEDIO
2024,4,Abr,28007,Propriá,SE,Leste Sergipano,-10.2855,-36.7636,True,40.0,21,201.0,68.5,26.4,0.113,BAIXO
2024,5,Mai,28007,Propriá,SE,Leste Sergipano,-10.2855,-36.7636,True,40.0,3,355.6,69.5,25.2,0.066,BAIXO
2024,6,Jun,28007,Propriá,SE,Leste Sergipano,-10.2855,-36.7636,True,40.0,1,164.2,71.6,25.4,0.057,BAIXO
2024,7,Jul,28007,Propriá,SE,Leste Sergipano,-10.2855,-36.7636,True,40.0,0,107.4,69.4,25.9,0.174,BAIXO
2024,8,Ago,28007,Propriá,SE,Leste Sergipano,-10.2855,-36.7636,True,40.0,4,40.8,71.5,25.6,0.298,BAIXO
2024,9,Set,28007,Propriá,SE,Leste Sergipano,-10.2855,-36.7636,True,40.0,16,32.8,71.2,25.9,0.332,MEDIO
2024,10,Out,28007,Propriá,SE,Leste Sergipano,-10.2855,-36.7636,True,40.0,37,12.7,71.9,25.8,0.381,MEDIO
2024,11,Nov,28007,Propriá,SE,Leste Sergipano,-10.2855,-36.7636,True,40.0,47,16.0,73.5,26.0,0.375,MEDIO
2024,12,Dez,28007,Propriá,SE,Leste Sergipano,-10.2855,-36.7636,True,40.0,86,7.3,70.5,26.1,0.432,MEDIO
2022,1,Jan,29002,Cotegipe,BA,Extremo Oeste Baiano,-11.6256,-44.2612,True,38.0,0,149.5,54.1,25.8,0.177,BAIXO
2022,2,Fev,29002,Cotegipe,BA,Extremo Oeste Baiano,-11.6256,-44.2612,True,38.0,0,79.7,54.9,25.7,0.319,MEDIO
2022,3,Mar,29002,Cotegipe,BA,Extremo Oeste Baiano,-11.6256,-44.2612,True,38.0,0,70.1,55.2,25.9,0.342,MEDIO
2022,4,Abr,29002,Cotegipe,BA,Extremo Oeste Baiano,-11.6256,-44.2612,True,38.0,0,32.9,55.2,25.9,0.422,MEDIO
2022,5,Mai,29002,Cotegipe,BA,Extremo Oeste Baiano,-11.6256,-44.2612,True,38.0,0,4.6,54.2,26.4,0.49,MEDIO
2022,6,Jun,29002,Cotegipe,BA,Extremo Oeste Baiano,-11.6256,-44.2612,True,38.0,0,1.6,49.7,27.2,0.538,ALTO
2022,7,Jul,29002,Cotegipe,BA,Extremo Oeste Baiano,-11.6256,-44.2612,True,38.0,0,1.2,48.3,26.4,0.527,ALTO
2022,8,Ago,29002,Cotegipe,BA,Extremo Oeste Baiano,-11.6256,-44.2612,True,38.0,0,1.1,48.8,26.6,0.529,ALTO
2022,9,Set,29002,Cotegipe,BA,Extremo Oeste Baiano,-11.6256,-44.2612,True,38.0,0,5.5,48.6,26.7,0.532,ALTO
2022,10,Out,29002,Cotegipe,BA,Extremo Oeste Baiano,-11.6256,-44.2612,True,38.0,0,22.5,49.8,26.2,0.486,MEDIO
2022,11,Nov,29002,Cotegipe,BA,Extremo Oeste Baiano,-11.6256,-44.2612,True,38.0,0,348.7,47.9,26.4,0.229,BAIXO
2022,12,Dez,29002,Cotegipe,BA,Extremo Oeste Baiano,-11.6256,-44.2612,True,38.0,0,175.0,43.8,26.6,0.26,BAIXO
2023,1,Jan,29002,Cotegipe,BA,Extremo Oeste Baiano,-11.6256,-44.2612,True,38.0,191,110.7,55.5,26.4,0.381,MEDIO
2023,2,Fev,29002,Cotegipe,BA,Extremo Oeste Baiano,-11.6256,-44.2612,True,38.0,342,31.3,56.4,26.3,0.633,ALTO
2023,3,Mar,29002,Cotegipe,BA,Extremo Oeste Baiano,-11.6256,-44.2612,True,38.0,242,70.7,61.5,25.5,0.437,MEDIO
2023,4,Abr,29002,Cotegipe,BA,Extremo Oeste Baiano,-11.6256,-44.2612,True,38.0,278,58.3,59.9,25.7,0.5,ALTO
2023,5,Mai,29002,Cotegipe,BA,Extremo Oeste Baiano,-11.6256,-44.2612,True,38.0,2091,11.0,58.7,26.0,0.75,CRITICO
2023,6,Jun,29002,Cotegipe,BA,Extremo Oeste Baiano,-11.6256,-44.2612,True,38.0,1842,1.6,60.5,25.6,0.731,CRITICO
2023,7,Jul,29002,Cotegipe,BA,Extremo Oeste Baiano,-11.6256,-44.2612,True,38.0,2355,1.1,57.4,25.9,0.758,CRITICO
2023,8,Ago,29002,Cotegipe,BA,Extremo Oeste Baiano,-11.6256,-44.2612,True,38.0,1849,2.9,55.1,26.5,0.787,CRITICO
2023,9,Set,29002,Cotegipe,BA,Extremo Oeste Baiano,-11.6256,-44.2612,True,38.0,5056,6.6,55.2,26.6,0.789,CRITICO
2023,10,Out,29002,Cotegipe,BA,Extremo Oeste Baiano,-11.6256,-44.2612,True,38.0,19456,20.9,55.5,26.8,0.769,CRITICO
2023,11,Nov,29002,Cotegipe,BA,Extremo Oeste Baiano,-11.6256,-44.2612,True,38.0,5399,67.9,53.7,27.0,0.684,ALTO
2023,12,Dez,29002,Cotegipe,BA,Extremo Oeste Baiano,-11.6256,-44.2612,True,38.0,3835,62.3,53.9,26.4,0.68,ALTO
2024,1,Jan,29002,Cotegipe,BA,Extremo Oeste Baiano,-11.6256,-44.2612,True,38.0,764,349.0,50.5,29.7,0.596,ALTO
2024,2,Fev,29002,Cotegipe,BA,Extremo Oeste Baiano,-11.6256,-44.2612,True,38.0,174,228.5,49.4,29.8,0.409,MEDIO
2024,3,Mar,29002,Cotegipe,BA,Extremo Oeste Baiano,-11.6256,-44.2612,True,38.0,574,38.6,44.2,30.6,0.881,CRITICO
2024,4,Abr,29002,Cotegipe,BA,Extremo Oeste Baiano,-11.6256,-44.2612,True,38.0,281,82.8,42.9,30.8,0.663,ALTO
2024,5,Mai,29002,Cotegipe,BA,Extremo Oeste Baiano,-11.6256,-44.2612,True,38.0,936,2.7,39.3,31.2,0.973,CRITICO
2024,6,Jun,29002,Cotegipe,BA,Extremo Oeste Baiano,-11.6256,-44.2612,True,38.0,2170,1.4,42.2,31.3,0.955,CRITICO
2024,7,Jul,29002,Cotegipe,BA,Extremo Oeste Baiano,-11.6256,-44.2612,True,38.0,3477,1.0,39.3,31.7,0.973,CRITICO
2024,8,Ago,29002,Cotegipe,BA,Extremo Oeste Baiano,-11.6256,-44.2612,True,38.0,1075,1.0,40.5,31.3,0.966,CRITICO
2024,9,Set,29002,Cotegipe,BA,Extremo Oeste Baiano,-11.6256,-44.2612,True,38.0,3827,3.0,38.9,31.7,0.976,CRITICO
2024,10,Out,29002,Cotegipe,BA,Extremo Oeste Baiano,-11.6256,-44.2612,True,38.0,6470,54.9,39.9,32.0,0.873,CRITICO
2024,11,Nov,29002,Cotegipe,BA,Extremo Oeste Baiano,-11.6256,-44.2612,True,38.0,1270,217.0,41.9,31.7,0.657,ALTO
2024,12,Dez,29002,Cotegipe,BA,Extremo Oeste Baiano,-11.6256,-44.2612,True,38.0,1291,49.3,40.9,31.3,0.879,CRITICO
2022,1,Jan,29003,Santa Maria da Vitória,BA,Extremo Oeste Baiano,-13.8174,-45.0549,True,56.0,0,184.3,60.9,23.9,0.088,BAIXO
2022,2,Fev,29003,Santa Maria da Vitória,BA,Extremo Oeste Baiano,-13.8174,-45.0549,True,56.0,0,181.5,62.5,23.8,0.078,BAIXO
2022,3,Mar,29003,Santa Maria da Vitória,BA,Extremo Oeste Baiano,-13.8174,-45.0549,True,56.0,0,35.5,62.8,23.9,0.322,MEDIO
2022,4,Abr,29003,Santa Maria da Vitória,BA,Extremo Oeste Baiano,-13.8174,-45.0549,True,56.0,0,38.7,61.8,24.0,0.321,MEDIO
2022,5,Mai,29003,Santa Maria da Vitória,BA,Extremo Oeste Baiano,-13.8174,-45.0549,True,56.0,0,3.8,61.6,24.3,0.391,MEDIO
2022,6,Jun,29003,Santa Maria da Vitória,BA,Extremo Oeste Baiano,-13.8174,-45.0549,True,56.0,0,1.9,61.6,24.2,0.389,MEDIO
2022,7,Jul,29003,Santa Maria da Vitória,BA,Extremo Oeste Baiano,-13.8174,-45.0549,True,56.0,0,1.6,58.8,24.8,0.421,MEDIO
2022,8,Ago,29003,Santa Maria da Vitória,BA,Extremo Oeste Baiano,-13.8174,-45.0549,True,56.0,0,1.5,59.4,24.7,0.415,MEDIO
2022,9,Set,29003,Santa Maria da Vitória,BA,Extremo Oeste Baiano,-13.8174,-45.0549,True,56.0,0,12.1,58.7,24.4,0.407,MEDIO
2022,10,Out,29003,Santa Maria da Vitória,BA,Extremo Oeste Baiano,-13.8174,-45.0549,True,56.0,0,26.2,57.1,24.3,0.385,MEDIO
2022,11,Nov,29003,Santa Maria da Vitória,BA,Extremo Oeste Baiano,-13.8174,-45.0549,True,56.0,0,314.7,58.3,24.5,0.117,BAIXO
2022,12,Dez,29003,Santa Maria da Vitória,BA,Extremo Oeste Baiano,-13.8174,-45.0549,True,56.0,0,242.3,60.1,24.2,0.098,BAIXO
2023,1,Jan,29003,Santa Maria da Vitória,BA,Extremo Oeste Baiano,-13.8174,-45.0549,True,56.0,664,186.7,60.3,25.6,0.432,MEDIO
2023,2,Fev,29003,Santa Maria da Vitória,BA,Extremo Oeste Baiano,-13.8174,-45.0549,True,56.0,1324,32.2,60.6,25.6,0.682,ALTO
2023,3,Mar,29003,Santa Maria da Vitória,BA,Extremo Oeste Baiano,-13.8174,-45.0549,True,56.0,469,89.4,63.2,25.1,0.513,ALTO
2023,4,Abr,29003,Santa Maria da Vitória,BA,Extremo Oeste Baiano,-13.8174,-45.0549,True,56.0,521,85.7,64.5,24.9,0.526,ALTO
2023,5,Mai,29003,Santa Maria da Vitória,BA,Extremo Oeste Baiano,-13.8174,-45.0549,True,56.0,4244,7.1,64.5,24.7,0.683,ALTO
2023,6,Jun,29003,Santa Maria da Vitória,BA,Extremo Oeste Baiano,-13.8174,-45.0549,True,56.0,4098,2.4,65.1,24.6,0.677,ALTO
2023,7,Jul,29003,Santa Maria da Vitória,BA,Extremo Oeste Baiano,-13.8174,-45.0549,True,56.0,5280,2.3,60.4,24.9,0.714,CRITICO
2023,8,Ago,29003,Santa Maria da Vitória,BA,Extremo Oeste Baiano,-13.8174,-45.0549,True,56.0,2636,8.8,59.6,25.3,0.729,CRITICO
2023,9,Set,29003,Santa Maria da Vitória,BA,Extremo Oeste Baiano,-13.8174,-45.0549,True,56.0,7926,9.0,57.3,25.9,0.758,CRITICO
2023,10,Out,29003,Santa Maria da Vitória,BA,Extremo Oeste Baiano,-13.8174,-45.0549,True,56.0,5296,37.7,56.5,25.9,0.704,CRITICO
2023,11,Nov,29003,Santa Maria da Vitória,BA,Extremo Oeste Baiano,-13.8174,-45.0549,True,56.0,2594,63.8,57.0,25.6,0.637,ALTO
2023,12,Dez,29003,Santa Maria da Vitória,BA,Extremo Oeste Baiano,-13.8174,-45.0549,True,56.0,1213,110.5,56.7,25.8,0.544,ALTO
2024,1,Jan,29003,Santa Maria da Vitória,BA,Extremo Oeste Baiano,-13.8174,-45.0549,True,56.0,430,239.6,63.1,24.5,0.345,MEDIO
2024,2,Fev,29003,Santa Maria da Vitória,BA,Extremo Oeste Baiano,-13.8174,-45.0549,True,56.0,365,237.4,64.2,24.5,0.299,BAIXO
2024,3,Mar,29003,Santa Maria da Vitória,BA,Extremo Oeste Baiano,-13.8174,-45.0549,True,56.0,618,99.8,63.1,24.8,0.502,ALTO
2024,4,Abr,29003,Santa Maria da Vitória,BA,Extremo Oeste Baiano,-13.8174,-45.0549,True,56.0,589,86.4,62.5,24.3,0.522,ALTO
2024,5,Mai,29003,Santa Maria da Vitória,BA,Extremo Oeste Baiano,-13.8174,-45.0549,True,56.0,1238,2.8,63.4,24.4,0.682,ALTO
2024,6,Jun,29003,Santa Maria da Vitória,BA,Extremo Oeste Baiano,-13.8174,-45.0549,True,56.0,3332,1.9,62.4,24.8,0.699,ALTO
2024,7,Jul,29003,Santa Maria da Vitória,BA,Extremo Oeste Baiano,-13.8174,-45.0549,True,56.0,1338,1.5,61.9,25.0,0.707,CRITICO
2024,8,Ago,29003,Santa Maria da Vitória,BA,Extremo Oeste Baiano,-13.8174,-45.0549,True,56.0,6367,1.4,63.6,24.7,0.689,ALTO
2024,9,Set,29003,Santa Maria da Vitória,BA,Extremo Oeste Baiano,-13.8174,-45.0549,True,56.0,11424,2.8,60.4,25.1,0.719,CRITICO
2024,10,Out,29003,Santa Maria da Vitória,BA,Extremo Oeste Baiano,-13.8174,-45.0549,True,56.0,8728,146.8,63.1,24.9,0.404,MEDIO
2024,11,Nov,29003,Santa Maria da Vitória,BA,Extremo Oeste Baiano,-13.8174,-45.0549,True,56.0,265,175.3,62.7,25.0,0.261,BAIXO
2024,12,Dez,29003,Santa Maria da Vitória,BA,Extremo Oeste Baiano,-13.8174,-45.0549,True,56.0,436,151.5,62.5,25.1,0.367,MEDIO
2022,1,Jan,29004,Juazeiro,BA,Vale São-Franciscano da Bahia,-9.6871,-41.6305,True,100.0,101,108.4,53.5,27.6,0.314,MEDIO
2022,2,Fev,29004,Juazeiro,BA,Vale São-Franciscano da Bahia,-9.6871,-41.6305,True,100.0,107,42.1,55.9,27.5,0.438,MEDIO
2022,3,Mar,29004,Juazeiro,BA,Vale São-Franciscano da Bahia,-9.6871,-41.6305,True,100.0,74,74.3,51.7,28.1,0.41,MEDIO
2022,4,Abr,29004,Juazeiro,BA,Vale São-Franciscano da Bahia,-9.6871,-41.6305,True,100.0,153,35.7,55.6,27.3,0.449,MEDIO
2022,5,Mai,29004,Juazeiro,BA,Vale São-Franciscano da Bahia,-9.6871,-41.6305,True,100.0,297,26.6,56.2,27.4,0.467,MEDIO
2022,6,Jun,29004,Juazeiro,BA,Vale São-Franciscano da Bahia,-9.6871,-41.6305,True,100.0,454,4.2,55.9,27.2,0.499,MEDIO
2022,7,Jul,29004,Juazeiro,BA,Vale São-Franciscano da Bahia,-9.6871,-41.6305,True,100.0,568,3.7,53.7,27.6,0.523,ALTO
2022,8,Ago,29004,Juazeiro,BA,Vale São-Franciscano da Bahia,-9.6871,-41.6305,True,100.0,3076,2.4,52.3,28.2,0.547,ALTO
2022,9,Set,29004,Juazeiro,BA,Vale São-Franciscano da Bahia,-9.6871,-41.6305,True,100.0,3036,3.2,50.3,28.4,0.564,ALTO
2022,10,Out,29004,Juazeiro,BA,Vale São-Franciscano da Bahia,-9.6871,-41.6305,True,100.0,4550,24.6,53.4,28.3,0.511,ALTO
2022,11,Nov,29004,Juazeiro,BA,Vale São-Franciscano da Bahia,-9.6871,-41.6305,True,100.0,296,210.0,53.9,28.1,0.234,BAIXO
2022,12,Dez,29004,Juazeiro,BA,Vale São-Franciscano da Bahia,-9.6871,-41.6305,True,100.0,103,99.4,52.5,28.1,0.352,MEDIO
2023,1,Jan,29004,Juazeiro,BA,Vale São-Franciscano da Bahia,-9.6871,-41.6305,True,100.0,103,59.3,54.1,27.4,0.472,MEDIO
2023,2,Fev,29004,Juazeiro,BA,Vale São-Franciscano da Bahia,-9.6871,-41.6305,True,100.0,153,23.8,57.1,27.1,0.552,ALTO
2023,3,Mar,29004,Juazeiro,BA,Vale São-Franciscano da Bahia,-9.6871,-41.6305,True,100.0,133,82.3,58.9,27.0,0.4,MEDIO
2023,4,Abr,29004,Juazeiro,BA,Vale São-Franciscano da Bahia,-9.6871,-41.6305,True,100.0,165,36.9,58.2,27.1,0.524,ALTO
2023,5,Mai,29004,Juazeiro,BA,Vale São-Franciscano da Bahia,-9.6871,-41.6305,True,100.0,288,29.9,56.2,27.4,0.633,ALTO
2023,6,Jun,29004,Juazeiro,BA,Vale São-Franciscano da Bahia,-9.6871,-41.6305,True,100.0,330,3.5,55.7,27.3,0.701,CRITICO
2023,7,Jul,29004,Juazeiro,BA,Vale São-Franciscano da Bahia,-9.6871,-41.6305,True,100.0,889,2.3,55.8,27.4,0.805,CRITICO
2023,8,Ago,29004,Juazeiro,BA,Vale São-Franciscano da Bahia,-9.6871,-41.6305,True,100.0,1135,2.2,54.1,27.5,0.818,CRITICO
2023,9,Set,29004,Juazeiro,BA,Vale São-Franciscano da Bahia,-9.6871,-41.6305,True,100.0,6786,2.7,53.8,27.5,0.82,CRITICO
2023,10,Out,29004,Juazeiro,BA,Vale São-Franciscano da Bahia,-9.6871,-41.6305,True,100.0,13611,3.8,53.8,27.7,0.825,CRITICO
2023,11,Nov,29004,Juazeiro,BA,Vale São-Franciscano da Bahia,-9.6871,-41.6305,True,100.0,977,50.0,53.4,27.6,0.739,CRITICO
2023,12,Dez,29004,Juazeiro,BA,Vale São-Franciscano da Bahia,-9.6871,-41.6305,True,100.0,1103,37.3,53.9,27.5,0.761,CRITICO
2024,1,Jan,29004,Juazeiro,BA,Vale São-Franciscano da Bahia,-9.6871,-41.6305,True,100.0,273,181.5,54.3,27.9,0.391,MEDIO
2024,2,Fev,29004,Juazeiro,BA,Vale São-Franciscano da Bahia,-9.6871,-41.6305,True,100.0,148,131.9,57.3,27.8,0.333,MEDIO
2024,3,Mar,29004,Juazeiro,BA,Vale São-Franciscano da Bahia,-9.6871,-41.6305,True,100.0,371,60.7,58.6,27.4,0.601,ALTO
2024,4,Abr,29004,Juazeiro,BA,Vale São-Franciscano da Bahia,-9.6871,-41.6305,True,100.0,141,102.8,58.5,27.4,0.374,MEDIO
2024,5,Mai,29004,Juazeiro,BA,Vale São-Franciscano da Bahia,-9.6871,-41.6305,True,100.0,443,7.1,56.4,28.1,0.785,CRITICO
2024,6,Jun,29004,Juazeiro,BA,Vale São-Franciscano da Bahia,-9.6871,-41.6305,True,100.0,480,4.4,54.7,28.4,0.825,CRITICO
2024,7,Jul,29004,Juazeiro,BA,Vale São-Franciscano da Bahia,-9.6871,-41.6305,True,100.0,674,4.1,52.9,28.6,0.853,CRITICO
2024,8,Ago,29004,Juazeiro,BA,Vale São-Franciscano da Bahia,-9.6871,-41.6305,True,100.0,1192,3.1,54.0,28.4,0.841,CRITICO
2024,9,Set,29004,Juazeiro,BA,Vale São-Franciscano da Bahia,-9.6871,-41.6305,True,100.0,4332,2.4,56.1,28.3,0.826,CRITICO
2024,10,Out,29004,Juazeiro,BA,Vale São-Franciscano da Bahia,-9.6871,-41.6305,True,100.0,2862,22.2,54.1,28.6,0.819,CRITICO
2024,11,Nov,29004,Juazeiro,BA,Vale São-Franciscano da Bahia,-9.6871,-41.6305,True,100.0,1188,74.6,54.3,28.4,0.701,CRITICO
2024,12,Dez,29004,Juazeiro,BA,Vale São-Franciscano da Bahia,-9.6871,-41.6305,True,100.0,998,11.5,55.9,28.5,0.829,CRITICO
2022,1,Jan,29005,Paulo Afonso,BA,Vale São-Franciscano da Bahia,-9.2317,-38.8537,True,100.0,19,76.9,68.1,25.6,0.24,BAIXO
2022,2,Fev,29005,Paulo Afonso,BA,Vale São-Franciscano da Bahia,-9.2317,-38.8537,True,100.0,32,26.7,69.7,25.6,0.337,MEDIO
2022,3,Mar,29005,Paulo Afonso,BA,Vale São-Franciscano da Bahia,-9.2317,-38.8537,True,100.0,9,63.1,69.6,25.6,0.259,BAIXO
2022,4,Abr,29005,Paulo Afonso,BA,Vale São-Franciscano da Bahia,-9.2317,-38.8537,True,100.0,8,24.9,69.3,25.6,0.344,MEDIO
2022,5,Mai,29005,Paulo Afonso,BA,Vale São-Franciscano da Bahia,-9.2317,-38.8537,True,100.0,6,55.2,70.3,25.5,0.27,BAIXO
2022,6,Jun,29005,Paulo Afonso,BA,Vale São-Franciscano da Bahia,-9.2317,-38.8537,True,100.0,1,29.2,71.8,25.6,0.319,MEDIO
2022,7,Jul,29005,Paulo Afonso,BA,Vale São-Franciscano da Bahia,-9.2317,-38.8537,True,100.0,9,28.7,71.6,25.4,0.317,MEDIO
2022,8,Ago,29005,Paulo Afonso,BA,Vale São-Franciscano da Bahia,-9.2317,-38.8537,True,100.0,8,19.4,69.4,25.4,0.351,MEDIO
2022,9,Set,29005,Paulo Afonso,BA,Vale São-Franciscano da Bahia,-9.2317,-38.8537,True,100.0,42,6.3,70.0,25.8,0.375,MEDIO
2022,10,Out,29005,Paulo Afonso,BA,Vale São-Franciscano da Bahia,-9.2317,-38.8537,True,100.0,32,17.9,69.2,25.8,0.363,MEDIO
2022,11,Nov,29005,Paulo Afonso,BA,Vale São-Franciscano da Bahia,-9.2317,-38.8537,True,100.0,18,82.0,69.2,25.6,0.223,BAIXO
2022,12,Dez,29005,Paulo Afonso,BA,Vale São-Franciscano da Bahia,-9.2317,-38.8537,True,100.0,3,89.1,68.1,25.7,0.216,BAIXO
2023,1,Jan,29005,Paulo Afonso,BA,Vale São-Franciscano da Bahia,-9.2317,-38.8537,True,100.0,22,26.7,68.1,25.6,0.361,MEDIO
2023,2,Fev,29005,Paulo Afonso,BA,Vale São-Franciscano da Bahia,-9.2317,-38.8537,True,100.0,7,25.2,69.7,25.6,0.345,MEDIO
2023,3,Mar,29005,Paulo Afonso,BA,Vale São-Franciscano da Bahia,-9.2317,-38.8537,True,100.0,12,92.1,69.6,25.6,0.204,BAIXO
2023,4,Abr,29005,Paulo Afonso,BA,Vale São-Franciscano da Bahia,-9.2317,-38.8537,True,100.0,20,25.4,69.3,25.6,0.355,MEDIO
2023,5,Mai,29005,Paulo Afonso,BA,Vale São-Franciscano da Bahia,-9.2317,-38.8537,True,100.0,5,43.7,70.3,25.5,0.298,BAIXO
2023,6,Jun,29005,Paulo Afonso,BA,Vale São-Franciscano da Bahia,-9.2317,-38.8537,True,100.0,1,34.8,71.8,25.6,0.307,MEDIO
2023,7,Jul,29005,Paulo Afonso,BA,Vale São-Franciscano da Bahia,-9.2317,-38.8537,True,100.0,18,16.9,71.6,25.4,0.354,MEDIO
2023,8,Ago,29005,Paulo Afonso,BA,Vale São-Franciscano da Bahia,-9.2317,-38.8537,True,100.0,34,11.1,69.4,25.4,0.389,MEDIO
2023,9,Set,29005,Paulo Afonso,BA,Vale São-Franciscano da Bahia,-9.2317,-38.8537,True,100.0,39,8.2,70.0,25.8,0.398,MEDIO
2023,10,Out,29005,Paulo Afonso,BA,Vale São-Franciscano da Bahia,-9.2317,-38.8537,True,100.0,87,3.3,69.2,25.8,0.433,MEDIO
2023,11,Nov,29005,Paulo Afonso,BA,Vale São-Franciscano da Bahia,-9.2317,-38.8537,True,100.0,125,9.3,69.2,25.6,0.452,MEDIO
2023,12,Dez,29005,Paulo Afonso,BA,Vale São-Franciscano da Bahia,-9.2317,-38.8537,True,100.0,109,30.0,68.1,25.7,0.408,MEDIO
2024,1,Jan,29005,Paulo Afonso,BA,Vale São-Franciscano da Bahia,-9.2317,-38.8537,True,100.0,75,121.6,68.1,25.6,0.189,BAIXO
2024,2,Fev,29005,Paulo Afonso,BA,Vale São-Franciscano da Bahia,-9.2317,-38.8537,True,100.0,15,96.2,69.7,25.6,0.197,BAIXO
2024,3,Mar,29005,Paulo Afonso,BA,Vale São-Franciscano da Bahia,-9.2317,-38.8537,True,100.0,22,83.0,69.6,25.6,0.229,BAIXO
2024,4,Abr,29005,Paulo Afonso,BA,Vale São-Franciscano da Bahia,-9.2317,-38.8537,True,100.0,23,130.1,69.3,25.6,0.132,BAIXO
2024,5,Mai,29005,Paulo Afonso,BA,Vale São-Franciscano da Bahia,-9.2317,-38.8537,True,100.0,12,43.6,70.3,25.5,0.302,MEDIO
2024,6,Jun,29005,Paulo Afonso,BA,Vale São-Franciscano da Bahia,-9.2317,-38.8537,True,100.0,5,35.2,71.8,25.6,0.309,MEDIO
2024,7,Jul,29005,Paulo Afonso,BA,Vale São-Franciscano da Bahia,-9.2317,-38.8537,True,100.0,12,19.3,71.6,25.4,0.345,MEDIO
2024,8,Ago,29005,Paulo Afonso,BA,Vale São-Franciscano da Bahia,-9.2317,-38.8537,True,100.0,21,8.6,69.4,25.4,0.384,MEDIO
2024,9,Set,29005,Paulo Afonso,BA,Vale São-Franciscano da Bahia,-9.2317,-38.8537,True,100.0,37,3.6,70.0,25.8,0.397,MEDIO
2024,10,Out,29005,Paulo Afonso,BA,Vale São-Franciscano da Bahia,-9.2317,-38.8537,True,100.0,97,4.9,69.2,25.8,0.439,MEDIO
2024,11,Nov,29005,Paulo Afonso,BA,Vale São-Franciscano da Bahia,-9.2317,-38.8537,True,100.0,58,37.1,69.2,25.6,0.354,MEDIO
2024,12,Dez,29005,Paulo Afonso,BA,Vale São-Franciscano da Bahia,-9.2317,-38.8537,True,100.0,130,9.3,68.1,25.7,0.464,MEDIO
2022,1,Jan,29006,Barra,BA,Vale São-Franciscano da Bahia,-11.1747,-43.1491,True,100.0,17,116.0,48.6,26.9,0.31,MEDIO
2022,2,Fev,29006,Barra,BA,Vale São-Franciscano da Bahia,-11.1747,-43.1491,True,100.0,52,51.5,51.3,26.7,0.427,MEDIO
2022,3,Mar,29006,Barra,BA,Vale São-Franciscano da Bahia,-11.1747,-43.1491,True,100.0,31,55.5,50.9,26.7,0.421,MEDIO
2022,4,Abr,29006,Barra,BA,Vale São-Franciscano da Bahia,-11.1747,-43.1491,True,100.0,89,20.8,51.0,26.6,0.492,MEDIO
2022,5,Mai,29006,Barra,BA,Vale São-Franciscano da Bahia,-11.1747,-43.1491,True,100.0,210,4.8,52.5,26.6,0.506,ALTO
2022,6,Jun,29006,Barra,BA,Vale São-Franciscano da Bahia,-11.1747,-43.1491,True,100.0,797,0.9,49.6,26.8,0.529,ALTO
2022,7,Jul,29006,Barra,BA,Vale São-Franciscano da Bahia,-11.1747,-43.1491,True,100.0,249,0.9,47.2,26.8,0.544,ALTO
2022,8,Ago,29006,Barra,BA,Vale São-Franciscano da Bahia,-11.1747,-43.1491,True,100.0,314,0.6,45.3,27.2,0.566,ALTO
2022,9,Set,29006,Barra,BA,Vale São-Franciscano da Bahia,-11.1747,-43.1491,True,100.0,977,4.6,46.9,27.2,0.556,ALTO
2022,10,Out,29006,Barra,BA,Vale São-Franciscano da Bahia,-11.1747,-43.1491,True,100.0,2778,16.8,48.6,26.8,0.52,ALTO
2022,11,Nov,29006,Barra,BA,Vale São-Franciscano da Bahia,-11.1747,-43.1491,True,100.0,75,268.4,47.8,27.1,0.248,BAIXO
2022,12,Dez,29006,Barra,BA,Vale São-Franciscano da Bahia,-11.1747,-43.1491,True,100.0,50,148.7,45.4,27.5,0.275,BAIXO
2023,1,Jan,29006,Barra,BA,Vale São-Franciscano da Bahia,-11.1747,-43.1491,True,100.0,125,95.1,52.6,27.5,0.42,MEDIO
2023,2,Fev,29006,Barra,BA,Vale São-Franciscano da Bahia,-11.1747,-43.1491,True,100.0,224,17.1,53.9,27.5,0.639,ALTO
2023,3,Mar,29006,Barra,BA,Vale São-Franciscano da Bahia,-11.1747,-43.1491,True,100.0,178,75.0,56.9,27.1,0.458,MEDIO
2023,4,Abr,29006,Barra,BA,Vale São-Franciscano da Bahia,-11.1747,-43.1491,True,100.0,326,72.9,55.4,27.4,0.568,ALTO
2023,5,Mai,29006,Barra,BA,Vale São-Franciscano da Bahia,-11.1747,-43.1491,True,100.0,691,14.9,53.1,27.7,0.819,CRITICO
2023,6,Jun,29006,Barra,BA,Vale São-Franciscano da Bahia,-11.1747,-43.1491,True,100.0,1438,0.9,53.9,27.3,0.814,CRITICO
2023,7,Jul,29006,Barra,BA,Vale São-Franciscano da Bahia,-11.1747,-43.1491,True,100.0,3579,0.9,52.5,27.6,0.831,CRITICO
2023,8,Ago,29006,Barra,BA,Vale São-Franciscano da Bahia,-11.1747,-43.1491,True,100.0,1283,1.4,52.3,27.6,0.832,CRITICO
2023,9,Set,29006,Barra,BA,Vale São-Franciscano da Bahia,-11.1747,-43.1491,True,100.0,6928,3.4,51.7,27.7,0.838,CRITICO
2023,10,Out,29006,Barra,BA,Vale São-Franciscano da Bahia,-11.1747,-43.1491,True,100.0,11772,7.9,50.0,28.2,0.861,CRITICO
2023,11,Nov,29006,Barra,BA,Vale São-Franciscano da Bahia,-11.1747,-43.1491,True,100.0,2703,115.6,50.1,27.9,0.627,ALTO
2023,12,Dez,29006,Barra,BA,Vale São-Franciscano da Bahia,-11.1747,-43.1491,True,100.0,1805,59.5,51.5,27.5,0.728,CRITICO
2024,1,Jan,29006,Barra,BA,Vale São-Franciscano da Bahia,-11.1747,-43.1491,True,100.0,202,323.8,57.8,27.0,0.304,MEDIO
2024,2,Fev,29006,Barra,BA,Vale São-Franciscano da Bahia,-11.1747,-43.1491,True,100.0,59,133.8,59.1,26.6,0.234,BAIXO
2024,3,Mar,29006,Barra,BA,Vale São-Franciscano da Bahia,-11.1747,-43.1491,True,100.0,154,71.9,57.2,27.1,0.449,MEDIO
2024,4,Abr,29006,Barra,BA,Vale São-Franciscano da Bahia,-11.1747,-43.1491,True,100.0,53,100.7,55.3,27.3,0.343,MEDIO
2024,5,Mai,29006,Barra,BA,Vale São-Franciscano da Bahia,-11.1747,-43.1491,True,100.0,363,2.9,56.0,27.3,0.719,CRITICO
2024,6,Jun,29006,Barra,BA,Vale São-Franciscano da Bahia,-11.1747,-43.1491,True,100.0,3154,0.9,55.4,27.7,0.815,CRITICO
2024,7,Jul,29006,Barra,BA,Vale São-Franciscano da Bahia,-11.1747,-43.1491,True,100.0,1577,0.8,54.6,27.8,0.822,CRITICO
2024,8,Ago,29006,Barra,BA,Vale São-Franciscano da Bahia,-11.1747,-43.1491,True,100.0,2303,0.7,53.1,28.1,0.839,CRITICO
2024,9,Set,29006,Barra,BA,Vale São-Franciscano da Bahia,-11.1747,-43.1491,True,100.0,3838,2.6,53.9,27.9,0.829,CRITICO
2024,10,Out,29006,Barra,BA,Vale São-Franciscano da Bahia,-11.1747,-43.1491,True,100.0,3843,41.8,53.9,27.9,0.761,CRITICO
2024,11,Nov,29006,Barra,BA,Vale São-Franciscano da Bahia,-11.1747,-43.1491,True,100.0,1002,134.0,55.2,27.9,0.556,ALTO
2024,12,Dez,29006,Barra,BA,Vale São-Franciscano da Bahia,-11.1747,-43.1491,True,100.0,790,39.3,55.5,27.9,0.757,CRITICO
2022,1,Jan,29007,Bom Jesus da Lapa,BA,Vale São-Franciscano da Bahia,-13.3573,-43.509,True,100.0,24,159.7,61.7,28.4,0.193,BAIXO
2022,2,Fev,29007,Bom Jesus da Lapa,BA,Vale São-Franciscano da Bahia,-13.3573,-43.509,True,100.0,11,95.1,59.8,28.0,0.313,MEDIO
2022,3,Mar,29007,Bom Jesus da Lapa,BA,Vale São-Franciscano da Bahia,-13.3573,-43.509,True,100.0,87,15.6,59.3,28.6,0.501,ALTO
2022,4,Abr,29007,Bom Jesus da Lapa,BA,Vale São-Franciscano da Bahia,-13.3573,-43.509,True,100.0,26,20.1,56.2,28.6,0.511,ALTO
2022,5,Mai,29007,Bom Jesus da Lapa,BA,Vale São-Franciscano da Bahia,-13.3573,-43.509,True,100.0,59,3.6,62.7,27.9,0.474,MEDIO
2022,6,Jun,29007,Bom Jesus da Lapa,BA,Vale São-Franciscano da Bahia,-13.3573,-43.509,True,100.0,102,1.1,65.6,27.8,0.454,MEDIO
2022,7,Jul,29007,Bom Jesus da Lapa,BA,Vale São-Franciscano da Bahia,-13.3573,-43.509,True,100.0,48,1.3,59.1,28.7,0.517,ALTO
2022,8,Ago,29007,Bom Jesus da Lapa,BA,Vale São-Franciscano da Bahia,-13.3573,-43.509,True,100.0,71,0.8,60.8,28.6,0.504,ALTO
2022,9,Set,29007,Bom Jesus da Lapa,BA,Vale São-Franciscano da Bahia,-13.3573,-43.509,True,100.0,749,6.3,63.4,27.9,0.47,MEDIO
2022,10,Out,29007,Bom Jesus da Lapa,BA,Vale São-Franciscano da Bahia,-13.3573,-43.509,True,100.0,2237,10.1,65.4,28.0,0.46,MEDIO
2022,11,Nov,29007,Bom Jesus da Lapa,BA,Vale São-Franciscano da Bahia,-13.3573,-43.509,True,100.0,143,263.9,61.4,28.6,0.2,BAIXO
2022,12,Dez,29007,Bom Jesus da Lapa,BA,Vale São-Franciscano da Bahia,-13.3573,-43.509,True,100.0,41,192.3,62.6,28.6,0.192,BAIXO
2023,1,Jan,29007,Bom Jesus da Lapa,BA,Vale São-Franciscano da Bahia,-13.3573,-43.509,True,100.0,90,110.7,58.6,27.9,0.338,MEDIO
2023,2,Fev,29007,Bom Jesus da Lapa,BA,Vale São-Franciscano da Bahia,-13.3573,-43.509,True,100.0,242,15.2,58.3,28.1,0.641,ALTO
2023,3,Mar,29007,Bom Jesus da Lapa,BA,Vale São-Franciscano da Bahia,-13.3573,-43.509,True,100.0,144,26.5,60.8,27.5,0.527,ALTO
2023,4,Abr,29007,Bom Jesus da Lapa,BA,Vale São-Franciscano da Bahia,-13.3573,-43.509,True,100.0,161,58.7,60.8,27.4,0.466,MEDIO
2023,5,Mai,29007,Bom Jesus da Lapa,BA,Vale São-Franciscano da Bahia,-13.3573,-43.509,True,100.0,316,20.6,61.7,27.4,0.635,ALTO
2023,6,Jun,29007,Bom Jesus da Lapa,BA,Vale São-Franciscano da Bahia,-13.3573,-43.509,True,100.0,412,1.4,60.2,27.3,0.722,CRITICO
2023,7,Jul,29007,Bom Jesus da Lapa,BA,Vale São-Franciscano da Bahia,-13.3573,-43.509,True,100.0,546,1.4,58.7,27.7,0.794,CRITICO
2023,8,Ago,29007,Bom Jesus da Lapa,BA,Vale São-Franciscano da Bahia,-13.3573,-43.509,True,100.0,1031,7.3,56.7,28.1,0.817,CRITICO
2023,9,Set,29007,Bom Jesus da Lapa,BA,Vale São-Franciscano da Bahia,-13.3573,-43.509,True,100.0,1778,10.4,55.2,28.6,0.838,CRITICO
2023,10,Out,29007,Bom Jesus da Lapa,BA,Vale São-Franciscano da Bahia,-13.3573,-43.509,True,100.0,2584,18.1,55.8,28.4,0.813,CRITICO
2023,11,Nov,29007,Bom Jesus da Lapa,BA,Vale São-Franciscano da Bahia,-13.3573,-43.509,True,100.0,1374,86.2,55.5,28.4,0.669,ALTO
2023,12,Dez,29007,Bom Jesus da Lapa,BA,Vale São-Franciscano da Bahia,-13.3573,-43.509,True,100.0,734,80.9,54.8,28.7,0.692,ALTO
2024,1,Jan,29007,Bom Jesus da Lapa,BA,Vale São-Franciscano da Bahia,-13.3573,-43.509,True,100.0,141,240.5,76.8,28.3,0.192,BAIXO
2024,2,Fev,29007,Bom Jesus da Lapa,BA,Vale São-Franciscano da Bahia,-13.3573,-43.509,True,100.0,47,196.8,81.7,26.5,0.091,BAIXO
2024,3,Mar,29007,Bom Jesus da Lapa,BA,Vale São-Franciscano da Bahia,-13.3573,-43.509,True,100.0,74,72.0,80.5,26.8,0.282,BAIXO
2024,4,Abr,29007,Bom Jesus da Lapa,BA,Vale São-Franciscano da Bahia,-13.3573,-43.509,True,100.0,220,74.9,78.5,26.8,0.363,MEDIO
2024,5,Mai,29007,Bom Jesus da Lapa,BA,Vale São-Franciscano da Bahia,-13.3573,-43.509,True,100.0,455,2.6,81.2,26.4,0.633,ALTO
2024,6,Jun,29007,Bom Jesus da Lapa,BA,Vale São-Franciscano da Bahia,-13.3573,-43.509,True,100.0,380,1.2,79.9,27.2,0.608,ALTO
2024,7,Jul,29007,Bom Jesus da Lapa,BA,Vale São-Franciscano da Bahia,-13.3573,-43.509,True,100.0,401,1.1,77.0,27.8,0.636,ALTO
2024,8,Ago,29007,Bom Jesus da Lapa,BA,Vale São-Franciscano da Bahia,-13.3573,-43.509,True,100.0,486,1.0,77.2,27.0,0.667,ALTO
2024,9,Set,29007,Bom Jesus da Lapa,BA,Vale São-Franciscano da Bahia,-13.3573,-43.509,True,100.0,1494,3.0,76.7,27.3,0.682,ALTO
2024,10,Out,29007,Bom Jesus da Lapa,BA,Vale São-Franciscano da Bahia,-13.3573,-43.509,True,100.0,3821,90.5,74.0,27.6,0.524,ALTO
2024,11,Nov,29007,Bom Jesus da Lapa,BA,Vale São-Franciscano da Bahia,-13.3573,-43.509,True,100.0,383,140.9,75.4,27.4,0.334,MEDIO
2024,12,Dez,29007,Bom Jesus da Lapa,BA,Vale São-Franciscano da Bahia,-13.3573,-43.509,True,100.0,386,133.2,71.7,28.0,0.388,MEDIO
2022,1,Jan,29008,Senhor do Bonfim,BA,Centro Norte Baiano,-10.354,-40.4594,True,100.0,24,72.5,66.9,24.8,0.237,BAIXO
2022,2,Fev,29008,Senhor do Bonfim,BA,Centro Norte Baiano,-10.354,-40.4594,True,100.0,57,49.9,68.7,24.6,0.269,BAIXO
2022,3,Mar,29008,Senhor do Bonfim,BA,Centro Norte Baiano,-10.354,-40.4594,True,100.0,98,50.7,72.2,24.0,0.23,BAIXO
2022,4,Abr,29008,Senhor do Bonfim,BA,Centro Norte Baiano,-10.354,-40.4594,True,100.0,143,29.4,76.4,22.8,0.258,BAIXO
2022,5,Mai,29008,Senhor do Bonfim,BA,Centro Norte Baiano,-10.354,-40.4594,True,100.0,122,56.3,78.5,22.6,0.201,BAIXO
2022,6,Jun,29008,Senhor do Bonfim,BA,Centro Norte Baiano,-10.354,-40.4594,True,100.0,52,24.5,77.4,23.2,0.269,BAIXO
2022,7,Jul,29008,Senhor do Bonfim,BA,Centro Norte Baiano,-10.354,-40.4594,True,100.0,57,21.3,72.8,23.8,0.29,BAIXO
2022,8,Ago,29008,Senhor do Bonfim,BA,Centro Norte Baiano,-10.354,-40.4594,True,100.0,94,19.4,72.8,24.3,0.301,MEDIO
2022,9,Set,29008,Senhor do Bonfim,BA,Centro Norte Baiano,-10.354,-40.4594,True,100.0,628,9.0,71.8,24.7,0.337,MEDIO
2022,10,Out,29008,Senhor do Bonfim,BA,Centro Norte Baiano,-10.354,-40.4594,True,100.0,973,9.6,68.2,24.9,0.365,MEDIO
2022,11,Nov,29008,Senhor do Bonfim,BA,Centro Norte Baiano,-10.354,-40.4594,True,100.0,97,151.5,69.0,24.1,0.04,BAIXO
2022,12,Dez,29008,Senhor do Bonfim,BA,Centro Norte Baiano,-10.354,-40.4594,True,100.0,28,106.1,69.2,24.1,0.133,BAIXO
2023,1,Jan,29008,Senhor do Bonfim,BA,Centro Norte Baiano,-10.354,-40.4594,True,100.0,50,31.6,69.0,25.7,0.364,MEDIO
2023,2,Fev,29008,Senhor do Bonfim,BA,Centro Norte Baiano,-10.354,-40.4594,True,100.0,109,14.1,69.9,25.8,0.433,MEDIO
2023,3,Mar,29008,Senhor do Bonfim,BA,Centro Norte Baiano,-10.354,-40.4594,True,100.0,111,48.3,70.9,25.3,0.343,MEDIO
2023,4,Abr,29008,Senhor do Bonfim,BA,Centro Norte Baiano,-10.354,-40.4594,True,100.0,132,21.9,69.6,25.1,0.415,MEDIO
2023,5,Mai,29008,Senhor do Bonfim,BA,Centro Norte Baiano,-10.354,-40.4594,True,100.0,31,54.5,67.9,26.1,0.32,MEDIO
2023,6,Jun,29008,Senhor do Bonfim,BA,Centro Norte Baiano,-10.354,-40.4594,True,100.0,39,21.6,68.7,25.6,0.378,MEDIO
2023,7,Jul,29008,Senhor do Bonfim,BA,Centro Norte Baiano,-10.354,-40.4594,True,100.0,76,9.4,71.1,25.1,0.397,MEDIO
2023,8,Ago,29008,Senhor do Bonfim,BA,Centro Norte Baiano,-10.354,-40.4594,True,100.0,168,12.6,69.4,25.0,0.455,MEDIO
2023,9,Set,29008,Senhor do Bonfim,BA,Centro Norte Baiano,-10.354,-40.4594,True,100.0,427,7.0,69.0,25.4,0.629,ALTO
2023,10,Out,29008,Senhor do Bonfim,BA,Centro Norte Baiano,-10.354,-40.4594,True,100.0,622,3.2,66.8,25.8,0.696,ALTO
2023,11,Nov,29008,Senhor do Bonfim,BA,Centro Norte Baiano,-10.354,-40.4594,True,100.0,341,10.9,66.0,25.2,0.589,ALTO
2023,12,Dez,29008,Senhor do Bonfim,BA,Centro Norte Baiano,-10.354,-40.4594,True,100.0,550,36.1,66.6,25.4,0.632,ALTO
2024,1,Jan,29008,Senhor do Bonfim,BA,Centro Norte Baiano,-10.354,-40.4594,True,100.0,196,164.6,67.6,24.1,0.166,BAIXO
2024,2,Fev,29008,Senhor do Bonfim,BA,Centro Norte Baiano,-10.354,-40.4594,True,100.0,66,189.3,69.7,24.3,0.08,BAIXO
2024,3,Mar,29008,Senhor do Bonfim,BA,Centro Norte Baiano,-10.354,-40.4594,True,100.0,64,62.8,69.6,24.1,0.262,BAIXO
2024,4,Abr,29008,Senhor do Bonfim,BA,Centro Norte Baiano,-10.354,-40.4594,True,100.0,39,105.3,69.3,24.4,0.165,BAIXO
2024,5,Mai,29008,Senhor do Bonfim,BA,Centro Norte Baiano,-10.354,-40.4594,True,100.0,51,28.0,70.1,24.4,0.333,MEDIO
2024,6,Jun,29008,Senhor do Bonfim,BA,Centro Norte Baiano,-10.354,-40.4594,True,100.0,28,38.4,69.6,24.6,0.305,MEDIO
2024,7,Jul,29008,Senhor do Bonfim,BA,Centro Norte Baiano,-10.354,-40.4594,True,100.0,31,20.7,69.8,24.4,0.338,MEDIO
2024,8,Ago,29008,Senhor do Bonfim,BA,Centro Norte Baiano,-10.354,-40.4594,True,100.0,149,19.1,67.5,24.6,0.432,MEDIO
2024,9,Set,29008,Senhor do Bonfim,BA,Centro Norte Baiano,-10.354,-40.4594,True,100.0,278,5.9,68.1,24.6,0.525,ALTO
2024,10,Out,29008,Senhor do Bonfim,BA,Centro Norte Baiano,-10.354,-40.4594,True,100.0,694,24.9,69.6,24.6,0.617,ALTO
2024,11,Nov,29008,Senhor do Bonfim,BA,Centro Norte Baiano,-10.354,-40.4594,True,100.0,376,68.8,73.6,24.4,0.418,MEDIO
2024,12,Dez,29008,Senhor do Bonfim,BA,Centro Norte Baiano,-10.354,-40.4594,True,100.0,265,13.7,74.0,24.2,0.462,MEDIO
2022,1,Jan,29009,Irecê,BA,Centro Norte Baiano,-11.5284,-41.9888,True,100.0,19,126.0,63.9,22.9,0.121,BAIXO
2022,2,Fev,29009,Irecê,BA,Centro Norte Baiano,-11.5284,-41.9888,True,100.0,19,46.1,65.6,23.1,0.281,BAIXO
2022,3,Mar,29009,Irecê,BA,Centro Norte Baiano,-11.5284,-41.9888,True,100.0,45,55.7,65.0,23.3,0.265,BAIXO
2022,4,Abr,29009,Irecê,BA,Centro Norte Baiano,-11.5284,-41.9888,True,100.0,117,23.1,61.4,23.3,0.357,MEDIO
2022,5,Mai,29009,Irecê,BA,Centro Norte Baiano,-11.5284,-41.9888,True,100.0,111,5.8,63.4,23.1,0.372,MEDIO
2022,6,Jun,29009,Irecê,BA,Centro Norte Baiano,-11.5284,-41.9888,True,100.0,287,7.1,61.0,23.3,0.387,MEDIO
2022,7,Jul,29009,Irecê,BA,Centro Norte Baiano,-11.5284,-41.9888,True,100.0,367,7.5,64.1,23.2,0.368,MEDIO
2022,8,Ago,29009,Irecê,BA,Centro Norte Baiano,-11.5284,-41.9888,True,100.0,647,3.4,58.2,23.6,0.405,MEDIO
2022,9,Set,29009,Irecê,BA,Centro Norte Baiano,-11.5284,-41.9888,True,100.0,2877,7.0,58.3,23.6,0.404,MEDIO
2022,10,Out,29009,Irecê,BA,Centro Norte Baiano,-11.5284,-41.9888,True,100.0,3046,11.7,61.1,23.6,0.383,MEDIO
2022,11,Nov,29009,Irecê,BA,Centro Norte Baiano,-11.5284,-41.9888,True,100.0,142,245.6,57.0,24.2,0.117,BAIXO
2022,12,Dez,29009,Irecê,BA,Centro Norte Baiano,-11.5284,-41.9888,True,100.0,26,180.3,58.6,24.2,0.107,BAIXO
2023,1,Jan,29009,Irecê,BA,Centro Norte Baiano,-11.5284,-41.9888,True,100.0,37,91.7,51.1,27.7,0.389,MEDIO
2023,2,Fev,29009,Irecê,BA,Centro Norte Baiano,-11.5284,-41.9888,True,100.0,33,18.5,51.2,27.7,0.543,ALTO
2023,3,Mar,29009,Irecê,BA,Centro Norte Baiano,-11.5284,-41.9888,True,100.0,26,47.3,53.9,27.2,0.448,MEDIO
2023,4,Abr,29009,Irecê,BA,Centro Norte Baiano,-11.5284,-41.9888,True,100.0,75,30.5,51.0,27.2,0.531,ALTO
2023,5,Mai,29009,Irecê,BA,Centro Norte Baiano,-11.5284,-41.9888,True,100.0,50,15.3,50.4,27.7,0.565,ALTO
2023,6,Jun,29009,Irecê,BA,Centro Norte Baiano,-11.5284,-41.9888,True,100.0,185,6.6,52.0,26.9,0.627,ALTO
2023,7,Jul,29009,Irecê,BA,Centro Norte Baiano,-11.5284,-41.9888,True,100.0,225,7.0,53.1,27.1,0.649,ALTO
2023,8,Ago,29009,Irecê,BA,Centro Norte Baiano,-11.5284,-41.9888,True,100.0,670,3.8,49.2,27.8,0.856,CRITICO
2023,9,Set,29009,Irecê,BA,Centro Norte Baiano,-11.5284,-41.9888,True,100.0,1522,5.3,48.8,27.8,0.859,CRITICO
2023,10,Out,29009,Irecê,BA,Centro Norte Baiano,-11.5284,-41.9888,True,100.0,1510,5.3,46.6,28.0,0.878,CRITICO
2023,11,Nov,29009,Irecê,BA,Centro Norte Baiano,-11.5284,-41.9888,True,100.0,665,38.0,47.9,27.7,0.802,CRITICO
2023,12,Dez,29009,Irecê,BA,Centro Norte Baiano,-11.5284,-41.9888,True,100.0,499,42.0,47.2,27.8,0.8,CRITICO
2024,1,Jan,29009,Irecê,BA,Centro Norte Baiano,-11.5284,-41.9888,True,100.0,76,177.9,60.3,24.2,0.142,BAIXO
2024,2,Fev,29009,Irecê,BA,Centro Norte Baiano,-11.5284,-41.9888,True,100.0,65,116.8,60.8,24.3,0.206,BAIXO
2024,3,Mar,29009,Irecê,BA,Centro Norte Baiano,-11.5284,-41.9888,True,100.0,52,43.7,59.4,24.2,0.361,MEDIO
2024,4,Abr,29009,Irecê,BA,Centro Norte Baiano,-11.5284,-41.9888,True,100.0,46,41.1,57.9,24.4,0.378,MEDIO
2024,5,Mai,29009,Irecê,BA,Centro Norte Baiano,-11.5284,-41.9888,True,100.0,113,5.1,59.1,24.4,0.477,MEDIO
2024,6,Jun,29009,Irecê,BA,Centro Norte Baiano,-11.5284,-41.9888,True,100.0,163,9.5,58.9,24.6,0.513,ALTO
2024,7,Jul,29009,Irecê,BA,Centro Norte Baiano,-11.5284,-41.9888,True,100.0,181,6.2,59.7,24.5,0.517,ALTO
2024,8,Ago,29009,Irecê,BA,Centro Norte Baiano,-11.5284,-41.9888,True,100.0,444,4.9,57.6,24.7,0.693,ALTO
2024,9,Set,29009,Irecê,BA,Centro Norte Baiano,-11.5284,-41.9888,True,100.0,1103,4.1,55.0,25.2,0.755,CRITICO
2024,10,Out,29009,Irecê,BA,Centro Norte Baiano,-11.5284,-41.9888,True,100.0,1659,26.8,56.0,25.2,0.713,CRITICO
2024,11,Nov,29009,Irecê,BA,Centro Norte Baiano,-11.5284,-41.9888,True,100.0,363,95.6,58.8,24.9,0.458,MEDIO
2024,12,Dez,29009,Irecê,BA,Centro Norte Baiano,-11.5284,-41.9888,True,100.0,187,16.5,61.6,24.7,0.5,ALTO
2022,1,Jan,29010,Jacobina,BA,Centro Norte Baiano,-11.2434,-40.7697,True,100.0,79,73.9,65.2,24.9,0.247,BAIXO
2022,2,Fev,29010,Jacobina,BA,Centro Norte Baiano,-11.2434,-40.7697,True,100.0,108,40.4,58.0,26.4,0.401,MEDIO
2022,3,Mar,29010,Jacobina,BA,Centro Norte Baiano,-11.2434,-40.7697,True,100.0,103,48.5,55.3,26.9,0.413,MEDIO
2022,4,Abr,29010,Jacobina,BA,Centro Norte Baiano,-11.2434,-40.7697,True,100.0,176,40.1,64.4,24.1,0.304,MEDIO
2022,5,Mai,29010,Jacobina,BA,Centro Norte Baiano,-11.2434,-40.7697,True,100.0,145,32.7,60.3,25.5,0.381,MEDIO
2022,6,Jun,29010,Jacobina,BA,Centro Norte Baiano,-11.2434,-40.7697,True,100.0,195,27.5,62.2,25.6,0.383,MEDIO
2022,7,Jul,29010,Jacobina,BA,Centro Norte Baiano,-11.2434,-40.7697,True,100.0,56,27.6,56.3,26.4,0.439,MEDIO
2022,8,Ago,29010,Jacobina,BA,Centro Norte Baiano,-11.2434,-40.7697,True,100.0,129,22.6,65.5,24.8,0.352,MEDIO
2022,9,Set,29010,Jacobina,BA,Centro Norte Baiano,-11.2434,-40.7697,True,100.0,612,12.8,60.8,26.3,0.44,MEDIO
2022,10,Out,29010,Jacobina,BA,Centro Norte Baiano,-11.2434,-40.7697,True,100.0,691,4.6,59.7,26.8,0.466,MEDIO
2022,11,Nov,29010,Jacobina,BA,Centro Norte Baiano,-11.2434,-40.7697,True,100.0,148,180.8,62.1,25.7,0.123,BAIXO
2022,12,Dez,29010,Jacobina,BA,Centro Norte Baiano,-11.2434,-40.7697,True,100.0,77,157.3,62.7,24.9,0.099,BAIXO
2023,1,Jan,29010,Jacobina,BA,Centro Norte Baiano,-11.2434,-40.7697,True,100.0,98,56.8,60.6,26.0,0.399,MEDIO
2023,2,Fev,29010,Jacobina,BA,Centro Norte Baiano,-11.2434,-40.7697,True,100.0,102,24.6,57.4,26.8,0.51,ALTO
2023,3,Mar,29010,Jacobina,BA,Centro Norte Baiano,-11.2434,-40.7697,True,100.0,90,59.8,58.8,26.5,0.411,MEDIO
2023,4,Abr,29010,Jacobina,BA,Centro Norte Baiano,-11.2434,-40.7697,True,100.0,172,33.8,60.8,26.6,0.506,ALTO
2023,5,Mai,29010,Jacobina,BA,Centro Norte Baiano,-11.2434,-40.7697,True,100.0,48,54.2,58.7,27.4,0.421,MEDIO
2023,6,Jun,29010,Jacobina,BA,Centro Norte Baiano,-11.2434,-40.7697,True,100.0,71,25.8,59.9,26.6,0.468,MEDIO
2023,7,Jul,29010,Jacobina,BA,Centro Norte Baiano,-11.2434,-40.7697,True,100.0,93,16.0,64.9,25.6,0.446,MEDIO
2023,8,Ago,29010,Jacobina,BA,Centro Norte Baiano,-11.2434,-40.7697,True,100.0,229,14.0,62.3,25.6,0.548,ALTO
2023,9,Set,29010,Jacobina,BA,Centro Norte Baiano,-11.2434,-40.7697,True,100.0,517,9.9,61.1,25.8,0.732,CRITICO
2023,10,Out,29010,Jacobina,BA,Centro Norte Baiano,-11.2434,-40.7697,True,100.0,851,3.4,60.2,25.7,0.735,CRITICO
2023,11,Nov,29010,Jacobina,BA,Centro Norte Baiano,-11.2434,-40.7697,True,100.0,549,8.4,60.4,25.7,0.734,CRITICO
2023,12,Dez,29010,Jacobina,BA,Centro Norte Baiano,-11.2434,-40.7697,True,100.0,595,36.0,58.4,25.7,0.691,ALTO
2024,1,Jan,29010,Jacobina,BA,Centro Norte Baiano,-11.2434,-40.7697,True,100.0,330,130.4,73.9,26.3,0.304,MEDIO
2024,2,Fev,29010,Jacobina,BA,Centro Norte Baiano,-11.2434,-40.7697,True,100.0,123,159.9,75.2,26.2,0.129,BAIXO
2024,3,Mar,29010,Jacobina,BA,Centro Norte Baiano,-11.2434,-40.7697,True,100.0,120,57.6,77.9,25.9,0.318,MEDIO
2024,4,Abr,29010,Jacobina,BA,Centro Norte Baiano,-11.2434,-40.7697,True,100.0,50,94.5,79.2,25.9,0.196,BAIXO
2024,5,Mai,29010,Jacobina,BA,Centro Norte Baiano,-11.2434,-40.7697,True,100.0,83,30.3,79.5,26.1,0.359,MEDIO
2024,6,Jun,29010,Jacobina,BA,Centro Norte Baiano,-11.2434,-40.7697,True,100.0,82,38.2,78.6,26.0,0.339,MEDIO
2024,7,Jul,29010,Jacobina,BA,Centro Norte Baiano,-11.2434,-40.7697,True,100.0,61,20.0,79.3,25.8,0.36,MEDIO
2024,8,Ago,29010,Jacobina,BA,Centro Norte Baiano,-11.2434,-40.7697,True,100.0,198,18.3,74.9,26.0,0.452,MEDIO
2024,9,Set,29010,Jacobina,BA,Centro Norte Baiano,-11.2434,-40.7697,True,100.0,381,11.1,76.8,26.0,0.576,ALTO
2024,10,Out,29010,Jacobina,BA,Centro Norte Baiano,-11.2434,-40.7697,True,100.0,766,30.1,77.5,25.8,0.602,ALTO
2024,11,Nov,29010,Jacobina,BA,Centro Norte Baiano,-11.2434,-40.7697,True,100.0,436,70.6,77.8,25.9,0.479,MEDIO
2024,12,Dez,29010,Jacobina,BA,Centro Norte Baiano,-11.2434,-40.7697,True,100.0,547,14.5,79.1,25.6,0.63,ALTO
2022,1,Jan,29011,Itaberaba,BA,Centro Norte Baiano,-12.3693,-40.4547,True,100.0,60,96.9,76.0,25.1,0.141,BAIXO
2022,2,Fev,29011,Itaberaba,BA,Centro Norte Baiano,-12.3693,-40.4547,True,100.0,85,49.9,77.4,25.1,0.242,BAIXO
2022,3,Mar,29011,Itaberaba,BA,Centro Norte Baiano,-12.3693,-40.4547,True,100.0,112,73.2,77.6,25.1,0.192,BAIXO
2022,4,Abr,29011,Itaberaba,BA,Centro Norte Baiano,-12.3693,-40.4547,True,100.0,158,56.4,76.6,24.8,0.221,BAIXO
2022,5,Mai,29011,Itaberaba,BA,Centro Norte Baiano,-12.3693,-40.4547,True,100.0,177,32.5,76.4,24.6,0.267,BAIXO
2022,6,Jun,29011,Itaberaba,BA,Centro Norte Baiano,-12.3693,-40.4547,True,100.0,249,26.8,75.2,24.9,0.286,BAIXO
2022,7,Jul,29011,Itaberaba,BA,Centro Norte Baiano,-12.3693,-40.4547,True,100.0,46,39.9,77.5,24.8,0.256,BAIXO
2022,8,Ago,29011,Itaberaba,BA,Centro Norte Baiano,-12.3693,-40.4547,True,100.0,198,25.2,75.8,24.9,0.29,BAIXO
2022,9,Set,29011,Itaberaba,BA,Centro Norte Baiano,-12.3693,-40.4547,True,100.0,986,16.5,76.5,24.9,0.309,MEDIO
2022,10,Out,29011,Itaberaba,BA,Centro Norte Baiano,-12.3693,-40.4547,True,100.0,787,9.7,76.8,25.4,0.335,MEDIO
2022,11,Nov,29011,Itaberaba,BA,Centro Norte Baiano,-12.3693,-40.4547,True,100.0,112,165.6,75.4,25.6,0.04,BAIXO
2022,12,Dez,29011,Itaberaba,BA,Centro Norte Baiano,-12.3693,-40.4547,True,100.0,94,173.2,76.5,25.7,0.042,BAIXO
2023,1,Jan,29011,Itaberaba,BA,Centro Norte Baiano,-12.3693,-40.4547,True,100.0,93,38.2,69.3,26.4,0.391,MEDIO
2023,2,Fev,29011,Itaberaba,BA,Centro Norte Baiano,-12.3693,-40.4547,True,100.0,173,33.6,69.3,26.4,0.449,MEDIO
2023,3,Mar,29011,Itaberaba,BA,Centro Norte Baiano,-12.3693,-40.4547,True,100.0,166,79.3,69.9,26.4,0.343,MEDIO
2023,4,Abr,29011,Itaberaba,BA,Centro Norte Baiano,-12.3693,-40.4547,True,100.0,205,25.1,69.8,26.7,0.491,MEDIO
2023,5,Mai,29011,Itaberaba,BA,Centro Norte Baiano,-12.3693,-40.4547,True,100.0,43,67.5,70.5,26.9,0.303,MEDIO
2023,6,Jun,29011,Itaberaba,BA,Centro Norte Baiano,-12.3693,-40.4547,True,100.0,53,23.1,72.3,26.0,0.371,MEDIO
2023,7,Jul,29011,Itaberaba,BA,Centro Norte Baiano,-12.3693,-40.4547,True,100.0,159,31.1,75.2,25.3,0.383,MEDIO
2023,8,Ago,29011,Itaberaba,BA,Centro Norte Baiano,-12.3693,-40.4547,True,100.0,248,14.6,71.7,25.4,0.495,MEDIO
2023,9,Set,29011,Itaberaba,BA,Centro Norte Baiano,-12.3693,-40.4547,True,100.0,564,20.1,70.8,25.8,0.65,ALTO
2023,10,Out,29011,Itaberaba,BA,Centro Norte Baiano,-12.3693,-40.4547,True,100.0,1399,4.8,68.7,26.1,0.692,ALTO
2023,11,Nov,29011,Itaberaba,BA,Centro Norte Baiano,-12.3693,-40.4547,True,100.0,657,8.2,70.5,25.7,0.671,ALTO
2023,12,Dez,29011,Itaberaba,BA,Centro Norte Baiano,-12.3693,-40.4547,True,100.0,548,38.0,68.3,26.0,0.632,ALTO
2024,1,Jan,29011,Itaberaba,BA,Centro Norte Baiano,-12.3693,-40.4547,True,100.0,270,153.6,68.7,26.6,0.266,BAIXO
2024,2,Fev,29011,Itaberaba,BA,Centro Norte Baiano,-12.3693,-40.4547,True,100.0,104,149.3,73.3,26.0,0.125,BAIXO
2024,3,Mar,29011,Itaberaba,BA,Centro Norte Baiano,-12.3693,-40.4547,True,100.0,130,59.8,70.3,26.4,0.361,MEDIO
2024,4,Abr,29011,Itaberaba,BA,Centro Norte Baiano,-12.3693,-40.4547,True,100.0,62,79.9,74.1,26.5,0.256,BAIXO
2024,5,Mai,29011,Itaberaba,BA,Centro Norte Baiano,-12.3693,-40.4547,True,100.0,89,49.2,77.6,26.2,0.324,MEDIO
2024,6,Jun,29011,Itaberaba,BA,Centro Norte Baiano,-12.3693,-40.4547,True,100.0,24,52.6,73.0,26.8,0.306,MEDIO
2024,7,Jul,29011,Itaberaba,BA,Centro Norte Baiano,-12.3693,-40.4547,True,100.0,100,24.8,72.6,26.8,0.413,MEDIO
2024,8,Ago,29011,Itaberaba,BA,Centro Norte Baiano,-12.3693,-40.4547,True,100.0,182,34.5,69.5,27.1,0.469,MEDIO
2024,9,Set,29011,Itaberaba,BA,Centro Norte Baiano,-12.3693,-40.4547,True,100.0,523,13.1,73.4,26.6,0.668,ALTO
2024,10,Out,29011,Itaberaba,BA,Centro Norte Baiano,-12.3693,-40.4547,True,100.0,1165,48.3,75.3,25.9,0.565,ALTO
2024,11,Nov,29011,Itaberaba,BA,Centro Norte Baiano,-12.3693,-40.4547,True,100.0,323,41.6,70.6,26.4,0.514,ALTO
2024,12,Dez,29011,Itaberaba,BA,Centro Norte Baiano,-12.3693,-40.4547,True,100.0,683,11.5,67.9,26.6,0.706,CRITICO
2022,1,Jan,29012,Feira de Santana,BA,Centro Norte Baiano,-12.2493,-39.3507,True,38.0,13,76.4,69.8,24.2,0.195,BAIXO
2022,2,Fev,29012,Feira de Santana,BA,Centro Norte Baiano,-12.2493,-39.3507,True,38.0,33,40.7,69.8,24.3,0.274,BAIXO
2022,3,Mar,29012,Feira de Santana,BA,Centro Norte Baiano,-12.2493,-39.3507,True,38.0,36,79.5,70.2,24.1,0.184,BAIXO
2022,4,Abr,29012,Feira de Santana,BA,Centro Norte Baiano,-12.2493,-39.3507,True,38.0,43,106.8,68.4,23.6,0.134,BAIXO
2022,5,Mai,29012,Feira de Santana,BA,Centro Norte Baiano,-12.2493,-39.3507,True,38.0,38,64.1,67.8,23.7,0.229,BAIXO
2022,6,Jun,29012,Feira de Santana,BA,Centro Norte Baiano,-12.2493,-39.3507,True,38.0,59,51.7,68.9,24.0,0.249,BAIXO
2022,7,Jul,29012,Feira de Santana,BA,Centro Norte Baiano,-12.2493,-39.3507,True,38.0,11,56.1,68.1,24.3,0.252,BAIXO
2022,8,Ago,29012,Feira de Santana,BA,Centro Norte Baiano,-12.2493,-39.3507,True,38.0,26,76.8,66.7,24.2,0.214,BAIXO
2022,9,Set,29012,Feira de Santana,BA,Centro Norte Baiano,-12.2493,-39.3507,True,38.0,120,43.8,68.9,24.2,0.271,BAIXO
2022,10,Out,29012,Feira de Santana,BA,Centro Norte Baiano,-12.2493,-39.3507,True,38.0,144,14.6,66.8,24.4,0.351,MEDIO
2022,11,Nov,29012,Feira de Santana,BA,Centro Norte Baiano,-12.2493,-39.3507,True,38.0,33,156.2,66.9,24.7,0.068,BAIXO
2022,12,Dez,29012,Feira de Santana,BA,Centro Norte Baiano,-12.2493,-39.3507,True,38.0,14,78.5,66.4,24.4,0.217,BAIXO
2023,1,Jan,29012,Feira de Santana,BA,Centro Norte Baiano,-12.2493,-39.3507,True,38.0,49,36.5,77.3,24.5,0.285,BAIXO
2023,2,Fev,29012,Feira de Santana,BA,Centro Norte Baiano,-12.2493,-39.3507,True,38.0,112,39.9,77.6,24.9,0.326,MEDIO
2023,3,Mar,29012,Feira de Santana,BA,Centro Norte Baiano,-12.2493,-39.3507,True,38.0,85,86.3,76.1,24.7,0.205,BAIXO
2023,4,Abr,29012,Feira de Santana,BA,Centro Norte Baiano,-12.2493,-39.3507,True,38.0,103,36.1,77.3,24.6,0.321,MEDIO
2023,5,Mai,29012,Feira de Santana,BA,Centro Norte Baiano,-12.2493,-39.3507,True,38.0,51,81.6,74.8,24.7,0.196,BAIXO
2023,6,Jun,29012,Feira de Santana,BA,Centro Norte Baiano,-12.2493,-39.3507,True,38.0,38,64.7,77.3,23.9,0.206,BAIXO
2023,7,Jul,29012,Feira de Santana,BA,Centro Norte Baiano,-12.2493,-39.3507,True,38.0,69,43.4,81.3,23.8,0.27,BAIXO
2023,8,Ago,29012,Feira de Santana,BA,Centro Norte Baiano,-12.2493,-39.3507,True,38.0,93,40.9,78.8,24.1,0.292,BAIXO
2023,9,Set,29012,Feira de Santana,BA,Centro Norte Baiano,-12.2493,-39.3507,True,38.0,148,28.2,77.1,24.8,0.37,MEDIO
2023,10,Out,29012,Feira de Santana,BA,Centro Norte Baiano,-12.2493,-39.3507,True,38.0,575,5.9,78.0,24.3,0.608,ALTO
2023,11,Nov,29012,Feira de Santana,BA,Centro Norte Baiano,-12.2493,-39.3507,True,38.0,378,11.0,77.7,24.5,0.537,ALTO
2023,12,Dez,29012,Feira de Santana,BA,Centro Norte Baiano,-12.2493,-39.3507,True,38.0,473,67.6,74.6,24.7,0.48,MEDIO
2024,1,Jan,29012,Feira de Santana,BA,Centro Norte Baiano,-12.2493,-39.3507,True,38.0,202,160.9,77.2,25.9,0.169,BAIXO
2024,2,Fev,29012,Feira de Santana,BA,Centro Norte Baiano,-12.2493,-39.3507,True,38.0,56,136.5,78.1,25.9,0.11,BAIXO
2024,3,Mar,29012,Feira de Santana,BA,Centro Norte Baiano,-12.2493,-39.3507,True,38.0,120,51.7,75.5,26.1,0.335,MEDIO
2024,4,Abr,29012,Feira de Santana,BA,Centro Norte Baiano,-12.2493,-39.3507,True,38.0,47,85.4,79.3,25.8,0.212,BAIXO
2024,5,Mai,29012,Feira de Santana,BA,Centro Norte Baiano,-12.2493,-39.3507,True,38.0,62,75.7,80.0,25.7,0.239,BAIXO
2024,6,Jun,29012,Feira de Santana,BA,Centro Norte Baiano,-12.2493,-39.3507,True,38.0,19,71.8,78.5,25.7,0.221,BAIXO
2024,7,Jul,29012,Feira de Santana,BA,Centro Norte Baiano,-12.2493,-39.3507,True,38.0,45,41.4,79.5,25.8,0.305,MEDIO
2024,8,Ago,29012,Feira de Santana,BA,Centro Norte Baiano,-12.2493,-39.3507,True,38.0,93,57.5,78.7,25.6,0.294,BAIXO
2024,9,Set,29012,Feira de Santana,BA,Centro Norte Baiano,-12.2493,-39.3507,True,38.0,131,21.1,80.7,25.8,0.4,MEDIO
2024,10,Out,29012,Feira de Santana,BA,Centro Norte Baiano,-12.2493,-39.3507,True,38.0,386,31.1,80.1,25.8,0.531,ALTO
2024,11,Nov,29012,Feira de Santana,BA,Centro Norte Baiano,-12.2493,-39.3507,True,38.0,149,40.1,79.7,25.6,0.365,MEDIO
2024,12,Dez,29012,Feira de Santana,BA,Centro Norte Baiano,-12.2493,-39.3507,True,38.0,254,20.5,78.1,25.9,0.477,MEDIO
2022,1,Jan,29013,Jeremoabo,BA,Nordeste Baiano,-10.0277,-38.3022,True,100.0,167,31.0,64.1,26.2,0.378,MEDIO
2022,2,Fev,29013,Jeremoabo,BA,Nordeste Baiano,-10.0277,-38.3022,True,100.0,314,16.6,60.1,26.6,0.444,MEDIO
2022,3,Mar,29013,Jeremoabo,BA,Nordeste Baiano,-10.0277,-38.3022,True,100.0,263,60.2,61.9,26.3,0.332,MEDIO
2022,4,Abr,29013,Jeremoabo,BA,Nordeste Baiano,-10.0277,-38.3022,True,100.0,226,25.0,67.5,25.5,0.352,MEDIO
2022,5,Mai,29013,Jeremoabo,BA,Nordeste Baiano,-10.0277,-38.3022,True,100.0,64,98.2,73.6,25.0,0.145,BAIXO
2022,6,Jun,29013,Jeremoabo,BA,Nordeste Baiano,-10.0277,-38.3022,True,100.0,10,61.9,67.4,25.7,0.279,BAIXO
2022,7,Jul,29013,Jeremoabo,BA,Nordeste Baiano,-10.0277,-38.3022,True,100.0,3,50.8,64.2,26.3,0.338,MEDIO
2022,8,Ago,29013,Jeremoabo,BA,Nordeste Baiano,-10.0277,-38.3022,True,100.0,0,46.7,64.3,27.0,0.363,MEDIO
2022,9,Set,29013,Jeremoabo,BA,Nordeste Baiano,-10.0277,-38.3022,True,100.0,40,16.4,64.0,26.9,0.428,MEDIO
2022,10,Out,29013,Jeremoabo,BA,Nordeste Baiano,-10.0277,-38.3022,True,100.0,74,7.9,64.1,26.5,0.431,MEDIO
2022,11,Nov,29013,Jeremoabo,BA,Nordeste Baiano,-10.0277,-38.3022,True,100.0,65,98.2,64.4,26.6,0.242,BAIXO
2022,12,Dez,29013,Jeremoabo,BA,Nordeste Baiano,-10.0277,-38.3022,True,100.0,103,98.6,64.0,25.7,0.221,BAIXO
2023,1,Jan,29013,Jeremoabo,BA,Nordeste Baiano,-10.0277,-38.3022,True,100.0,193,25.2,63.3,26.7,0.524,ALTO
2023,2,Fev,29013,Jeremoabo,BA,Nordeste Baiano,-10.0277,-38.3022,True,100.0,160,18.0,62.0,27.5,0.548,ALTO
2023,3,Mar,29013,Jeremoabo,BA,Nordeste Baiano,-10.0277,-38.3022,True,100.0,149,63.4,61.2,27.6,0.451,MEDIO
2023,4,Abr,29013,Jeremoabo,BA,Nordeste Baiano,-10.0277,-38.3022,True,100.0,245,49.7,60.1,28.0,0.555,ALTO
2023,5,Mai,29013,Jeremoabo,BA,Nordeste Baiano,-10.0277,-38.3022,True,100.0,44,87.3,60.8,27.9,0.347,MEDIO
2023,6,Jun,29013,Jeremoabo,BA,Nordeste Baiano,-10.0277,-38.3022,True,100.0,0,82.6,62.1,27.2,0.305,MEDIO
2023,7,Jul,29013,Jeremoabo,BA,Nordeste Baiano,-10.0277,-38.3022,True,100.0,89,35.9,63.7,27.1,0.446,MEDIO
2023,8,Ago,29013,Jeremoabo,BA,Nordeste Baiano,-10.0277,-38.3022,True,100.0,89,22.2,62.0,27.0,0.484,MEDIO
2023,9,Set,29013,Jeremoabo,BA,Nordeste Baiano,-10.0277,-38.3022,True,100.0,124,20.2,60.4,27.4,0.529,ALTO
2023,10,Out,29013,Jeremoabo,BA,Nordeste Baiano,-10.0277,-38.3022,True,100.0,346,5.6,61.1,27.2,0.674,ALTO
2023,11,Nov,29013,Jeremoabo,BA,Nordeste Baiano,-10.0277,-38.3022,True,100.0,128,8.3,61.2,27.3,0.546,ALTO
2023,12,Dez,29013,Jeremoabo,BA,Nordeste Baiano,-10.0277,-38.3022,True,100.0,112,37.0,60.6,27.2,0.479,MEDIO
2024,1,Jan,29013,Jeremoabo,BA,Nordeste Baiano,-10.0277,-38.3022,True,100.0,139,129.5,64.3,26.9,0.267,BAIXO
2024,2,Fev,29013,Jeremoabo,BA,Nordeste Baiano,-10.0277,-38.3022,True,100.0,131,79.3,68.8,26.4,0.329,MEDIO
2024,3,Mar,29013,Jeremoabo,BA,Nordeste Baiano,-10.0277,-38.3022,True,100.0,377,38.8,66.6,26.7,0.584,ALTO
2024,4,Abr,29013,Jeremoabo,BA,Nordeste Baiano,-10.0277,-38.3022,True,100.0,169,165.0,67.7,26.7,0.215,BAIXO
2024,5,Mai,29013,Jeremoabo,BA,Nordeste Baiano,-10.0277,-38.3022,True,100.0,113,90.4,67.8,26.7,0.308,MEDIO
2024,6,Jun,29013,Jeremoabo,BA,Nordeste Baiano,-10.0277,-38.3022,True,100.0,20,81.4,65.3,26.8,0.29,BAIXO
2024,7,Jul,29013,Jeremoabo,BA,Nordeste Baiano,-10.0277,-38.3022,True,100.0,30,55.3,68.1,26.4,0.324,MEDIO
2024,8,Ago,29013,Jeremoabo,BA,Nordeste Baiano,-10.0277,-38.3022,True,100.0,55,21.6,67.6,26.7,0.422,MEDIO
2024,9,Set,29013,Jeremoabo,BA,Nordeste Baiano,-10.0277,-38.3022,True,100.0,85,9.3,64.5,27.0,0.492,MEDIO
2024,10,Out,29013,Jeremoabo,BA,Nordeste Baiano,-10.0277,-38.3022,True,100.0,130,6.4,64.7,27.0,0.517,ALTO
2024,11,Nov,29013,Jeremoabo,BA,Nordeste Baiano,-10.0277,-38.3022,True,100.0,106,41.1,67.3,26.6,0.41,MEDIO
2024,12,Dez,29013,Jeremoabo,BA,Nordeste Baiano,-10.0277,-38.3022,True,100.0,232,5.5,67.8,26.8,0.554,ALTO
2022,1,Jan,29014,Euclides da Cunha,BA,Nordeste Baiano,-10.4562,-39.2419,True,100.0,101,53.0,66.9,26.5,0.321,MEDIO
2022,2,Fev,29014,Euclides da Cunha,BA,Nordeste Baiano,-10.4562,-39.2419,True,100.0,181,28.7,66.4,25.8,0.359,MEDIO
2022,3,Mar,29014,Euclides da Cunha,BA,Nordeste Baiano,-10.4562,-39.2419,True,100.0,149,59.3,66.9,26.1,0.297,BAIXO
2022,4,Abr,29014,Euclides da Cunha,BA,Nordeste Baiano,-10.4562,-39.2419,True,100.0,356,33.9,67.8,26.0,0.344,MEDIO
2022,5,Mai,29014,Euclides da Cunha,BA,Nordeste Baiano,-10.4562,-39.2419,True,100.0,98,54.8,69.3,26.0,0.29,BAIXO
2022,6,Jun,29014,Euclides da Cunha,BA,Nordeste Baiano,-10.4562,-39.2419,True,100.0,27,34.4,66.6,26.2,0.355,MEDIO
2022,7,Jul,29014,Euclides da Cunha,BA,Nordeste Baiano,-10.4562,-39.2419,True,100.0,6,18.6,63.5,26.1,0.406,MEDIO
2022,8,Ago,29014,Euclides da Cunha,BA,Nordeste Baiano,-10.4562,-39.2419,True,100.0,36,17.9,63.0,27.0,0.433,MEDIO
2022,9,Set,29014,Euclides da Cunha,BA,Nordeste Baiano,-10.4562,-39.2419,True,100.0,198,7.4,65.2,26.6,0.426,MEDIO
2022,10,Out,29014,Euclides da Cunha,BA,Nordeste Baiano,-10.4562,-39.2419,True,100.0,427,4.5,67.1,26.7,0.417,MEDIO
2022,11,Nov,29014,Euclides da Cunha,BA,Nordeste Baiano,-10.4562,-39.2419,True,100.0,166,96.2,64.7,26.8,0.25,BAIXO
2022,12,Dez,29014,Euclides da Cunha,BA,Nordeste Baiano,-10.4562,-39.2419,True,100.0,52,86.6,62.9,26.9,0.284,BAIXO
2023,1,Jan,29014,Euclides da Cunha,BA,Nordeste Baiano,-10.4562,-39.2419,True,100.0,92,26.5,54.6,28.4,0.557,ALTO
2023,2,Fev,29014,Euclides da Cunha,BA,Nordeste Baiano,-10.4562,-39.2419,True,100.0,124,18.0,50.3,29.5,0.649,ALTO
2023,3,Mar,29014,Euclides da Cunha,BA,Nordeste Baiano,-10.4562,-39.2419,True,100.0,135,62.3,51.0,29.3,0.551,ALTO
2023,4,Abr,29014,Euclides da Cunha,BA,Nordeste Baiano,-10.4562,-39.2419,True,100.0,220,29.2,53.8,29.5,0.661,ALTO
2023,5,Mai,29014,Euclides da Cunha,BA,Nordeste Baiano,-10.4562,-39.2419,True,100.0,50,62.2,50.5,29.9,0.519,ALTO
2023,6,Jun,29014,Euclides da Cunha,BA,Nordeste Baiano,-10.4562,-39.2419,True,100.0,13,41.4,59.7,27.1,0.414,MEDIO
2023,7,Jul,29014,Euclides da Cunha,BA,Nordeste Baiano,-10.4562,-39.2419,True,100.0,47,10.7,61.4,27.2,0.492,MEDIO
2023,8,Ago,29014,Euclides da Cunha,BA,Nordeste Baiano,-10.4562,-39.2419,True,100.0,93,16.6,55.3,28.6,0.58,ALTO
2023,9,Set,29014,Euclides da Cunha,BA,Nordeste Baiano,-10.4562,-39.2419,True,100.0,202,8.2,50.7,29.4,0.708,CRITICO
2023,10,Out,29014,Euclides da Cunha,BA,Nordeste Baiano,-10.4562,-39.2419,True,100.0,410,3.7,52.5,28.7,0.804,CRITICO
2023,11,Nov,29014,Euclides da Cunha,BA,Nordeste Baiano,-10.4562,-39.2419,True,100.0,342,7.2,51.3,28.7,0.771,CRITICO
2023,12,Dez,29014,Euclides da Cunha,BA,Nordeste Baiano,-10.4562,-39.2419,True,100.0,303,44.0,50.4,29.3,0.695,ALTO
2024,1,Jan,29014,Euclides da Cunha,BA,Nordeste Baiano,-10.4562,-39.2419,True,100.0,316,115.2,62.8,25.5,0.378,MEDIO
2024,2,Fev,29014,Euclides da Cunha,BA,Nordeste Baiano,-10.4562,-39.2419,True,100.0,43,101.1,65.0,25.1,0.221,BAIXO
2024,3,Mar,29014,Euclides da Cunha,BA,Nordeste Baiano,-10.4562,-39.2419,True,100.0,165,64.7,66.3,25.0,0.361,MEDIO
2024,4,Abr,29014,Euclides da Cunha,BA,Nordeste Baiano,-10.4562,-39.2419,True,100.0,86,105.5,67.3,25.1,0.223,BAIXO
2024,5,Mai,29014,Euclides da Cunha,BA,Nordeste Baiano,-10.4562,-39.2419,True,100.0,62,47.1,66.7,25.0,0.335,MEDIO
2024,6,Jun,29014,Euclides da Cunha,BA,Nordeste Baiano,-10.4562,-39.2419,True,100.0,33,45.3,61.7,25.2,0.357,MEDIO
2024,7,Jul,29014,Euclides da Cunha,BA,Nordeste Baiano,-10.4562,-39.2419,True,100.0,12,25.4,65.2,25.0,0.36,MEDIO
2024,8,Ago,29014,Euclides da Cunha,BA,Nordeste Baiano,-10.4562,-39.2419,True,100.0,103,21.2,65.1,25.2,0.43,MEDIO
2024,9,Set,29014,Euclides da Cunha,BA,Nordeste Baiano,-10.4562,-39.2419,True,100.0,161,5.5,63.1,25.7,0.513,ALTO
2024,10,Out,29014,Euclides da Cunha,BA,Nordeste Baiano,-10.4562,-39.2419,True,100.0,610,9.4,64.9,25.3,0.696,ALTO
2024,11,Nov,29014,Euclides da Cunha,BA,Nordeste Baiano,-10.4562,-39.2419,True,100.0,382,38.1,65.0,25.1,0.559,ALTO
2024,12,Dez,29014,Euclides da Cunha,BA,Nordeste Baiano,-10.4562,-39.2419,True,100.0,312,7.4,65.6,25.1,0.573,ALTO
2022,1,Jan,29015,Ribeira do Pombal,BA,Nordeste Baiano,-10.8887,-38.3509,True,100.0,144,37.4,76.5,24.9,0.264,BAIXO
2022,2,Fev,29015,Ribeira do Pombal,BA,Nordeste Baiano,-10.8887,-38.3509,True,100.0,231,19.5,76.8,25.0,0.305,MEDIO
2022,3,Mar,29015,Ribeira do Pombal,BA,Nordeste Baiano,-10.8887,-38.3509,True,100.0,195,64.3,77.2,25.0,0.209,BAIXO
2022,4,Abr,29015,Ribeira do Pombal,BA,Nordeste Baiano,-10.8887,-38.3509,True,100.0,291,56.5,79.6,24.4,0.21,BAIXO
2022,5,Mai,29015,Ribeira do Pombal,BA,Nordeste Baiano,-10.8887,-38.3509,True,100.0,120,67.0,79.2,24.3,0.185,BAIXO
2022,6,Jun,29015,Ribeira do Pombal,BA,Nordeste Baiano,-10.8887,-38.3509,True,100.0,17,50.0,76.5,24.7,0.232,BAIXO
2022,7,Jul,29015,Ribeira do Pombal,BA,Nordeste Baiano,-10.8887,-38.3509,True,100.0,9,36.9,75.4,24.9,0.265,BAIXO
2022,8,Ago,29015,Ribeira do Pombal,BA,Nordeste Baiano,-10.8887,-38.3509,True,100.0,29,31.0,76.1,24.9,0.277,BAIXO
2022,9,Set,29015,Ribeira do Pombal,BA,Nordeste Baiano,-10.8887,-38.3509,True,100.0,43,22.2,76.0,25.0,0.299,BAIXO
2022,10,Out,29015,Ribeira do Pombal,BA,Nordeste Baiano,-10.8887,-38.3509,True,100.0,74,8.7,74.8,25.5,0.339,MEDIO
2022,11,Nov,29015,Ribeira do Pombal,BA,Nordeste Baiano,-10.8887,-38.3509,True,100.0,27,133.8,75.4,25.4,0.07,BAIXO
2022,12,Dez,29015,Ribeira do Pombal,BA,Nordeste Baiano,-10.8887,-38.3509,True,100.0,124,72.3,74.9,25.5,0.205,BAIXO
2023,1,Jan,29015,Ribeira do Pombal,BA,Nordeste Baiano,-10.8887,-38.3509,True,100.0,83,34.4,76.7,25.2,0.328,MEDIO
2023,2,Fev,29015,Ribeira do Pombal,BA,Nordeste Baiano,-10.8887,-38.3509,True,100.0,123,28.5,77.2,25.5,0.372,MEDIO
2023,3,Mar,29015,Ribeira do Pombal,BA,Nordeste Baiano,-10.8887,-38.3509,True,100.0,165,96.5,76.3,25.6,0.254,BAIXO
2023,4,Abr,29015,Ribeira do Pombal,BA,Nordeste Baiano,-10.8887,-38.3509,True,100.0,217,53.7,74.0,25.8,0.388,MEDIO
2023,5,Mai,29015,Ribeira do Pombal,BA,Nordeste Baiano,-10.8887,-38.3509,True,100.0,69,92.3,73.9,25.7,0.214,BAIXO
2023,6,Jun,29015,Ribeira do Pombal,BA,Nordeste Baiano,-10.8887,-38.3509,True,100.0,5,64.6,76.3,25.3,0.219,BAIXO
2023,7,Jul,29015,Ribeira do Pombal,BA,Nordeste Baiano,-10.8887,-38.3509,True,100.0,55,19.3,77.2,25.3,0.346,MEDIO
2023,8,Ago,29015,Ribeira do Pombal,BA,Nordeste Baiano,-10.8887,-38.3509,True,100.0,48,27.8,76.5,25.0,0.316,MEDIO
2023,9,Set,29015,Ribeira do Pombal,BA,Nordeste Baiano,-10.8887,-38.3509,True,100.0,96,15.8,75.9,25.5,0.383,MEDIO
2023,10,Out,29015,Ribeira do Pombal,BA,Nordeste Baiano,-10.8887,-38.3509,True,100.0,104,5.9,76.0,25.5,0.4,MEDIO
2023,11,Nov,29015,Ribeira do Pombal,BA,Nordeste Baiano,-10.8887,-38.3509,True,100.0,113,12.1,75.8,25.5,0.401,MEDIO
2023,12,Dez,29015,Ribeira do Pombal,BA,Nordeste Baiano,-10.8887,-38.3509,True,100.0,73,48.1,74.2,25.6,0.307,MEDIO
2024,1,Jan,29015,Ribeira do Pombal,BA,Nordeste Baiano,-10.8887,-38.3509,True,100.0,225,85.4,70.5,26.3,0.359,MEDIO
2024,2,Fev,29015,Ribeira do Pombal,BA,Nordeste Baiano,-10.8887,-38.3509,True,100.0,128,96.6,73.3,26.0,0.252,BAIXO
2024,3,Mar,29015,Ribeira do Pombal,BA,Nordeste Baiano,-10.8887,-38.3509,True,100.0,249,45.7,72.4,26.1,0.442,MEDIO
2024,4,Abr,29015,Ribeira do Pombal,BA,Nordeste Baiano,-10.8887,-38.3509,True,100.0,108,92.3,73.0,26.2,0.256,BAIXO
2024,5,Mai,29015,Ribeira do Pombal,BA,Nordeste Baiano,-10.8887,-38.3509,True,100.0,57,71.5,75.4,25.6,0.242,BAIXO
2024,6,Jun,29015,Ribeira do Pombal,BA,Nordeste Baiano,-10.8887,-38.3509,True,100.0,12,72.4,73.8,25.9,0.228,BAIXO
2024,7,Jul,29015,Ribeira do Pombal,BA,Nordeste Baiano,-10.8887,-38.3509,True,100.0,5,40.8,74.0,25.8,0.288,BAIXO
2024,8,Ago,29015,Ribeira do Pombal,BA,Nordeste Baiano,-10.8887,-38.3509,True,100.0,26,31.9,73.3,26.1,0.332,MEDIO
2024,9,Set,29015,Ribeira do Pombal,BA,Nordeste Baiano,-10.8887,-38.3509,True,100.0,48,12.9,72.5,26.4,0.398,MEDIO
2024,10,Out,29015,Ribeira do Pombal,BA,Nordeste Baiano,-10.8887,-38.3509,True,100.0,46,10.8,74.1,25.9,0.379,MEDIO
2024,11,Nov,29015,Ribeira do Pombal,BA,Nordeste Baiano,-10.8887,-38.3509,True,100.0,75,21.0,74.0,25.9,0.375,MEDIO
2024,12,Dez,29015,Ribeira do Pombal,BA,Nordeste Baiano,-10.8887,-38.3509,True,100.0,191,5.2,73.4,26.3,0.482,MEDIO
2022,1,Jan,29016,Serrinha,BA,Nordeste Baiano,-11.5186,-39.3234,True,100.0,20,53.3,76.2,23.8,0.207,BAIXO
2022,2,Fev,29016,Serrinha,BA,Nordeste Baiano,-11.5186,-39.3234,True,100.0,40,31.1,75.7,24.1,0.257,BAIXO
2022,3,Mar,29016,Serrinha,BA,Nordeste Baiano,-11.5186,-39.3234,True,100.0,71,59.4,77.8,23.8,0.194,BAIXO
2022,4,Abr,29016,Serrinha,BA,Nordeste Baiano,-11.5186,-39.3234,True,100.0,115,43.3,75.6,24.0,0.229,BAIXO
2022,5,Mai,29016,Serrinha,BA,Nordeste Baiano,-11.5186,-39.3234,True,100.0,65,40.3,77.1,23.6,0.235,BAIXO
2022,6,Jun,29016,Serrinha,BA,Nordeste Baiano,-11.5186,-39.3234,True,100.0,24,32.4,74.3,23.9,0.256,BAIXO
2022,7,Jul,29016,Serrinha,BA,Nordeste Baiano,-11.5186,-39.3234,True,100.0,17,25.8,74.4,24.5,0.282,BAIXO
2022,8,Ago,29016,Serrinha,BA,Nordeste Baiano,-11.5186,-39.3234,True,100.0,23,27.2,75.3,24.7,0.281,BAIXO
2022,9,Set,29016,Serrinha,BA,Nordeste Baiano,-11.5186,-39.3234,True,100.0,89,16.3,73.8,24.8,0.314,MEDIO
2022,10,Out,29016,Serrinha,BA,Nordeste Baiano,-11.5186,-39.3234,True,100.0,124,9.1,72.8,25.2,0.344,MEDIO
2022,11,Nov,29016,Serrinha,BA,Nordeste Baiano,-11.5186,-39.3234,True,100.0,46,137.2,69.6,25.3,0.094,BAIXO
2022,12,Dez,29016,Serrinha,BA,Nordeste Baiano,-11.5186,-39.3234,True,100.0,24,73.1,72.4,24.7,0.199,BAIXO
2023,1,Jan,29016,Serrinha,BA,Nordeste Baiano,-11.5186,-39.3234,True,100.0,22,31.5,71.0,25.4,0.327,MEDIO
2023,2,Fev,29016,Serrinha,BA,Nordeste Baiano,-11.5186,-39.3234,True,100.0,33,32.7,71.4,25.6,0.334,MEDIO
2023,3,Mar,29016,Serrinha,BA,Nordeste Baiano,-11.5186,-39.3234,True,100.0,33,71.6,71.5,25.5,0.247,BAIXO
2023,4,Abr,29016,Serrinha,BA,Nordeste Baiano,-11.5186,-39.3234,True,100.0,119,25.5,69.3,25.7,0.416,MEDIO
2023,5,Mai,29016,Serrinha,BA,Nordeste Baiano,-11.5186,-39.3234,True,100.0,13,69.5,70.1,25.5,0.248,BAIXO
2023,6,Jun,29016,Serrinha,BA,Nordeste Baiano,-11.5186,-39.3234,True,100.0,11,47.8,71.8,25.2,0.276,BAIXO
2023,7,Jul,29016,Serrinha,BA,Nordeste Baiano,-11.5186,-39.3234,True,100.0,38,13.9,73.5,24.9,0.346,MEDIO
2023,8,Ago,29016,Serrinha,BA,Nordeste Baiano,-11.5186,-39.3234,True,100.0,37,27.0,71.9,25.0,0.33,MEDIO
2023,9,Set,29016,Serrinha,BA,Nordeste Baiano,-11.5186,-39.3234,True,100.0,188,12.7,70.7,25.5,0.471,MEDIO
2023,10,Out,29016,Serrinha,BA,Nordeste Baiano,-11.5186,-39.3234,True,100.0,232,3.6,70.3,25.5,0.506,ALTO
2023,11,Nov,29016,Serrinha,BA,Nordeste Baiano,-11.5186,-39.3234,True,100.0,224,5.8,69.5,25.6,0.509,ALTO
2023,12,Dez,29016,Serrinha,BA,Nordeste Baiano,-11.5186,-39.3234,True,100.0,196,55.4,69.2,25.5,0.394,MEDIO
2024,1,Jan,29016,Serrinha,BA,Nordeste Baiano,-11.5186,-39.3234,True,100.0,184,93.0,62.2,28.2,0.418,MEDIO
2024,2,Fev,29016,Serrinha,BA,Nordeste Baiano,-11.5186,-39.3234,True,100.0,28,112.0,62.5,28.1,0.279,BAIXO
2024,3,Mar,29016,Serrinha,BA,Nordeste Baiano,-11.5186,-39.3234,True,100.0,89,40.7,68.3,27.3,0.412,MEDIO
2024,4,Abr,29016,Serrinha,BA,Nordeste Baiano,-11.5186,-39.3234,True,100.0,35,74.0,76.5,26.4,0.244,BAIXO
2024,5,Mai,29016,Serrinha,BA,Nordeste Baiano,-11.5186,-39.3234,True,100.0,8,45.5,78.2,26.4,0.289,BAIXO
2024,6,Jun,29016,Serrinha,BA,Nordeste Baiano,-11.5186,-39.3234,True,100.0,19,40.6,74.4,26.4,0.31,MEDIO
2024,7,Jul,29016,Serrinha,BA,Nordeste Baiano,-11.5186,-39.3234,True,100.0,29,20.8,74.9,26.3,0.352,MEDIO
2024,8,Ago,29016,Serrinha,BA,Nordeste Baiano,-11.5186,-39.3234,True,100.0,46,32.6,74.0,26.5,0.348,MEDIO
2024,9,Set,29016,Serrinha,BA,Nordeste Baiano,-11.5186,-39.3234,True,100.0,71,11.6,76.5,26.3,0.397,MEDIO
2024,10,Out,29016,Serrinha,BA,Nordeste Baiano,-11.5186,-39.3234,True,100.0,156,18.0,76.4,26.1,0.429,MEDIO
2024,11,Nov,29016,Serrinha,BA,Nordeste Baiano,-11.5186,-39.3234,True,100.0,78,33.2,78.0,25.7,0.34,MEDIO
2024,12,Dez,29016,Serrinha,BA,Nordeste Baiano,-11.5186,-39.3234,True,100.0,159,13.7,76.9,26.0,0.437,MEDIO
2022,1,Jan,29022,Boquira,BA,Centro Sul Baiano,-12.6174,-42.5364,True,100.0,46,163.9,55.2,27.0,0.199,BAIXO
2022,2,Fev,29022,Boquira,BA,Centro Sul Baiano,-12.6174,-42.5364,True,100.0,65,61.8,56.6,26.7,0.371,MEDIO
2022,3,Mar,29022,Boquira,BA,Centro Sul Baiano,-12.6174,-42.5364,True,100.0,80,27.1,57.2,26.7,0.442,MEDIO
2022,4,Abr,29022,Boquira,BA,Centro Sul Baiano,-12.6174,-42.5364,True,100.0,32,23.9,56.7,26.5,0.447,MEDIO
2022,5,Mai,29022,Boquira,BA,Centro Sul Baiano,-12.6174,-42.5364,True,100.0,45,6.5,56.3,26.7,0.484,MEDIO
2022,6,Jun,29022,Boquira,BA,Centro Sul Baiano,-12.6174,-42.5364,True,100.0,121,2.5,54.7,26.8,0.497,MEDIO
2022,7,Jul,29022,Boquira,BA,Centro Sul Baiano,-12.6174,-42.5364,True,100.0,111,3.4,51.0,27.2,0.53,ALTO
2022,8,Ago,29022,Boquira,BA,Centro Sul Baiano,-12.6174,-42.5364,True,100.0,295,2.4,52.9,26.9,0.511,ALTO
2022,9,Set,29022,Boquira,BA,Centro Sul Baiano,-12.6174,-42.5364,True,100.0,1509,5.4,52.2,27.0,0.518,ALTO
2022,10,Out,29022,Boquira,BA,Centro Sul Baiano,-12.6174,-42.5364,True,100.0,2277,13.5,55.0,26.6,0.483,MEDIO
2022,11,Nov,29022,Boquira,BA,Centro Sul Baiano,-12.6174,-42.5364,True,100.0,231,272.5,52.7,26.9,0.212,BAIXO
2022,12,Dez,29022,Boquira,BA,Centro Sul Baiano,-12.6174,-42.5364,True,100.0,29,180.5,54.6,27.0,0.202,BAIXO
2023,1,Jan,29022,Boquira,BA,Centro Sul Baiano,-12.6174,-42.5364,True,100.0,29,122.3,55.1,28.1,0.304,MEDIO
2023,2,Fev,29022,Boquira,BA,Centro Sul Baiano,-12.6174,-42.5364,True,100.0,100,20.7,55.8,28.2,0.562,ALTO
2023,3,Mar,29022,Boquira,BA,Centro Sul Baiano,-12.6174,-42.5364,True,100.0,54,36.1,59.4,27.6,0.464,MEDIO
2023,4,Abr,29022,Boquira,BA,Centro Sul Baiano,-12.6174,-42.5364,True,100.0,43,50.1,60.5,27.6,0.42,MEDIO
2023,5,Mai,29022,Boquira,BA,Centro Sul Baiano,-12.6174,-42.5364,True,100.0,43,25.4,59.9,27.4,0.472,MEDIO
2023,6,Jun,29022,Boquira,BA,Centro Sul Baiano,-12.6174,-42.5364,True,100.0,56,2.6,58.6,27.5,0.524,ALTO
2023,7,Jul,29022,Boquira,BA,Centro Sul Baiano,-12.6174,-42.5364,True,100.0,62,3.6,57.0,27.7,0.542,ALTO
2023,8,Ago,29022,Boquira,BA,Centro Sul Baiano,-12.6174,-42.5364,True,100.0,402,8.2,53.0,28.4,0.789,CRITICO
2023,9,Set,29022,Boquira,BA,Centro Sul Baiano,-12.6174,-42.5364,True,100.0,1632,3.6,54.4,28.4,0.839,CRITICO
2023,10,Out,29022,Boquira,BA,Centro Sul Baiano,-12.6174,-42.5364,True,100.0,1463,17.8,51.2,28.9,0.855,CRITICO
2023,11,Nov,29022,Boquira,BA,Centro Sul Baiano,-12.6174,-42.5364,True,100.0,608,51.0,51.7,28.4,0.768,CRITICO
2023,12,Dez,29022,Boquira,BA,Centro Sul Baiano,-12.6174,-42.5364,True,100.0,240,62.8,51.9,28.5,0.588,ALTO
2024,1,Jan,29022,Boquira,BA,Centro Sul Baiano,-12.6174,-42.5364,True,100.0,75,286.4,59.2,27.3,0.226,BAIXO
2024,2,Fev,29022,Boquira,BA,Centro Sul Baiano,-12.6174,-42.5364,True,100.0,13,156.0,62.5,27.0,0.161,BAIXO
2024,3,Mar,29022,Boquira,BA,Centro Sul Baiano,-12.6174,-42.5364,True,100.0,63,62.3,59.5,27.2,0.403,MEDIO
2024,4,Abr,29022,Boquira,BA,Centro Sul Baiano,-12.6174,-42.5364,True,100.0,13,65.4,59.9,26.9,0.356,MEDIO
2024,5,Mai,29022,Boquira,BA,Centro Sul Baiano,-12.6174,-42.5364,True,100.0,32,5.2,58.0,27.1,0.503,ALTO
2024,6,Jun,29022,Boquira,BA,Centro Sul Baiano,-12.6174,-42.5364,True,100.0,71,3.6,58.2,27.5,0.535,ALTO
2024,7,Jul,29022,Boquira,BA,Centro Sul Baiano,-12.6174,-42.5364,True,100.0,111,3.1,58.2,28.0,0.572,ALTO
2024,8,Ago,29022,Boquira,BA,Centro Sul Baiano,-12.6174,-42.5364,True,100.0,177,4.0,58.2,27.7,0.604,ALTO
2024,9,Set,29022,Boquira,BA,Centro Sul Baiano,-12.6174,-42.5364,True,100.0,619,2.5,58.0,27.5,0.794,CRITICO
2024,10,Out,29022,Boquira,BA,Centro Sul Baiano,-12.6174,-42.5364,True,100.0,2071,59.5,59.8,27.6,0.679,ALTO
2024,11,Nov,29022,Boquira,BA,Centro Sul Baiano,-12.6174,-42.5364,True,100.0,274,114.0,62.0,27.1,0.4,MEDIO
2024,12,Dez,29022,Boquira,BA,Centro Sul Baiano,-12.6174,-42.5364,True,100.0,197,63.7,61.7,27.5,0.474,MEDIO
2022,1,Jan,29023,Seabra,BA,Centro Sul Baiano,-12.9366,-41.4525,True,100.0,74,113.4,71.5,21.5,0.1,BAIXO
2022,2,Fev,29023,Seabra,BA,Centro Sul Baiano,-12.9366,-41.4525,True,100.0,65,49.5,73.8,21.3,0.223,BAIXO
2022,3,Mar,29023,Seabra,BA,Centro Sul Baiano,-12.9366,-41.4525,True,100.0,43,51.0,73.4,21.4,0.222,BAIXO
2022,4,Abr,29023,Seabra,BA,Centro Sul Baiano,-12.9366,-41.4525,True,100.0,96,44.4,72.5,21.1,0.242,BAIXO
2022,5,Mai,29023,Seabra,BA,Centro Sul Baiano,-12.9366,-41.4525,True,100.0,179,17.1,73.5,20.9,0.294,BAIXO
2022,6,Jun,29023,Seabra,BA,Centro Sul Baiano,-12.9366,-41.4525,True,100.0,185,12.2,72.6,21.0,0.31,MEDIO
2022,7,Jul,29023,Seabra,BA,Centro Sul Baiano,-12.9366,-41.4525,True,100.0,74,29.7,71.7,21.2,0.278,BAIXO
2022,8,Ago,29023,Seabra,BA,Centro Sul Baiano,-12.9366,-41.4525,True,100.0,230,9.4,69.6,21.7,0.334,MEDIO
2022,9,Set,29023,Seabra,BA,Centro Sul Baiano,-12.9366,-41.4525,True,100.0,1804,17.1,70.0,21.5,0.316,MEDIO
2022,10,Out,29023,Seabra,BA,Centro Sul Baiano,-12.9366,-41.4525,True,100.0,2187,12.8,70.5,21.7,0.322,MEDIO
2022,11,Nov,29023,Seabra,BA,Centro Sul Baiano,-12.9366,-41.4525,True,100.0,79,235.2,66.2,22.5,0.055,BAIXO
2022,12,Dez,29023,Seabra,BA,Centro Sul Baiano,-12.9366,-41.4525,True,100.0,77,257.4,68.7,22.3,0.039,BAIXO
2023,1,Jan,29023,Seabra,BA,Centro Sul Baiano,-12.9366,-41.4525,True,100.0,59,119.4,66.8,22.8,0.152,BAIXO
2023,2,Fev,29023,Seabra,BA,Centro Sul Baiano,-12.9366,-41.4525,True,100.0,132,30.1,67.1,22.8,0.386,MEDIO
2023,3,Mar,29023,Seabra,BA,Centro Sul Baiano,-12.9366,-41.4525,True,100.0,81,58.4,68.4,22.5,0.286,BAIXO
2023,4,Abr,29023,Seabra,BA,Centro Sul Baiano,-12.9366,-41.4525,True,100.0,89,54.5,68.0,22.5,0.302,MEDIO
2023,5,Mai,29023,Seabra,BA,Centro Sul Baiano,-12.9366,-41.4525,True,100.0,45,28.8,68.0,22.4,0.33,MEDIO
2023,6,Jun,29023,Seabra,BA,Centro Sul Baiano,-12.9366,-41.4525,True,100.0,122,14.7,70.4,22.1,0.392,MEDIO
2023,7,Jul,29023,Seabra,BA,Centro Sul Baiano,-12.9366,-41.4525,True,100.0,150,26.2,70.3,22.1,0.385,MEDIO
2023,8,Ago,29023,Seabra,BA,Centro Sul Baiano,-12.9366,-41.4525,True,100.0,397,14.9,69.7,22.2,0.561,ALTO
2023,9,Set,29023,Seabra,BA,Centro Sul Baiano,-12.9366,-41.4525,True,100.0,1017,12.0,67.0,22.5,0.646,ALTO
2023,10,Out,29023,Seabra,BA,Centro Sul Baiano,-12.9366,-41.4525,True,100.0,1418,10.0,65.2,22.7,0.661,ALTO
2023,11,Nov,29023,Seabra,BA,Centro Sul Baiano,-12.9366,-41.4525,True,100.0,1786,36.7,66.9,22.3,0.593,ALTO
2023,12,Dez,29023,Seabra,BA,Centro Sul Baiano,-12.9366,-41.4525,True,100.0,1101,53.2,66.0,22.6,0.564,ALTO
2024,1,Jan,29023,Seabra,BA,Centro Sul Baiano,-12.9366,-41.4525,True,100.0,314,199.9,68.7,22.3,0.228,BAIXO
2024,2,Fev,29023,Seabra,BA,Centro Sul Baiano,-12.9366,-41.4525,True,100.0,46,171.1,72.0,22.1,0.046,BAIXO
2024,3,Mar,29023,Seabra,BA,Centro Sul Baiano,-12.9366,-41.4525,True,100.0,106,50.3,69.1,22.1,0.314,MEDIO
2024,4,Abr,29023,Seabra,BA,Centro Sul Baiano,-12.9366,-41.4525,True,100.0,45,86.6,69.3,22.1,0.198,BAIXO
2024,5,Mai,29023,Seabra,BA,Centro Sul Baiano,-12.9366,-41.4525,True,100.0,65,31.2,71.5,22.1,0.315,MEDIO
2024,6,Jun,29023,Seabra,BA,Centro Sul Baiano,-12.9366,-41.4525,True,100.0,51,42.8,72.0,22.2,0.279,BAIXO
2024,7,Jul,29023,Seabra,BA,Centro Sul Baiano,-12.9366,-41.4525,True,100.0,120,25.1,73.0,21.9,0.352,MEDIO
2024,8,Ago,29023,Seabra,BA,Centro Sul Baiano,-12.9366,-41.4525,True,100.0,706,20.8,69.8,22.3,0.609,ALTO
2024,9,Set,29023,Seabra,BA,Centro Sul Baiano,-12.9366,-41.4525,True,100.0,470,11.2,70.0,22.4,0.611,ALTO
2024,10,Out,29023,Seabra,BA,Centro Sul Baiano,-12.9366,-41.4525,True,100.0,1101,38.2,71.2,22.4,0.563,ALTO
2024,11,Nov,29023,Seabra,BA,Centro Sul Baiano,-12.9366,-41.4525,True,100.0,221,80.3,72.9,22.2,0.295,BAIXO
2024,12,Dez,29023,Seabra,BA,Centro Sul Baiano,-12.9366,-41.4525,True,100.0,487,13.6,72.2,22.2,0.602,ALTO
2022,1,Jan,29025,Livramento do Brumado,BA,Centro Sul Baiano,-13.6097,-42.0373,True,100.0,18,127.3,68.1,25.6,0.132,BAIXO
2022,2,Fev,29025,Livramento do Brumado,BA,Centro Sul Baiano,-13.6097,-42.0373,True,100.0,14,75.5,69.7,25.6,0.233,BAIXO
2022,3,Mar,29025,Livramento do Brumado,BA,Centro Sul Baiano,-13.6097,-42.0373,True,100.0,10,22.6,69.6,25.6,0.346,MEDIO
2022,4,Abr,29025,Livramento do Brumado,BA,Centro Sul Baiano,-13.6097,-42.0373,True,100.0,22,26.7,69.3,25.6,0.34,MEDIO
2022,5,Mai,29025,Livramento do Brumado,BA,Centro Sul Baiano,-13.6097,-42.0373,True,100.0,36,5.8,70.3,25.5,0.367,MEDIO
2022,6,Jun,29025,Livramento do Brumado,BA,Centro Sul Baiano,-13.6097,-42.0373,True,100.0,135,3.0,71.8,25.6,0.36,MEDIO
2022,7,Jul,29025,Livramento do Brumado,BA,Centro Sul Baiano,-13.6097,-42.0373,True,100.0,47,4.7,71.6,25.4,0.358,MEDIO
2022,8,Ago,29025,Livramento do Brumado,BA,Centro Sul Baiano,-13.6097,-42.0373,True,100.0,74,2.1,69.4,25.4,0.371,MEDIO
2022,9,Set,29025,Livramento do Brumado,BA,Centro Sul Baiano,-13.6097,-42.0373,True,100.0,647,7.1,70.0,25.8,0.375,MEDIO
2022,10,Out,29025,Livramento do Brumado,BA,Centro Sul Baiano,-13.6097,-42.0373,True,100.0,462,8.7,69.2,25.8,0.38,MEDIO
2022,11,Nov,29025,Livramento do Brumado,BA,Centro Sul Baiano,-13.6097,-42.0373,True,100.0,88,267.1,69.2,25.6,0.077,BAIXO
2022,12,Dez,29025,Livramento do Brumado,BA,Centro Sul Baiano,-13.6097,-42.0373,True,100.0,15,231.8,68.1,25.7,0.086,BAIXO
2023,1,Jan,29025,Livramento do Brumado,BA,Centro Sul Baiano,-13.6097,-42.0373,True,100.0,15,115.4,68.1,25.6,0.166,BAIXO
2023,2,Fev,29025,Livramento do Brumado,BA,Centro Sul Baiano,-13.6097,-42.0373,True,100.0,27,12.4,69.7,25.6,0.384,MEDIO
2023,3,Mar,29025,Livramento do Brumado,BA,Centro Sul Baiano,-13.6097,-42.0373,True,100.0,16,25.7,69.6,25.6,0.348,MEDIO
2023,4,Abr,29025,Livramento do Brumado,BA,Centro Sul Baiano,-13.6097,-42.0373,True,100.0,25,57.7,69.3,25.6,0.288,BAIXO
2023,5,Mai,29025,Livramento do Brumado,BA,Centro Sul Baiano,-13.6097,-42.0373,True,100.0,44,9.3,70.3,25.5,0.393,MEDIO
2023,6,Jun,29025,Livramento do Brumado,BA,Centro Sul Baiano,-13.6097,-42.0373,True,100.0,36,3.5,71.8,25.6,0.381,MEDIO
2023,7,Jul,29025,Livramento do Brumado,BA,Centro Sul Baiano,-13.6097,-42.0373,True,100.0,71,4.0,71.6,25.4,0.4,MEDIO
2023,8,Ago,29025,Livramento do Brumado,BA,Centro Sul Baiano,-13.6097,-42.0373,True,100.0,102,10.7,69.4,25.4,0.431,MEDIO
2023,9,Set,29025,Livramento do Brumado,BA,Centro Sul Baiano,-13.6097,-42.0373,True,100.0,465,2.9,70.0,25.8,0.654,ALTO
2023,10,Out,29025,Livramento do Brumado,BA,Centro Sul Baiano,-13.6097,-42.0373,True,100.0,356,12.4,69.2,25.8,0.589,ALTO
2023,11,Nov,29025,Livramento do Brumado,BA,Centro Sul Baiano,-13.6097,-42.0373,True,100.0,220,35.1,69.2,25.6,0.455,MEDIO
2023,12,Dez,29025,Livramento do Brumado,BA,Centro Sul Baiano,-13.6097,-42.0373,True,100.0,120,60.7,68.1,25.7,0.349,MEDIO
2024,1,Jan,29025,Livramento do Brumado,BA,Centro Sul Baiano,-13.6097,-42.0373,True,100.0,56,230.7,68.1,25.6,0.117,BAIXO
2024,2,Fev,29025,Livramento do Brumado,BA,Centro Sul Baiano,-13.6097,-42.0373,True,100.0,8,150.6,69.7,25.6,0.078,BAIXO
2024,3,Mar,29025,Livramento do Brumado,BA,Centro Sul Baiano,-13.6097,-42.0373,True,100.0,36,35.3,69.6,25.6,0.34,MEDIO
2024,4,Abr,29025,Livramento do Brumado,BA,Centro Sul Baiano,-13.6097,-42.0373,True,100.0,18,49.6,69.3,25.6,0.302,MEDIO
2024,5,Mai,29025,Livramento do Brumado,BA,Centro Sul Baiano,-13.6097,-42.0373,True,100.0,49,6.3,70.3,25.5,0.396,MEDIO
2024,6,Jun,29025,Livramento do Brumado,BA,Centro Sul Baiano,-13.6097,-42.0373,True,100.0,39,5.8,71.8,25.6,0.383,MEDIO
2024,7,Jul,29025,Livramento do Brumado,BA,Centro Sul Baiano,-13.6097,-42.0373,True,100.0,45,3.9,71.6,25.4,0.385,MEDIO
2024,8,Ago,29025,Livramento do Brumado,BA,Centro Sul Baiano,-13.6097,-42.0373,True,100.0,211,3.3,69.4,25.4,0.498,MEDIO
2024,9,Set,29025,Livramento do Brumado,BA,Centro Sul Baiano,-13.6097,-42.0373,True,100.0,399,2.9,70.0,25.8,0.614,ALTO
2024,10,Out,29025,Livramento do Brumado,BA,Centro Sul Baiano,-13.6097,-42.0373,True,100.0,546,49.2,69.2,25.8,0.596,ALTO
2024,11,Nov,29025,Livramento do Brumado,BA,Centro Sul Baiano,-13.6097,-42.0373,True,100.0,97,129.5,69.2,25.6,0.179,BAIXO
2024,12,Dez,29025,Livramento do Brumado,BA,Centro Sul Baiano,-13.6097,-42.0373,True,100.0,105,45.4,68.1,25.7,0.373,MEDIO
2022,1,Jan,29026,Guanambi,BA,Centro Sul Baiano,-14.2191,-42.8892,True,89.0,94,153.5,54.5,25.6,0.168,BAIXO
2022,2,Fev,29026,Guanambi,BA,Centro Sul Baiano,-14.2191,-42.8892,True,89.0,40,105.7,57.4,25.2,0.235,BAIXO
2022,3,Mar,29026,Guanambi,BA,Centro Sul Baiano,-14.2191,-42.8892,True,89.0,124,18.0,54.8,25.6,0.449,MEDIO
2022,4,Abr,29026,Guanambi,BA,Centro Sul Baiano,-14.2191,-42.8892,True,89.0,135,25.1,54.0,25.1,0.426,MEDIO
2022,5,Mai,29026,Guanambi,BA,Centro Sul Baiano,-14.2191,-42.8892,True,89.0,136,3.1,53.7,25.5,0.471,MEDIO
2022,6,Jun,29026,Guanambi,BA,Centro Sul Baiano,-14.2191,-42.8892,True,89.0,226,1.7,54.9,25.3,0.458,MEDIO
2022,7,Jul,29026,Guanambi,BA,Centro Sul Baiano,-14.2191,-42.8892,True,89.0,156,2.1,54.4,25.4,0.464,MEDIO
2022,8,Ago,29026,Guanambi,BA,Centro Sul Baiano,-14.2191,-42.8892,True,89.0,310,1.3,53.4,25.5,0.472,MEDIO
2022,9,Set,29026,Guanambi,BA,Centro Sul Baiano,-14.2191,-42.8892,True,89.0,1517,12.3,53.0,25.5,0.47,MEDIO
2022,10,Out,29026,Guanambi,BA,Centro Sul Baiano,-14.2191,-42.8892,True,89.0,2652,8.0,54.0,25.6,0.471,MEDIO
2022,11,Nov,29026,Guanambi,BA,Centro Sul Baiano,-14.2191,-42.8892,True,89.0,272,257.3,49.1,26.3,0.219,BAIXO
2022,12,Dez,29026,Guanambi,BA,Centro Sul Baiano,-14.2191,-42.8892,True,89.0,64,216.8,52.8,26.1,0.191,BAIXO
2023,1,Jan,29026,Guanambi,BA,Centro Sul Baiano,-14.2191,-42.8892,True,89.0,50,113.9,52.4,26.6,0.314,MEDIO
2023,2,Fev,29026,Guanambi,BA,Centro Sul Baiano,-14.2191,-42.8892,True,89.0,241,5.8,50.1,26.7,0.668,ALTO
2023,3,Mar,29026,Guanambi,BA,Centro Sul Baiano,-14.2191,-42.8892,True,89.0,163,14.3,51.8,26.2,0.589,ALTO
2023,4,Abr,29026,Guanambi,BA,Centro Sul Baiano,-14.2191,-42.8892,True,89.0,150,49.6,52.2,26.0,0.498,MEDIO
2023,5,Mai,29026,Guanambi,BA,Centro Sul Baiano,-14.2191,-42.8892,True,89.0,261,7.7,51.5,25.9,0.651,ALTO
2023,6,Jun,29026,Guanambi,BA,Centro Sul Baiano,-14.2191,-42.8892,True,89.0,277,2.0,50.9,26.1,0.669,ALTO
2023,7,Jul,29026,Guanambi,BA,Centro Sul Baiano,-14.2191,-42.8892,True,89.0,295,2.1,49.7,26.2,0.69,ALTO
2023,8,Ago,29026,Guanambi,BA,Centro Sul Baiano,-14.2191,-42.8892,True,89.0,507,7.7,51.9,26.4,0.804,CRITICO
2023,9,Set,29026,Guanambi,BA,Centro Sul Baiano,-14.2191,-42.8892,True,89.0,2540,5.9,49.1,26.9,0.834,CRITICO
2023,10,Out,29026,Guanambi,BA,Centro Sul Baiano,-14.2191,-42.8892,True,89.0,2615,15.2,49.4,26.7,0.816,CRITICO
2023,11,Nov,29026,Guanambi,BA,Centro Sul Baiano,-14.2191,-42.8892,True,89.0,1044,58.8,49.9,26.7,0.72,CRITICO
2023,12,Dez,29026,Guanambi,BA,Centro Sul Baiano,-14.2191,-42.8892,True,89.0,521,89.1,50.6,26.7,0.65,ALTO
2024,1,Jan,29026,Guanambi,BA,Centro Sul Baiano,-14.2191,-42.8892,True,89.0,377,281.0,50.8,25.5,0.415,MEDIO
2024,2,Fev,29026,Guanambi,BA,Centro Sul Baiano,-14.2191,-42.8892,True,89.0,26,166.9,52.2,25.9,0.206,BAIXO
2024,3,Mar,29026,Guanambi,BA,Centro Sul Baiano,-14.2191,-42.8892,True,89.0,41,36.5,48.8,26.0,0.482,MEDIO
2024,4,Abr,29026,Guanambi,BA,Centro Sul Baiano,-14.2191,-42.8892,True,89.0,93,69.1,49.9,25.8,0.431,MEDIO
2024,5,Mai,29026,Guanambi,BA,Centro Sul Baiano,-14.2191,-42.8892,True,89.0,378,2.6,50.4,25.7,0.723,CRITICO
2024,6,Jun,29026,Guanambi,BA,Centro Sul Baiano,-14.2191,-42.8892,True,89.0,214,2.3,50.5,25.7,0.624,ALTO
2024,7,Jul,29026,Guanambi,BA,Centro Sul Baiano,-14.2191,-42.8892,True,89.0,331,2.1,50.3,26.1,0.705,CRITICO
2024,8,Ago,29026,Guanambi,BA,Centro Sul Baiano,-14.2191,-42.8892,True,89.0,630,1.5,49.4,26.2,0.815,CRITICO
2024,9,Set,29026,Guanambi,BA,Centro Sul Baiano,-14.2191,-42.8892,True,89.0,1046,3.3,46.1,26.7,0.848,CRITICO
2024,10,Out,29026,Guanambi,BA,Centro Sul Baiano,-14.2191,-42.8892,True,89.0,3069,60.3,50.0,26.4,0.708,CRITICO
2024,11,Nov,29026,Guanambi,BA,Centro Sul Baiano,-14.2191,-42.8892,True,89.0,714,159.7,50.4,26.3,0.511,ALTO
2024,12,Dez,29026,Guanambi,BA,Centro Sul Baiano,-14.2191,-42.8892,True,89.0,431,99.2,53.6,26.1,0.554,ALTO
2022,1,Jan,29027,Brumado,BA,Centro Sul Baiano,-14.5206,-41.6234,True,100.0,66,77.2,63.2,24.9,0.252,BAIXO
2022,2,Fev,29027,Brumado,BA,Centro Sul Baiano,-14.5206,-41.6234,True,100.0,48,90.7,65.9,24.5,0.196,BAIXO
2022,3,Mar,29027,Brumado,BA,Centro Sul Baiano,-14.5206,-41.6234,True,100.0,60,20.2,64.8,24.4,0.352,MEDIO
2022,4,Abr,29027,Brumado,BA,Centro Sul Baiano,-14.5206,-41.6234,True,100.0,57,35.2,65.2,23.9,0.307,MEDIO
2022,5,Mai,29027,Brumado,BA,Centro Sul Baiano,-14.5206,-41.6234,True,100.0,78,6.3,64.4,24.2,0.371,MEDIO
2022,6,Jun,29027,Brumado,BA,Centro Sul Baiano,-14.5206,-41.6234,True,100.0,140,3.9,65.2,24.1,0.364,MEDIO
2022,7,Jul,29027,Brumado,BA,Centro Sul Baiano,-14.5206,-41.6234,True,100.0,196,5.4,63.4,24.3,0.38,MEDIO
2022,8,Ago,29027,Brumado,BA,Centro Sul Baiano,-14.5206,-41.6234,True,100.0,372,1.9,63.9,24.5,0.382,MEDIO
2022,9,Set,29027,Brumado,BA,Centro Sul Baiano,-14.5206,-41.6234,True,100.0,3899,7.6,63.4,24.4,0.382,MEDIO
2022,10,Out,29027,Brumado,BA,Centro Sul Baiano,-14.5206,-41.6234,True,100.0,3972,10.6,63.7,24.5,0.382,MEDIO
2022,11,Nov,29027,Brumado,BA,Centro Sul Baiano,-14.5206,-41.6234,True,100.0,256,252.0,60.9,25.0,0.113,BAIXO
2022,12,Dez,29027,Brumado,BA,Centro Sul Baiano,-14.5206,-41.6234,True,100.0,10,268.5,60.1,25.5,0.131,BAIXO
2023,1,Jan,29027,Brumado,BA,Centro Sul Baiano,-14.5206,-41.6234,True,100.0,54,104.7,59.8,25.9,0.272,BAIXO
2023,2,Fev,29027,Brumado,BA,Centro Sul Baiano,-14.5206,-41.6234,True,100.0,68,7.5,59.9,26.0,0.485,MEDIO
2023,3,Mar,29027,Brumado,BA,Centro Sul Baiano,-14.5206,-41.6234,True,100.0,145,12.1,60.4,25.8,0.519,ALTO
2023,4,Abr,29027,Brumado,BA,Centro Sul Baiano,-14.5206,-41.6234,True,100.0,75,100.2,60.6,25.7,0.284,BAIXO
2023,5,Mai,29027,Brumado,BA,Centro Sul Baiano,-14.5206,-41.6234,True,100.0,74,14.2,60.5,25.6,0.466,MEDIO
2023,6,Jun,29027,Brumado,BA,Centro Sul Baiano,-14.5206,-41.6234,True,100.0,186,4.6,60.2,25.6,0.544,ALTO
2023,7,Jul,29027,Brumado,BA,Centro Sul Baiano,-14.5206,-41.6234,True,100.0,305,4.9,59.9,25.5,0.615,ALTO
2023,8,Ago,29027,Brumado,BA,Centro Sul Baiano,-14.5206,-41.6234,True,100.0,769,7.5,59.8,25.6,0.735,CRITICO
2023,9,Set,29027,Brumado,BA,Centro Sul Baiano,-14.5206,-41.6234,True,100.0,4586,5.6,58.8,25.9,0.749,CRITICO
2023,10,Out,29027,Brumado,BA,Centro Sul Baiano,-14.5206,-41.6234,True,100.0,2511,11.6,60.2,25.7,0.732,CRITICO
2023,11,Nov,29027,Brumado,BA,Centro Sul Baiano,-14.5206,-41.6234,True,100.0,732,15.6,59.1,25.7,0.73,CRITICO
2023,12,Dez,29027,Brumado,BA,Centro Sul Baiano,-14.5206,-41.6234,True,100.0,550,85.6,59.1,25.8,0.582,ALTO
2024,1,Jan,29027,Brumado,BA,Centro Sul Baiano,-14.5206,-41.6234,True,100.0,183,312.5,62.9,25.6,0.225,BAIXO
2024,2,Fev,29027,Brumado,BA,Centro Sul Baiano,-14.5206,-41.6234,True,100.0,36,141.6,64.7,25.5,0.141,BAIXO
2024,3,Mar,29027,Brumado,BA,Centro Sul Baiano,-14.5206,-41.6234,True,100.0,92,43.9,63.3,25.3,0.388,MEDIO
2024,4,Abr,29027,Brumado,BA,Centro Sul Baiano,-14.5206,-41.6234,True,100.0,40,33.5,62.0,25.7,0.397,MEDIO
2024,5,Mai,29027,Brumado,BA,Centro Sul Baiano,-14.5206,-41.6234,True,100.0,157,7.1,64.8,25.3,0.49,MEDIO
2024,6,Jun,29027,Brumado,BA,Centro Sul Baiano,-14.5206,-41.6234,True,100.0,118,8.1,64.5,25.6,0.476,MEDIO
2024,7,Jul,29027,Brumado,BA,Centro Sul Baiano,-14.5206,-41.6234,True,100.0,249,4.5,64.6,25.5,0.552,ALTO
2024,8,Ago,29027,Brumado,BA,Centro Sul Baiano,-14.5206,-41.6234,True,100.0,755,2.4,62.2,25.6,0.72,CRITICO
2024,9,Set,29027,Brumado,BA,Centro Sul Baiano,-14.5206,-41.6234,True,100.0,2223,4.3,63.0,25.6,0.715,CRITICO
2024,10,Out,29027,Brumado,BA,Centro Sul Baiano,-14.5206,-41.6234,True,100.0,3880,43.6,63.8,25.8,0.643,ALTO
2024,11,Nov,29027,Brumado,BA,Centro Sul Baiano,-14.5206,-41.6234,True,100.0,336,161.1,63.9,25.7,0.313,MEDIO
2024,12,Dez,29027,Brumado,BA,Centro Sul Baiano,-14.5206,-41.6234,True,100.0,306,38.5,62.7,25.9,0.547,ALTO
2022,1,Jan,29028,Vitória da Conquista,BA,Centro Sul Baiano,-14.6527,-40.6299,True,35.0,9,81.9,86.3,20.2,0.146,BAIXO
2022,2,Fev,29028,Vitória da Conquista,BA,Centro Sul Baiano,-14.6527,-40.6299,True,35.0,3,99.2,86.9,20.1,0.109,BAIXO
2022,3,Mar,29028,Vitória da Conquista,BA,Centro Sul Baiano,-14.6527,-40.6299,True,35.0,28,35.8,82.6,20.1,0.245,BAIXO
2022,4,Abr,29028,Vitória da Conquista,BA,Centro Sul Baiano,-14.6527,-40.6299,True,35.0,11,41.6,85.0,19.6,0.232,BAIXO
2022,5,Mai,29028,Vitória da Conquista,BA,Centro Sul Baiano,-14.6527,-40.6299,True,35.0,20,12.7,84.3,19.8,0.294,BAIXO
2022,6,Jun,29028,Vitória da Conquista,BA,Centro Sul Baiano,-14.6527,-40.6299,True,35.0,42,7.9,85.6,19.7,0.3,MEDIO
2022,7,Jul,29028,Vitória da Conquista,BA,Centro Sul Baiano,-14.6527,-40.6299,True,35.0,14,20.4,84.7,20.1,0.278,BAIXO
2022,8,Ago,29028,Vitória da Conquista,BA,Centro Sul Baiano,-14.6527,-40.6299,True,35.0,110,11.3,83.8,20.3,0.297,BAIXO
2022,9,Set,29028,Vitória da Conquista,BA,Centro Sul Baiano,-14.6527,-40.6299,True,35.0,1244,13.7,84.5,20.1,0.292,BAIXO
2022,10,Out,29028,Vitória da Conquista,BA,Centro Sul Baiano,-14.6527,-40.6299,True,35.0,1136,17.0,82.4,20.4,0.285,BAIXO
2022,11,Nov,29028,Vitória da Conquista,BA,Centro Sul Baiano,-14.6527,-40.6299,True,35.0,61,228.0,78.4,21.0,0.0,BAIXO
2022,12,Dez,29028,Vitória da Conquista,BA,Centro Sul Baiano,-14.6527,-40.6299,True,35.0,0,310.1,81.1,21.0,0.0,BAIXO
2023,1,Jan,29028,Vitória da Conquista,BA,Centro Sul Baiano,-14.6527,-40.6299,True,35.0,40,96.5,80.5,21.5,0.139,BAIXO
2023,2,Fev,29028,Vitória da Conquista,BA,Centro Sul Baiano,-14.6527,-40.6299,True,35.0,122,18.5,82.6,21.3,0.355,MEDIO
2023,3,Mar,29028,Vitória da Conquista,BA,Centro Sul Baiano,-14.6527,-40.6299,True,35.0,95,22.4,82.3,20.9,0.33,MEDIO
2023,4,Abr,29028,Vitória da Conquista,BA,Centro Sul Baiano,-14.6527,-40.6299,True,35.0,66,89.0,81.8,21.2,0.17,BAIXO
2023,5,Mai,29028,Vitória da Conquista,BA,Centro Sul Baiano,-14.6527,-40.6299,True,35.0,63,28.6,83.8,21.1,0.298,BAIXO
2023,6,Jun,29028,Vitória da Conquista,BA,Centro Sul Baiano,-14.6527,-40.6299,True,35.0,67,9.6,82.3,20.6,0.34,MEDIO
2023,7,Jul,29028,Vitória da Conquista,BA,Centro Sul Baiano,-14.6527,-40.6299,True,35.0,150,18.5,84.9,20.4,0.372,MEDIO
2023,8,Ago,29028,Vitória da Conquista,BA,Centro Sul Baiano,-14.6527,-40.6299,True,35.0,672,13.2,82.2,20.7,0.593,ALTO
2023,9,Set,29028,Vitória da Conquista,BA,Centro Sul Baiano,-14.6527,-40.6299,True,35.0,2367,9.7,81.6,21.2,0.6,ALTO
2023,10,Out,29028,Vitória da Conquista,BA,Centro Sul Baiano,-14.6527,-40.6299,True,35.0,2582,21.8,80.7,20.9,0.575,ALTO
2023,11,Nov,29028,Vitória da Conquista,BA,Centro Sul Baiano,-14.6527,-40.6299,True,35.0,1305,21.9,79.9,21.0,0.574,ALTO
2023,12,Dez,29028,Vitória da Conquista,BA,Centro Sul Baiano,-14.6527,-40.6299,True,35.0,889,81.0,77.0,21.2,0.448,MEDIO
2024,1,Jan,29028,Vitória da Conquista,BA,Centro Sul Baiano,-14.6527,-40.6299,True,35.0,232,290.4,81.6,21.0,0.139,BAIXO
2024,2,Fev,29028,Vitória da Conquista,BA,Centro Sul Baiano,-14.6527,-40.6299,True,35.0,45,122.4,83.6,21.1,0.086,BAIXO
2024,3,Mar,29028,Vitória da Conquista,BA,Centro Sul Baiano,-14.6527,-40.6299,True,35.0,94,70.7,80.9,21.1,0.226,BAIXO
2024,4,Abr,29028,Vitória da Conquista,BA,Centro Sul Baiano,-14.6527,-40.6299,True,35.0,38,43.0,81.9,21.2,0.252,BAIXO
2024,5,Mai,29028,Vitória da Conquista,BA,Centro Sul Baiano,-14.6527,-40.6299,True,35.0,133,18.0,82.7,20.6,0.363,MEDIO
2024,6,Jun,29028,Vitória da Conquista,BA,Centro Sul Baiano,-14.6527,-40.6299,True,35.0,65,27.2,81.0,21.0,0.302,MEDIO
2024,7,Jul,29028,Vitória da Conquista,BA,Centro Sul Baiano,-14.6527,-40.6299,True,35.0,125,15.5,84.1,20.6,0.363,MEDIO
2024,8,Ago,29028,Vitória da Conquista,BA,Centro Sul Baiano,-14.6527,-40.6299,True,35.0,282,20.9,81.1,21.0,0.446,MEDIO
2024,9,Set,29028,Vitória da Conquista,BA,Centro Sul Baiano,-14.6527,-40.6299,True,35.0,1429,6.7,78.1,21.4,0.6,ALTO
2024,10,Out,29028,Vitória da Conquista,BA,Centro Sul Baiano,-14.6527,-40.6299,True,35.0,3426,35.5,83.2,21.1,0.545,ALTO
2024,11,Nov,29028,Vitória da Conquista,BA,Centro Sul Baiano,-14.6527,-40.6299,True,35.0,218,155.9,82.7,21.2,0.131,BAIXO
2024,12,Dez,29028,Vitória da Conquista,BA,Centro Sul Baiano,-14.6527,-40.6299,True,35.0,343,25.2,81.6,21.3,0.473,MEDIO
2022,1,Jan,31003,Januária,MG,Norte de Minas,-15.2831,-44.7446,True,38.0,3,201.8,65.3,23.5,0.061,BAIXO
2022,2,Fev,31003,Januária,MG,Norte de Minas,-15.2831,-44.7446,True,38.0,1,164.4,65.9,23.6,0.057,BAIXO
2022,3,Mar,31003,Januária,MG,Norte de Minas,-15.2831,-44.7446,True,38.0,10,9.6,67.3,23.4,0.348,MEDIO
2022,4,Abr,31003,Januária,MG,Norte de Minas,-15.2831,-44.7446,True,38.0,37,22.0,65.1,23.4,0.336,MEDIO
2022,5,Mai,31003,Januária,MG,Norte de Minas,-15.2831,-44.7446,True,38.0,79,4.2,65.6,23.6,0.359,MEDIO
2022,6,Jun,31003,Januária,MG,Norte de Minas,-15.2831,-44.7446,True,38.0,92,1.9,65.2,23.6,0.361,MEDIO
2022,7,Jul,31003,Januária,MG,Norte de Minas,-15.2831,-44.7446,True,38.0,61,1.8,64.0,23.9,0.369,MEDIO
2022,8,Ago,31003,Januária,MG,Norte de Minas,-15.2831,-44.7446,True,38.0,151,1.6,64.2,24.0,0.367,MEDIO
2022,9,Set,31003,Januária,MG,Norte de Minas,-15.2831,-44.7446,True,38.0,458,11.9,62.4,23.9,0.375,MEDIO
2022,10,Out,31003,Januária,MG,Norte de Minas,-15.2831,-44.7446,True,38.0,282,27.5,61.8,23.9,0.345,MEDIO
2022,11,Nov,31003,Januária,MG,Norte de Minas,-15.2831,-44.7446,True,38.0,36,266.3,62.2,24.1,0.083,BAIXO
2022,12,Dez,31003,Januária,MG,Norte de Minas,-15.2831,-44.7446,True,38.0,8,322.6,64.1,23.8,0.068,BAIXO
2023,1,Jan,31003,Januária,MG,Norte de Minas,-15.2831,-44.7446,True,38.0,23,219.1,61.0,25.2,0.131,BAIXO
2023,2,Fev,31003,Januária,MG,Norte de Minas,-15.2831,-44.7446,True,38.0,107,20.2,61.9,25.0,0.449,MEDIO
2023,3,Mar,31003,Januária,MG,Norte de Minas,-15.2831,-44.7446,True,38.0,68,23.0,65.4,24.3,0.38,MEDIO
2023,4,Abr,31003,Januária,MG,Norte de Minas,-15.2831,-44.7446,True,38.0,155,56.5,65.0,24.3,0.363,MEDIO
2023,5,Mai,31003,Januária,MG,Norte de Minas,-15.2831,-44.7446,True,38.0,195,3.1,62.7,24.7,0.511,ALTO
2023,6,Jun,31003,Januária,MG,Norte de Minas,-15.2831,-44.7446,True,38.0,141,2.1,62.5,24.6,0.478,MEDIO
2023,7,Jul,31003,Januária,MG,Norte de Minas,-15.2831,-44.7446,True,38.0,295,1.7,60.5,24.7,0.585,ALTO
2023,8,Ago,31003,Januária,MG,Norte de Minas,-15.2831,-44.7446,True,38.0,658,5.7,59.1,25.0,0.724,CRITICO
2023,9,Set,31003,Januária,MG,Norte de Minas,-15.2831,-44.7446,True,38.0,1835,10.7,56.6,25.6,0.754,CRITICO
2023,10,Out,31003,Januária,MG,Norte de Minas,-15.2831,-44.7446,True,38.0,1848,45.3,57.1,25.7,0.679,ALTO
2023,11,Nov,31003,Januária,MG,Norte de Minas,-15.2831,-44.7446,True,38.0,674,93.4,57.4,25.5,0.569,ALTO
2023,12,Dez,31003,Januária,MG,Norte de Minas,-15.2831,-44.7446,True,38.0,532,125.5,56.6,25.8,0.512,ALTO
2024,1,Jan,31003,Januária,MG,Norte de Minas,-15.2831,-44.7446,True,38.0,118,250.3,65.9,24.5,0.14,BAIXO
2024,2,Fev,31003,Januária,MG,Norte de Minas,-15.2831,-44.7446,True,38.0,94,206.1,66.9,24.5,0.12,BAIXO
2024,3,Mar,31003,Januária,MG,Norte de Minas,-15.2831,-44.7446,True,38.0,75,59.0,67.4,24.4,0.297,BAIXO
2024,4,Abr,31003,Januária,MG,Norte de Minas,-15.2831,-44.7446,True,38.0,117,79.1,67.6,24.1,0.271,BAIXO
2024,5,Mai,31003,Januária,MG,Norte de Minas,-15.2831,-44.7446,True,38.0,193,2.9,68.0,24.2,0.465,MEDIO
2024,6,Jun,31003,Januária,MG,Norte de Minas,-15.2831,-44.7446,True,38.0,128,2.1,67.1,24.6,0.441,MEDIO
2024,7,Jul,31003,Januária,MG,Norte de Minas,-15.2831,-44.7446,True,38.0,960,1.6,65.9,24.8,0.677,ALTO
2024,8,Ago,31003,Januária,MG,Norte de Minas,-15.2831,-44.7446,True,38.0,549,1.4,67.0,24.3,0.658,ALTO
2024,9,Set,31003,Januária,MG,Norte de Minas,-15.2831,-44.7446,True,38.0,1197,2.8,64.6,24.8,0.685,ALTO
2024,10,Out,31003,Januária,MG,Norte de Minas,-15.2831,-44.7446,True,38.0,806,106.1,66.3,24.7,0.466,MEDIO
2024,11,Nov,31003,Januária,MG,Norte de Minas,-15.2831,-44.7446,True,38.0,103,166.8,65.9,25.1,0.146,BAIXO
2024,12,Dez,31003,Januária,MG,Norte de Minas,-15.2831,-44.7446,True,38.0,241,152.3,65.6,25.0,0.228,BAIXO
2022,1,Jan,31004,Janaúba,MG,Norte de Minas,-15.4064,-43.2101,True,92.0,75,144.4,59.7,24.7,0.125,BAIXO
2022,2,Fev,31004,Janaúba,MG,Norte de Minas,-15.4064,-43.2101,True,92.0,15,134.9,60.9,24.4,0.13,BAIXO
2022,3,Mar,31004,Janaúba,MG,Norte de Minas,-15.4064,-43.2101,True,92.0,110,10.7,59.9,24.3,0.4,MEDIO
2022,4,Abr,31004,Janaúba,MG,Norte de Minas,-15.4064,-43.2101,True,92.0,106,26.2,58.8,23.8,0.367,MEDIO
2022,5,Mai,31004,Janaúba,MG,Norte de Minas,-15.4064,-43.2101,True,92.0,91,1.8,56.1,24.4,0.428,MEDIO
2022,6,Jun,31004,Janaúba,MG,Norte de Minas,-15.4064,-43.2101,True,92.0,107,0.7,57.1,24.3,0.419,MEDIO
2022,7,Jul,31004,Janaúba,MG,Norte de Minas,-15.4064,-43.2101,True,92.0,240,1.2,56.2,24.6,0.432,MEDIO
2022,8,Ago,31004,Janaúba,MG,Norte de Minas,-15.4064,-43.2101,True,92.0,138,1.1,55.3,24.8,0.443,MEDIO
2022,9,Set,31004,Janaúba,MG,Norte de Minas,-15.4064,-43.2101,True,92.0,1108,11.5,55.2,24.9,0.443,MEDIO
2022,10,Out,31004,Janaúba,MG,Norte de Minas,-15.4064,-43.2101,True,92.0,2217,17.7,55.9,24.9,0.425,MEDIO
2022,11,Nov,31004,Janaúba,MG,Norte de Minas,-15.4064,-43.2101,True,92.0,205,288.2,54.1,25.1,0.158,BAIXO
2022,12,Dez,31004,Janaúba,MG,Norte de Minas,-15.4064,-43.2101,True,92.0,77,249.2,57.5,24.7,0.127,BAIXO
2023,1,Jan,31004,Janaúba,MG,Norte de Minas,-15.4064,-43.2101,True,92.0,53,179.2,54.0,26.5,0.226,BAIXO
2023,2,Fev,31004,Janaúba,MG,Norte de Minas,-15.4064,-43.2101,True,92.0,243,4.9,53.8,26.5,0.641,ALTO
2023,3,Mar,31004,Janaúba,MG,Norte de Minas,-15.4064,-43.2101,True,92.0,178,9.8,58.5,25.5,0.547,ALTO
2023,4,Abr,31004,Janaúba,MG,Norte de Minas,-15.4064,-43.2101,True,92.0,87,35.9,58.1,25.7,0.445,MEDIO
2023,5,Mai,31004,Janaúba,MG,Norte de Minas,-15.4064,-43.2101,True,92.0,112,3.1,56.3,26.0,0.534,ALTO
2023,6,Jun,31004,Janaúba,MG,Norte de Minas,-15.4064,-43.2101,True,92.0,321,0.8,56.1,25.8,0.656,ALTO
2023,7,Jul,31004,Janaúba,MG,Norte de Minas,-15.4064,-43.2101,True,92.0,260,1.4,54.3,25.8,0.63,ALTO
2023,8,Ago,31004,Janaúba,MG,Norte de Minas,-15.4064,-43.2101,True,92.0,358,4.2,54.1,26.0,0.695,ALTO
2023,9,Set,31004,Janaúba,MG,Norte de Minas,-15.4064,-43.2101,True,92.0,1931,7.8,50.9,26.9,0.823,CRITICO
2023,10,Out,31004,Janaúba,MG,Norte de Minas,-15.4064,-43.2101,True,92.0,1969,24.5,50.8,27.0,0.795,CRITICO
2023,11,Nov,31004,Janaúba,MG,Norte de Minas,-15.4064,-43.2101,True,92.0,735,63.4,51.4,26.7,0.701,CRITICO
2023,12,Dez,31004,Janaúba,MG,Norte de Minas,-15.4064,-43.2101,True,92.0,416,135.7,49.9,26.9,0.51,ALTO
2024,1,Jan,31004,Janaúba,MG,Norte de Minas,-15.4064,-43.2101,True,92.0,170,264.1,59.7,25.9,0.245,BAIXO
2024,2,Fev,31004,Janaúba,MG,Norte de Minas,-15.4064,-43.2101,True,92.0,455,218.4,63.6,25.4,0.379,MEDIO
2024,3,Mar,31004,Janaúba,MG,Norte de Minas,-15.4064,-43.2101,True,92.0,103,48.3,61.5,25.4,0.399,MEDIO
2024,4,Abr,31004,Janaúba,MG,Norte de Minas,-15.4064,-43.2101,True,92.0,122,52.9,62.7,25.5,0.396,MEDIO
2024,5,Mai,31004,Janaúba,MG,Norte de Minas,-15.4064,-43.2101,True,92.0,204,1.6,62.7,25.8,0.544,ALTO
2024,6,Jun,31004,Janaúba,MG,Norte de Minas,-15.4064,-43.2101,True,92.0,203,1.1,61.2,25.9,0.556,ALTO
2024,7,Jul,31004,Janaúba,MG,Norte de Minas,-15.4064,-43.2101,True,92.0,198,1.3,61.4,26.1,0.556,ALTO
2024,8,Ago,31004,Janaúba,MG,Norte de Minas,-15.4064,-43.2101,True,92.0,355,1.3,62.1,25.6,0.634,ALTO
2024,9,Set,31004,Janaúba,MG,Norte de Minas,-15.4064,-43.2101,True,92.0,747,3.8,61.0,25.9,0.735,CRITICO
2024,10,Out,31004,Janaúba,MG,Norte de Minas,-15.4064,-43.2101,True,92.0,1559,89.1,63.2,25.4,0.539,ALTO
2024,11,Nov,31004,Janaúba,MG,Norte de Minas,-15.4064,-43.2101,True,92.0,348,158.3,61.3,26.0,0.344,MEDIO
2024,12,Dez,31004,Janaúba,MG,Norte de Minas,-15.4064,-43.2101,True,92.0,173,142.3,60.6,26.2,0.265,BAIXO
2022,1,Jan,31007,Montes Claros,MG,Norte de Minas,-16.3304,-44.064,True,32.0,13,199.4,58.1,22.9,0.106,BAIXO
2022,2,Fev,31007,Montes Claros,MG,Norte de Minas,-16.3304,-44.064,True,32.0,1,157.8,58.2,23.2,0.105,BAIXO
2022,3,Mar,31007,Montes Claros,MG,Norte de Minas,-16.3304,-44.064,True,32.0,36,7.7,58.0,22.9,0.406,MEDIO
2022,4,Abr,31007,Montes Claros,MG,Norte de Minas,-16.3304,-44.064,True,32.0,13,32.4,58.2,22.5,0.357,MEDIO
2022,5,Mai,31007,Montes Claros,MG,Norte de Minas,-16.3304,-44.064,True,32.0,20,4.5,56.7,23.2,0.414,MEDIO
2022,6,Jun,31007,Montes Claros,MG,Norte de Minas,-16.3304,-44.064,True,32.0,9,2.1,56.8,23.0,0.414,MEDIO
2022,7,Jul,31007,Montes Claros,MG,Norte de Minas,-16.3304,-44.064,True,32.0,18,1.8,55.5,23.4,0.422,MEDIO
2022,8,Ago,31007,Montes Claros,MG,Norte de Minas,-16.3304,-44.064,True,32.0,14,1.6,55.2,23.6,0.424,MEDIO
2022,9,Set,31007,Montes Claros,MG,Norte de Minas,-16.3304,-44.064,True,32.0,151,12.3,54.1,23.8,0.426,MEDIO
2022,10,Out,31007,Montes Claros,MG,Norte de Minas,-16.3304,-44.064,True,32.0,94,41.0,54.3,23.7,0.363,MEDIO
2022,11,Nov,31007,Montes Claros,MG,Norte de Minas,-16.3304,-44.064,True,32.0,15,255.7,53.2,23.9,0.136,BAIXO
2022,12,Dez,31007,Montes Claros,MG,Norte de Minas,-16.3304,-44.064,True,32.0,0,263.5,54.5,23.9,0.128,BAIXO
2023,1,Jan,31007,Montes Claros,MG,Norte de Minas,-16.3304,-44.064,True,32.0,91,237.8,53.9,24.7,0.204,BAIXO
2023,2,Fev,31007,Montes Claros,MG,Norte de Minas,-16.3304,-44.064,True,32.0,271,10.2,55.0,24.2,0.592,ALTO
2023,3,Mar,31007,Montes Claros,MG,Norte de Minas,-16.3304,-44.064,True,32.0,309,9.3,59.1,23.5,0.585,ALTO
2023,4,Abr,31007,Montes Claros,MG,Norte de Minas,-16.3304,-44.064,True,32.0,153,47.9,57.8,23.6,0.418,MEDIO
2023,5,Mai,31007,Montes Claros,MG,Norte de Minas,-16.3304,-44.064,True,32.0,379,3.2,56.4,24.0,0.644,ALTO
2023,6,Jun,31007,Montes Claros,MG,Norte de Minas,-16.3304,-44.064,True,32.0,340,2.3,56.2,23.9,0.621,ALTO
2023,7,Jul,31007,Montes Claros,MG,Norte de Minas,-16.3304,-44.064,True,32.0,381,2.6,51.9,24.1,0.675,ALTO
2023,8,Ago,31007,Montes Claros,MG,Norte de Minas,-16.3304,-44.064,True,32.0,729,9.5,51.3,24.2,0.753,CRITICO
2023,9,Set,31007,Montes Claros,MG,Norte de Minas,-16.3304,-44.064,True,32.0,1192,11.5,49.1,25.0,0.784,CRITICO
2023,10,Out,31007,Montes Claros,MG,Norte de Minas,-16.3304,-44.064,True,32.0,1377,102.6,51.2,25.0,0.575,ALTO
2023,11,Nov,31007,Montes Claros,MG,Norte de Minas,-16.3304,-44.064,True,32.0,598,109.5,50.4,25.0,0.566,ALTO
2023,12,Dez,31007,Montes Claros,MG,Norte de Minas,-16.3304,-44.064,True,32.0,478,131.4,49.2,25.3,0.52,ALTO
2024,1,Jan,31007,Montes Claros,MG,Norte de Minas,-16.3304,-44.064,True,32.0,115,282.6,57.8,24.1,0.179,BAIXO
2024,2,Fev,31007,Montes Claros,MG,Norte de Minas,-16.3304,-44.064,True,32.0,143,266.4,60.3,23.8,0.178,BAIXO
2024,3,Mar,31007,Montes Claros,MG,Norte de Minas,-16.3304,-44.064,True,32.0,230,42.1,58.3,24.1,0.476,MEDIO
2024,4,Abr,31007,Montes Claros,MG,Norte de Minas,-16.3304,-44.064,True,32.0,207,76.1,57.8,24.1,0.393,MEDIO
2024,5,Mai,31007,Montes Claros,MG,Norte de Minas,-16.3304,-44.064,True,32.0,355,3.7,57.7,24.4,0.631,ALTO
2024,6,Jun,31007,Montes Claros,MG,Norte de Minas,-16.3304,-44.064,True,32.0,325,2.1,57.4,24.4,0.615,ALTO
2024,7,Jul,31007,Montes Claros,MG,Norte de Minas,-16.3304,-44.064,True,32.0,641,1.8,57.0,24.3,0.72,CRITICO
2024,8,Ago,31007,Montes Claros,MG,Norte de Minas,-16.3304,-44.064,True,32.0,715,1.6,57.4,24.1,0.712,CRITICO
2024,9,Set,31007,Montes Claros,MG,Norte de Minas,-16.3304,-44.064,True,32.0,1124,3.1,57.4,24.4,0.72,CRITICO
2024,10,Out,31007,Montes Claros,MG,Norte de Minas,-16.3304,-44.064,True,32.0,891,101.5,58.2,24.5,0.521,ALTO
2024,11,Nov,31007,Montes Claros,MG,Norte de Minas,-16.3304,-44.064,True,32.0,225,186.5,57.7,24.8,0.263,BAIXO
2024,12,Dez,31007,Montes Claros,MG,Norte de Minas,-16.3304,-44.064,True,32.0,170,157.6,56.6,24.7,0.234,BAIXO
